city,lat,lng,country,population,avg_food_cost,avg_hotel_cost,avg_travel_cost,tourism_rating,attraction_points
Tokyo,35.687,139.7495,Japan,37785000,115.67,279.54,86.75,2.14,"Obunko Fuzokuko (WWII air-raid shelter), Fukiage Omiya Palace, Former Imperial Guard Headquarters, Inuimon Gate, Gosho (Emperor's resting place)"
Jakarta,-6.175,106.8275,Indonesia,33756000,120.55,250.38,92.73,1.58,"National Monument, National Monument of Indonesia, Statue of Pangeran Diponegoro, Patung Kartini, Patung Husni Thamrin"
Delhi,28.61,77.23,India,32226000,112.37,242.04,77.8,3.08,"Amar Jawan Jyoti, India Gate, India Gate Fountain, Pandara Market, India Gate Park"
Guangzhou,23.13,113.26,China,26940000,104.13,216.27,80.1,2.3,"People's Park, 喷水池, 广州原点, 飞扬影城北京路店, 国民政府广东省政府旧址（门楼）"
Mumbai,19.0761,72.8775,India,24973000,105.76,207.6,78.34,1.14,"Kamran, King, Kalpana Cinema, Bal Hanuman Mandir, Rehmaniya Masjid"
Manila,14.5958,120.9772,Philippines,24922000,101.77,211.38,78.29,2.04,"National Press Club historical marker, Chinatown Arch, Gratitude (La Madre Filipina), Democracy (La Madre Filipina), Pacific Commercial Company Building historical marker"
Shanghai,31.2286,121.4747,China,24073000,97.68,202.88,75.14,2.84,"商悦青年会大酒店, Shanghai Concert Hall, Great World, Shanghai, Shanghai Race Club, Greater Shanghai Plan"
São Paulo,-23.5504,-46.6339,Brazil,23086000,97.59,202.69,75.07,5.34,"Number zero survey marker of the city of São Paulo, Praça da Sé, Paul the Apostle, Fiesta, Como sempre esteve, o amanhã está em nossas mãos"
Seoul,37.5667,126.9833,"Korea, South",23016000,104.22,193.56,74.45,2.58,"대만 관광청, Alexander Sergeevich Pushkin, 남대문로 한국전력 사옥, 광교 축소 복원 모형, 3d flowers"
Mexico City,19.4333,-99.1333,Mexico,21804000,96.34,200.09,74.11,2.48,"Ventana Arquel'ogica, Ventana Arquel'ogica, Ventana Arquel'ogica, Ventana Arquel'ogica, Ventana Arquel'ogica"
Kolkāta,22.5675,88.37,India,21747000,95.2,197.73,73.23,3.96,"Sealdah railway station building, Saint John's Catholic Church, Central Hall, NRS Medical College, Prachi Cinema Hall, Cossimbazar House"
Cairo,30.0444,31.2358,Egypt,20296000,98.34,193.03,72.84,1.74,"El Tahrir Square, Umar Makram  mosque, Kasr El Dobara Evangelical Church, Falaki Theater, Dubara Palace"
Karachi,24.86,67.01,Pakistan,20249000,94.56,196.4,72.74,1.16,"Saint Patrick's Cathedral, Mohatta Palace, Civil Hospital, Fire Brigade, Usman-e-Ghani"
Dhaka,23.7289,90.3944,Bangladesh,19134000,94.16,199.19,68.81,1.72,"statue of swami vivekananda, Hall Mandir, statue of gautama buddha, Shadhinotar Shonggram, Language Movement Museum"
New York,40.6943,-73.9249,United States,18832416,94.15,195.53,72.42,1.6,"South Bushwick Reformed Church, Marvin Theatre, Bobby Theater, Lyric Theater, Casino Theatre"
Beijing,39.9067,116.3975,China,18522000,94,195.22,72.3,2.42,"Battle of Peking, Changpuhe Park, Huangshicheng, Lei Feng Memorial Museum, 古筝人"
Bangkok,13.7525,100.4942,Thailand,18007000,93.2,193.57,71.69,1.82,"Bangkok City Pillar Shrine, Bangkok City Pillar Shrine Theater (free), Phra Atsada Maha Chedi, Phra Atsada Maha Chedi, Phra Atsada Maha Chedi"
Shenzhen,22.5415,114.0596,China,17619000,96.77,189.96,71.68,1.64,"Shenzhen Museum, Jiangsu Tower, Shenzhen Industrial Museum, The Museum of Contemporary Art & Planning Exhibition (MOCAPE), 龙盈乾坤"
Moscow,55.7506,37.6175,Russia,17332000,92.83,192.81,71.41,4.4,"Red Porch, Kremlin Hill, Palace of the Facets, Ivan the Great Bell Tower, Assumption Belfry"
Buenos Aires,-34.6036,-58.3814,Argentina,16710000,96.25,188.93,71.29,2.16,"Plaza de la República, Obelisco, Escudo Nacional, Bandera Nacional, El Nacional"
Lagos,6.455,3.3841,Nigeria,16637000,99.77,185.29,71.27,1.8,"Shitta-Bey Mosque, Union Bank Building, Lagos Central Mosque, Tinubu Square, Water House"
Bangalore,12.9789,77.5917,India,15386000,99.72,185.19,71.23,1.52,"Ambedkar statue, Vidhana Soudha, Kengal Hanumanthaiah, Bengaluru Logo, Statue of Mahatma Gandhi"
Ho Chi Minh City,10.7756,106.7019,Vietnam,15136000,92.3,191.71,71,1.56,"Fountain, Ho Chi Minh Statue, Pedistrian Mall, Municipal Theatre, Ho Chi Minh City, Art Arcade"
Ōsaka,34.6939,135.5022,Japan,15126000,92.26,191.61,70.97,2.25,"Osaka Prefectural Nakanoshima Library, 日本の都市公園100選, Suisho Bridge, 緑の賛歌, Oebashi Bridge"
Chengdu,30.66,104.0633,China,14645000,91.36,189.75,70.28,1.88,"Chairman Mao statue, 成都博物馆, Sichuan Theatre, Sichuan Science and Technology Museum, Chengdu Huangcheng Mosque"
Istanbul,41.0136,28.955,Turkey,14441000,93.97,184.46,69.61,1.68,"Battle of Constantinople, Ayşe Sultan Çeşmesi, Hoşkadem Cami, Sun clock, 18 Sekbanlar Cami"
Tehran,35.6889,51.3897,Iran,14148000,90.49,187.94,69.61,2.06,"خانه تیمورتاش, مسجد, حسینیه, حسینیه, حسینیه"
Kinshasa,-4.3219,15.3119,Congo (Kinshasa),12836000,90.35,187.64,69.5,1.18,"Mongita, Paroisse Saint Pierre, St. Pierre, ACK Kalembelembe Voici l'homme, Eglise protestant"
Rio de Janeiro,-22.9111,-43.2056,Brazil,12592000,97.11,180.35,69.36,3.6,"Escultura Modulo 6.5 - Monumento a Integração dos Povos da América, Chafariz Dança das Águas, Guarda-corpo da Avenida Presidente Vargas, Álvaro Reis, Igreja Evangélica Brasileira"
Chennai,13.0825,80.275,India,12395000,90.12,187.16,69.32,1.88,"Chennai Central, CSI Trinity Chapel, Victoria Public Hall, Southern Railways Headquarters, Siddique Sarai"
Xi’an,34.2611,108.9422,China,12328000,90.11,187.15,69.32,2.3,"Bell Tower, 钟鼓楼广场, Xi'an Drum Tower Museum, Theater of Yisushe, Drum Tower"
Lahore,31.5497,74.3436,Pakistan,12306000,89.54,185.98,68.88,1.32,"Lava temple, Lahore fort, Old Jain Temple, Shrine of Shah Shams Qari, GOR-1, Lahore, MALL"
Chongqing,29.5637,106.5504,China,12135000,89.32,185.51,68.71,1.82,"Chongqing People's Grand Hall, 枣子岚垭, Great Hall of the People, Three Gorges Museum, Former site of Juxingcheng Bank (Chongqing)"
Los Angeles,34.1141,-118.4068,United States,11885717,95.73,177.79,68.38,2.82,"Coldwater Canyon, Franklin Canyon Park, Barbara Fine Overlook, Case Study House #21, Franklin Canyon Reservoir"
London,51.5072,-0.1275,United Kingdom,11262000,88.9,184.63,68.38,4.66,"Charing Cross, Charles I, Kilometre zero plaque, 3, Whitehall Sw1, Lampstandard Numbered 11 On Island At Head Of Northumberland Avenue"
Paris,48.8567,2.3522,France,11060000,88.85,184.54,68.35,2.74,"The Science, Siege of Paris, bataille de Lutèce, Siege of Paris, Siege of Paris"
Linyi,35.1038,118.3564,China,10820000,95.53,177.42,68.24,1.07,"临沂大剧院, 临沂市博物馆, 龙音禅院, 保利国际影城, 临沂天主教堂"
Dongguan,23.021,113.752,China,10646000,88.55,183.91,68.12,1.91,"玉兰大剧院, Dongguan Science & Technology Museum, IMAX Dome at Dongguan Science & Technology Museum, 东莞市科学技术博物馆, Dongguan Museum"
Baoding,38.874,115.464,China,10546831,88.48,183.76,68.06,1.67,"Stellar international cineplex hall, Wanda Cinema, 金台旭日, Movie World, work-study-in-France memorial site"
Hyderābād,17.3617,78.4747,India,10494000,88.38,183.56,67.98,1.94,"Charminar, Char Minar, Bhagyalaxmi Temple, Gunfoundry, Char Kaman"
Tianjin,39.1336,117.2054,China,10368000,88.36,183.51,67.97,1.42,"Jin Wan Grand theater, 原回力球馆, Former Qing dynasty post office, Former American navy Club, 渤海大楼"
Lima,-12.06,-77.0375,Peru,10320000,88.14,183.07,67.8,2.54,"Fernando Belaúnde Terry, Elisa Rodriguez Parra, Inca Garcilaso de la Vega, Palacio de la Exposición, Túpac Amaru II"
Wuhan,30.5934,114.3046,China,10251000,94.78,176.02,67.7,1.8,"Wuhan 1954 Flood Memorial, 德国驻汉口领事馆, Immaculate Conception Cathedral, Lihuangbei Road Jietou Museum, Memorial Hall of the August 7th Meeting"
Nanyang,32.9902,112.5285,China,9577771,87.94,182.64,67.64,1.82,"南阳知府衙门, 南阳影剧院, 大地电影院, 奥斯卡国际影城, 金莎娱乐中心"
Hangzhou,30.267,120.153,China,9523000,91.27,179.16,67.61,1.6,"Former Residence of Sha Menghai, 品图美术馆, 惜别白公, The Sutra Pillar of Longxing Temple in Hangzhou, Huajiachi Botanical Garden, Zhejiang University"
Nagoya,35.1833,136.9,Japan,9197000,87.83,182.42,67.56,2.26,"歩兵第六聯隊之由来, 歩兵第六聯隊之碑, 鎮魂, 清正公石曳きの像, Honmaru First South Gate"
Luanda,-8.8383,13.2344,Angola,9051000,87.82,182.4,67.55,2.16,"Mesquita Central de Luanda, Igreja Universal, Comunidade Santa Catarina de Sena - Paróquia da Sagrada Esperança, Karl Marx, Igreja Universal do Poder de Deus"
Foshan,23.0214,113.1216,China,9042500,94.44,175.39,67.46,1.82,"吴勤烈士陵园, Battle of Fatshan Creek, 东华里, 东华里古建筑群, Bell Tower"
Kuala Lumpur,3.1686,101.698,Malaysia,8911000,87.61,181.96,67.39,1.86,"Federal Cinema, Masjid Jamek Pakistan, Hoeh Beng Buddhist Temple, Ampang and Sri Petaling lines, Tatt Khalsa Diwan"
Zhoukou,33.6367,114.7014,China,8677800,87.58,181.9,67.37,2,"周口博物馆, 广电奥斯卡影院, 水灌台, 关帝庙, 周口关帝庙"
Tongshan,34.261,117.1859,China,8669000,87.37,181.46,67.21,2.07,"Obunko Fuzokuko (WWII air-raid shelter), Fukiage Omiya Palace, Former Imperial Guard Headquarters, Inuimon Gate, Gosho (Emperor's resting place)"
Hanoi,21,105.85,Vietnam,8587100,87.35,181.43,67.2,1.73,"National Monument, National Monument of Indonesia, Statue of Pangeran Diponegoro, Patung Kartini, Patung Husni Thamrin"
Chicago,41.8375,-87.6866,United States,8489066,87.21,181.12,67.08,3.23,"Amar Jawan Jyoti, India Gate, India Gate Fountain, Pandara Market, India Gate Park"
Nanjing,32.0608,118.7789,China,8422000,87.16,181.04,67.05,2.17,"People's Park, 喷水池, 广州原点, 飞扬影城北京路店, 国民政府广东省政府旧址（门楼）"
Heze,35.2343,115.4796,China,8287693,90.37,177.39,66.94,1.2,"Kamran, King, Kalpana Cinema, Bal Hanuman Mandir, Rehmaniya Masjid"
Pune,18.5203,73.8567,India,8231000,86.96,180.61,66.89,2.07,"National Press Club historical marker, Chinatown Arch, Gratitude (La Madre Filipina), Democracy (La Madre Filipina), Pacific Commercial Company Building historical marker"
Jining,35.4151,116.5871,China,8081905,86.95,180.59,66.88,2.47,"商悦青年会大酒店, Shanghai Concert Hall, Great World, Shanghai, Shanghai Race Club, Greater Shanghai Plan"
Bogotá,4.7111,-74.0722,Colombia,8034649,86.3,179.23,66.38,5.6,"Number zero survey marker of the city of São Paulo, Praça da Sé, Paul the Apostle, Fiesta, Como sempre esteve, o amanhã está em nossas mãos"
Ahmedabad,23.0225,72.5714,India,8009000,86.2,179.02,66.3,1.73,"대만 관광청, Alexander Sergeevich Pushkin, 남대문로 한국전력 사옥, 광교 축소 복원 모형, 3d flowers"
Shenyang,41.8025,123.4281,China,7964000,89.44,175.57,66.25,2.4,"Ventana Arquel'ogica, Ventana Arquel'ogica, Ventana Arquel'ogica, Ventana Arquel'ogica, Ventana Arquel'ogica"
Dar es Salaam,-6.8161,39.2803,Tanzania,7962000,86.1,178.82,66.23,4.57,"Sealdah railway station building, Saint John's Catholic Church, Central Hall, NRS Medical College, Prachi Cinema Hall, Cossimbazar House"
Khartoum,15.6031,32.5265,Sudan,7869000,92.72,168.88,69.54,1.8,"El Tahrir Square, Umar Makram  mosque, Kasr El Dobara Evangelical Church, Falaki Theater, Dubara Palace"
Johannesburg,-26.2044,28.0456,South Africa,7860781,92.51,171.81,66.08,1.13,"Saint Patrick's Cathedral, Mohatta Palace, Civil Hospital, Fire Brigade, Usman-e-Ghani"
Fuyang,32.89,115.814,China,7599913,85.75,178.1,65.96,1.7,"statue of swami vivekananda, Hall Mandir, statue of gautama buddha, Shadhinotar Shonggram, Language Movement Museum"
Hong Kong,22.3,114.2,Hong Kong,7450000,85.69,177.97,65.92,1.67,"South Bushwick Reformed Church, Marvin Theatre, Bobby Theater, Lyric Theater, Casino Theatre"
Ganzhou,25.831,114.933,China,7396873,85.63,177.84,65.87,2.73,"Battle of Peking, Changpuhe Park, Huangshicheng, Lei Feng Memorial Museum, 古筝人"
Shangqiu,34.415,115.656,China,7325300,85.62,177.83,65.86,1.63,"Bangkok City Pillar Shrine, Bangkok City Pillar Shrine Theater (free), Phra Atsada Maha Chedi, Phra Atsada Maha Chedi, Phra Atsada Maha Chedi"
Cangzhou,38.3047,116.8387,China,7300783,91.95,170.77,65.68,1.77,"Shenzhen Museum, Jiangsu Tower, Shenzhen Industrial Museum, The Museum of Contemporary Art & Planning Exhibition (MOCAPE), 龙盈乾坤"
Riyadh,24.65,46.71,Saudi Arabia,7237000,85.34,177.24,65.65,5,"Red Porch, Kremlin Hill, Palace of the Facets, Ivan the Great Bell Tower, Assumption Belfry"
Santiago,-33.4372,-70.6506,Chile,7171000,91.81,170.5,65.58,2.13,"Plaza de la República, Obelisco, Escudo Nacional, Bandera Nacional, El Nacional"
Zhumadian,33.014,114.022,China,7008427,85.22,177,65.56,2.27,"Shitta-Bey Mosque, Union Bank Building, Lagos Central Mosque, Tinubu Square, Water House"
Zhanjiang,21.2701,110.3575,China,6981236,85.08,176.7,65.45,1.63,"Ambedkar statue, Vidhana Soudha, Kengal Hanumanthaiah, Bengaluru Logo, Statue of Mahatma Gandhi"
Rangoon,16.795,96.16,Burma,6874000,85.07,176.69,65.44,1.53,"Fountain, Ho Chi Minh Statue, Pedistrian Mall, Municipal Theatre, Ho Chi Minh City, Art Arcade"
Yancheng,33.35,120.1569,China,6709629,88.27,170.01,68.66,2.5,"Osaka Prefectural Nakanoshima Library, 日本の都市公園100選, Suisho Bridge, 緑の賛歌, Oebashi Bridge"
Bijie,27.284,105.292,China,6686100,88.24,173.2,65.36,2.03,"Chairman Mao statue, 成都博物馆, Sichuan Theatre, Sichuan Science and Technology Museum, Chengdu Huangcheng Mosque"
Xingtai,37.0717,114.5048,China,6645766,91.42,169.78,65.3,1.77,"Battle of Constantinople, Ayşe Sultan Çeşmesi, Hoşkadem Cami, Sun clock, 18 Sekbanlar Cami"
Hengyang,26.894,112.572,China,6645243,84.84,176.21,65.26,2.07,"خانه تیمورتاش, مسجد, حسینیه, حسینیه, حسینیه"
Shaoyang,27.2395,111.4679,China,6563520,91.33,169.62,65.24,1.23,"Mongita, Paroisse Saint Pierre, St. Pierre, ACK Kalembelembe Voici l'homme, Eglise protestant"
Surabaya,-7.2458,112.7378,Indonesia,6556000,84.78,176.08,65.22,3.27,"Escultura Modulo 6.5 - Monumento a Integração dos Povos da América, Chafariz Dança das Águas, Guarda-corpo da Avenida Presidente Vargas, Álvaro Reis, Igreja Evangélica Brasileira"
Sūrat,21.205,72.84,India,6538000,87.81,172.37,65.05,1.93,"Chennai Central, CSI Trinity Chapel, Victoria Public Hall, Southern Railways Headquarters, Siddique Sarai"
Quanzhou,24.8744,118.6757,China,6480000,84.48,175.46,64.99,2.5,"Bell Tower, 钟鼓楼广场, Xi'an Drum Tower Museum, Theater of Yisushe, Drum Tower"
Shangrao,28.4551,117.9431,China,6435300,90.9,168.81,64.93,1.4,"Lava temple, Lahore fort, Old Jain Temple, Shrine of Shah Shams Qari, GOR-1, Lahore, MALL"
Zunyi,27.722,107.031,China,6270700,84.39,175.28,64.92,1.8,"Chongqing People's Grand Hall, 枣子岚垭, Great Hall of the People, Three Gorges Museum, Former site of Juxingcheng Bank (Chongqing)"
Madrid,40.4169,-3.7033,Spain,6211000,84.13,174.74,64.72,2.67,"Coldwater Canyon, Franklin Canyon Park, Barbara Fine Overlook, Case Study House #21, Franklin Canyon Reservoir"
Baghdad,33.3153,44.3661,Iraq,6183000,83.99,174.44,64.61,4.9,"Charing Cross, Charles I, Kilometre zero plaque, 3, Whitehall Sw1, Lampstandard Numbered 11 On Island At Head Of Northumberland Avenue"
Maoming,21.6627,110.9255,China,6174050,90.4,167.89,64.57,2.4,"The Science, Siege of Paris, bataille de Lutèce, Siege of Paris, Siege of Paris"
Miami,25.784,-80.2101,United States,6113982,83.89,174.24,64.53,1.07,"临沂大剧院, 临沂市博物馆, 龙音禅院, 保利国际影城, 临沂天主教堂"
Xinyang,32.149,114.091,China,6109106,83.81,174.07,64.47,1.91,"玉兰大剧院, Dongguan Science & Technology Museum, IMAX Dome at Dongguan Science & Technology Museum, 东莞市科学技术博物馆, Dongguan Museum"
Houston,29.786,-95.3885,United States,6046392,90.15,167.42,64.39,1.67,"Stellar international cineplex hall, Wanda Cinema, 金台旭日, Movie World, work-study-in-France memorial site"
Singapore,1.3,103.8,Singapore,5983000,86.89,170.57,64.37,2.3,"Charminar, Char Minar, Bhagyalaxmi Temple, Gunfoundry, Char Kaman"
Prayagraj,25.4358,81.8464,India,5954391,86.88,170.53,64.35,1.5,"Jin Wan Grand theater, 原回力球馆, Former Qing dynasty post office, Former American navy Club, 渤海大楼"
Huanggang,30.4537,114.8724,China,5882719,86.65,166.87,67.39,2.7,"Fernando Belaúnde Terry, Elisa Rodriguez Parra, Inca Garcilaso de la Vega, Palacio de la Exposición, Túpac Amaru II"
Dalian,38.9,121.6,China,5871474,83.36,173.14,64.13,1.93,"Wuhan 1954 Flood Memorial, 德国驻汉口领事馆, Immaculate Conception Cathedral, Lihuangbei Road Jietou Museum, Memorial Hall of the August 7th Meeting"
Ankara,39.93,32.85,Turkey,5864049,86.51,169.81,64.08,1.82,"南阳知府衙门, 南阳影剧院, 大地电影院, 奥斯卡国际影城, 金莎娱乐中心"
Dallas,32.7935,-96.7667,United States,5843632,83.11,172.61,63.93,1.7,"Former Residence of Sha Menghai, 品图美术馆, 惜别白公, The Sutra Pillar of Longxing Temple in Hangzhou, Huajiachi Botanical Garden, Zhejiang University"
Qingdao,36.0669,120.3827,China,5818255,82.88,172.14,63.75,2.47,"歩兵第六聯隊之由来, 歩兵第六聯隊之碑, 鎮魂, 清正公石曳きの像, Honmaru First South Gate"
Yulin,22.654,110.181,China,5796766,82.88,172.13,63.75,2,"Mesquita Central de Luanda, Igreja Universal, Comunidade Santa Catarina de Sena - Paróquia da Sagrada Esperança, Karl Marx, Igreja Universal do Poder de Deus"
Liaocheng,36.4559,115.9852,China,5789863,85.94,168.7,63.66,2.1,"吴勤烈士陵园, Battle of Fatshan Creek, 东华里, 东华里古建筑群, Bell Tower"
Douala,4.05,9.7,Cameroon,5768400,85.88,165.4,66.79,1.97,"Federal Cinema, Masjid Jamek Pakistan, Hoeh Beng Buddhist Temple, Ampang and Sri Petaling lines, Tatt Khalsa Diwan"
Qujing,25.491,103.796,China,5765775,82.63,171.61,63.56,2,"周口博物馆, 广电奥斯卡影院, 水灌台, 关帝庙, 周口关帝庙"
Nangandao,35.3036,113.9268,China,5708191,82.56,171.46,63.5,1.4,"回龙窝历史文化街区, 天主教无染原罪修女院, 天主堂, 中山堂国际影城, 李可染艺术馆"
Addis Ababa,9.03,38.74,Ethiopia,5704000,88.84,164.99,63.46,1.43,"Bạch Mai, Nhà thờ Tân Lạc, Myduyky, Chùa Liên Phái, Chùa Quỳnh Lôi"
Philadelphia,40.0077,-75.1339,United States,5696588,82.27,170.88,63.29,1.13,"Hoyne Park, Washtenaw Park, Spray Feature, Grand Theatre, Midwest Theatre"
Toronto,43.7417,-79.3733,Canada,5647656,82.14,170.59,63.18,2.3,"OmniJoi International Cinema, Lumiai Cinema, Drum Tower, Nanjing Bell Tower, Zifeng Tower"
Zhengzhou,34.764,113.684,China,5621593,85.15,163.99,66.23,1,"冀鲁豫革命纪念馆, 菏泽市演武楼, 菏泽大剧院, 菏泽基督教堂, 清真寺"
Nanchong,30.8372,106.1106,China,5607565,81.91,170.11,63,1.53,"Navagraha Shani Mandir, Prem Vitthal, Shaniwar Wada Amphitheatre, Bajirao I statue, Kasba Ganpati"
Jinan,36.6702,117.0207,China,5606374,85,166.85,62.96,2.12,"济宁市博物馆, Pagoda of Chongjue Temple, 古槐, 太白楼, East Great Mosque in Jining"
Giza,29.987,31.2118,Egypt,5598402,88.08,163.58,62.91,1.07,"Procinal, San Bartolomé Apóstol, Iglesia Cristiana Carismatica Cuadrangular, Parroquia San Basilio, Parroquia San Juan Crisostomo"
Saint Petersburg,59.9375,30.3086,Russia,5597763,81.74,169.76,62.87,3.2,"Sakar 4, Sakar 2, Villa Shodhan, Gandhigram, Manek Burj"
Jieyang,23.551,116.3727,China,5577814,84.69,163.11,65.87,2.63,"Liaoning Grand Theatre, Liaoning Province Museum, Forum 66, 实胜寺, Muslim Nansi"
Dezhou,37.436,116.359,China,5568235,87.81,163.07,62.72,1.07,"Highway Platform, Vedic Church [15], Jessa Rice Mills [27], Highway Platform, Uhuru Monument"
Nairobi,-1.2864,36.8172,Kenya,5545000,81.48,169.22,62.67,1.3,"Mosque Al-Kabir, مجمع مشيخة السودان الإنجيلي, Turkish Tombs, Cinema Coliseum, Catholic church"
Guadalajara,20.6767,-103.3475,Mexico,5525000,81.46,169.18,62.66,1.77,"Empire Theatre of Varieties, Colosseum Theatre, 20th Century Theatre, Carlton Centre, Top of Africa"
Tai’an,36.202,117.087,China,5472217,81.15,168.53,62.42,1.41,"阜阳市博物馆, 奎星楼, 阜阳东关清真寺, Shuanggudui, 周庄基督教堂"
Dazhou,31.2093,107.4678,China,5385422,90.49,156.01,65.52,1.87,"Tin Chui Street Playground, The Harbourfront Landmark, North Point Vehicular Ferry Pier Playground, King's Road Playground, International Christian Assembly"
Belo Horizonte,-19.9281,-43.9419,Brazil,5328000,84.16,165.2,62.34,1.7,"赣州市历史文化与城市建设博物馆, 赣州科技馆, 赣州市博物馆, Pagoda of Ciyun Temple (Ganzhou), 赣州森林动物园"
Suzhou,33.648,116.964,China,5324476,84.1,165.08,62.29,1.18,"商字雕塑, Battle of Suiyang, 拱辰门, 宾阳门, 归德府文庙"
Monterrey,25.6844,-100.3181,Mexico,5324281,80.94,168.1,62.26,1,Cangzhou Museum
Yongzhou,26.42,111.613,China,5289824,87.15,161.85,62.25,1.5,"مسجد, King Abdul Aziz Historical Centre, National Museum of Saudi Arabia, Murabba Palace, عطلات الغازي للسياحة و السفريات"
Changde,29.031,111.699,China,5279102,80.9,168.03,62.23,4.63,"Palacio de la Real Audiencia de Santiago, Chilean National History Museum, Museo Postal y Telegráfico, Santiago Town Hall, Pedro de Valdivia"
Xiangyang,32.01,112.122,China,5260951,80.87,167.97,62.21,1,驻马店市博物馆
Atlanta,33.7628,-84.422,United States,5211164,80.87,167.96,62.21,2.27,"湛江博物馆, 广州湾商会, Арбат, 湛江市文化馆, 赤坎影剧院"
Pudong,31.2347,121.5064,China,5187200,80.8,167.8,62.15,1.13,"Mingalarbar Balloon, Zooalogical Gardens, Reptile House, King Edward VII Carnivira House, sunset pagoda and baloon"
Washington,38.9047,-77.0163,United States,5146120,86.96,161.49,62.11,1.25,"盐城大洋湾生态旅游景区, 农贸市场, 南洋镇烈士纪念园, Yellow Sea saline meadow"
Zhaotong,27.338,103.717,China,5092611,80.71,167.62,62.08,2,"Chengdu–Guiyang high-speed railway, Chengdu–Guiyang high-speed railway, Chengdu–Guiyang high-speed railway, Chengdu–Guiyang high-speed railway, Chengdu–Guiyang high-speed railway"
Zhangzhou,24.513,117.647,China,5054328,83.79,164.47,62.07,1.36,"Kaiyuan Temple, 邢台博物院, 火神庙, Roman Catholic Diocese of Shunde, Battle of Julu"
Yueyang,29.3647,113.1309,China,5051922,80.58,167.36,61.98,2.5,"Hunan–Guangxi Railway, Hunan–Guangxi Railway, 进步影城, 衡阳抗日英雄纪念碑, Hunan–Guangxi Railway"
Melbourne,-37.8142,144.9631,Australia,5031195,80.46,167.1,61.89,2.4,"邵阳北塔, Luoyang–Zhanjiang Railway, Luoyang–Zhanjiang Railway, Luoyang–Zhanjiang Railway, Luoyang–Zhanjiang Railway"
Yichun,27.816,114.417,China,5007702,80.38,166.94,61.83,1.33,"Heroes Monument, Museum Sepuluh Nopember (10. November), Bebek Tugu Pahlawan, Masjid Baitul Hamdi, Masjid Assakinah"
Abidjan,5.3364,-4.0267,Côte d’Ivoire,4980000,80.37,166.93,61.83,1.4,"ARISTRON INSTRUMENTION, Perrian.com, Umiyadham mandir, Shree Sai Ganesh Yuvak Mandal-1976, khubsaab masjid"
Guilin,25.275,110.296,China,4931137,83.36,163.64,61.75,2.7,"泉州科技与规划馆, 泉州大剧院, 天后宮, Quanzhou Estuary Docks, Zhenwu Temple"
Pingdingshan,33.7666,113.1926,China,4904701,80.25,166.68,61.73,1.93,"上饶市规划展示馆, 上饶市档案馆, 上饶市博物馆, 上饶市科技馆, 万达影城"
Alexandria,31.1975,29.8925,Egypt,4870000,80.08,166.32,61.6,1.6,"Star, 太阳山, 山王山, Zunyi Museum, 白鹤山"
Bozhou,33.8463,115.7786,China,4850657,86.1,159.91,61.5,2.48,"Fuentes gemelas, Puerta del Sol, Estatua ecuestre de Carlos III, commemorative plaque to Amador Cuesta Barrientos «Amador», Amador Cuesta Barrientos ´´AMADOR´´"
Sydney,-33.8667,151.2,Australia,4840600,79.95,166.05,61.5,1.5,"Save Iraqi Culture Monument, Concert Hall and Theater, Iraqi Cinema, البطريركية الكلدانية, معرض بغداد الدولي"
Barcelona,41.3833,2.1833,Spain,4800000,82.97,159.79,64.53,2.4,"希望之泉雕塑, 滨海绿城     好心茂名, 冼夫人, 东汇国际影城, 小东江音乐喷泉"
Yuncheng,35.0267,111.007,China,4774508,82.95,159.75,64.52,2.97,"Highland Circle Mini Park, Highway Christian Church of Christ of the Apostolic Faith, Broward Circle Park, Allapattah Mini Park, Reeves Park"
Cape Town,-33.9253,18.4239,South Africa,4770313,79.83,165.81,61.41,1.07,"地质展览馆, 规划展示馆, 百花之声, 信阳博物馆, 恒大影城"
Changsha,28.228,112.939,China,4766296,85.76,156.21,64.32,2.8,"John W. Anderson House, Stude Theatre, Bethlehem Lutheran Church, Lutheran Inner City Network Coalition, First Baptist Church Heights"
Suqian,33.963,118.275,China,4719178,82.57,162.08,61.16,1.37,"Masjid Mujahidin, Church of Our Saviour, The Fisherman of Christ Fellowship, Faith Methodist Church;Queenstown Chinese Methodist Church, Blessed Sacrament Church"
Jeddah,21.5428,39.1728,Saudi Arabia,4697000,79.5,165.11,61.15,1.27,"Chandrlok, Cemeteries in Kydganj, PRAYAG प्रयाग, New Bairhana Mosque, Gurdwara Pakki Sangat"
Weinan,34.5206,109.471,China,4688744,79.45,165.01,61.11,3,"东坡赤壁, Dongpo Chibi, 观音阁, 鄂州观音阁, 抗日无名烈士纪念碑"
Berlin,52.52,13.405,Germany,4679500,82.01,160.98,60.75,1.37,"白云山, Wanda Cinema IMAX, 莲花山, 烈士山, 孙中山雕像"
Chenzhou,25.77,113.016,China,4667134,78.92,163.9,60.7,2.27,"CerModern, Su Perileri, Muzaffer Sarıözen Anıtı, Cumhurbaşkanlığı Senfoni Orkestrası, TCDD Open Air Steam Locomotive Museum"
Jiangmen,22.5789,113.0815,China,4630300,78.84,163.76,60.65,2.43,"Buckner Park, Iglesia de Dios Munger Place, Avenue Theatre, Rita Theatre, Haskell Theatre"
Mianyang,31.468,104.679,China,4613862,78.68,163.42,60.53,1.27,"Wind Of May, 海上百米喷泉, Art Lab, Olympic Torch, Ludwig van Beethoven"
Jiujiang,29.661,115.954,China,4600276,84.49,153.9,63.37,1.67,"云天文化城, 玉林孔庙, Luoyang–Zhanjiang Railway"
Huaihua,27.5698,110.0016,China,4587594,84.44,156.82,60.31,2.09,"聊城影剧院, 护国隆兴寺, 聊城基督教堂, 卫仓, 中国运河文化博物馆"
Huanglongsi,34.795,114.345,China,4564900,84.29,153.53,63.22,3.47,"Port autonome de Douala, Roman Catholic Archdiocese of Douala, Palace, Prince Akwa, Roi Akwa"
Taizhou,32.4567,119.9229,China,4512762,78.24,162.5,60.18,2.83,"段氏与三十七部会盟碑, 石门颂, 多寶塔碑, 爨宝子碑, Guiyang-Kunming Railway"
Belāhi,26.4,86.25,India,4487379,78.22,162.46,60.17,1,"Plain Museum, 毛泽东像, 清真寺, Guandi Temple, 奥斯卡电影院"
Yibin,28.752,104.643,China,4471896,81.22,159.43,60.16,1.2,"Cinema Ras, St.Raguel Church ቅዱስ ራጉኤል ቤተ ክርስቲያን, ደብረ ኃይል ቅዱስ ራጉኤል ቤተ ክርስቲያን በ፲፱፻፵፰ ዓ.ም ተመሠረተ, Hadere mosque, Anwar Grand Mosque"
Ji’an,27.0912,114.9668,China,4469176,77.99,161.99,60,2,"Bayard Taylor Elementary School, Victory Outreach Church, Our Lady of Pompeii Church, Cadet Theater, New Cathedral Cemetery"
Yangzhou,32.3944,119.4128,China,4459760,83.75,149.56,65.81,1.43,"Armenian Emmanuel Church of the Nazarene, Bayview Family Church, Oriole-York Mills United Church, Toronto Botanical Garden, Milne Cemetery"
Kunming,25.0464,102.7094,China,4422686,80.5,158.01,59.63,1.67,"毛泽东像, 郑州北大清真寺, Erligang culture, Shang City Ruins, Erqi Memorial Tower"
Changchun,43.897,125.326,China,4408154,77.28,160.5,59.44,2.27,"南充大剧院, 清泉寺, 南充市博物馆, Chongqing–Lanzhou railway, Chongqing–Lanzhou railway"
Lu’an,31.736,116.52,China,4393699,80.22,157.47,59.42,1.07,"历下区非遗馆, 泉水豆腐博物馆, 福慧禅林, 泰山行宫（碧霞宫）遗址, 风俗馆（民国）"
Xinpu,34.5966,119.2214,China,4393482,77.07,160.07,59.29,1.97,"Al-Rahman Mosque, Aal Yasser Mosque, Mahmoud Selim Mosque, Al-Rahman Mosque, Al-Mustafa Mosque"
Langfang,39.5383,116.6835,China,4358839,79.98,156.99,59.24,3.23,"А. Захарову, Нимфы, Нимфы, Admiralty, Mikhail Ivanovich Glinka"
Boston,42.3188,-71.0852,United States,4355184,76.95,159.83,59.2,3.44,"榕江喷泉, Ancient Rongwu Temple, Jieyang Tower, Jieyang Tower Square, Jieyang Confucian Temple"
Ürümqi,43.8225,87.6125,China,4335017,76.93,159.77,59.17,2.57,"德州大剧院, 德州博物馆, Hundred Regiments Offensive, Dezhou Animal and Botanical Garden, Paduka Batara historical marker"
Suzhou,31.3,120.6194,China,4330000,76.86,159.64,59.13,1.47,"National Museums of Kenya - Nairobi Gallery, Nairobi Gallery, Freedom Corner, Central Park, Cross"
Guigang,23.112,109.599,China,4316262,79.65,153.39,61.95,1.57,"Plaza Guadalajara, Sagrario Metropolitano, Guadalajara Cathedral, Museo de Arte Sacro, Plaza Rotonda de los Jalisciences Ilustres"
Shantou,23.354,116.682,China,4312192,82.6,147.5,64.9,1.2,"film, tomb of Feng Yuxiang, Mausoleum of Mrs.Feng, 芙蓉峰, Heaven Hall Gate"
Jiangguanchi,34.037,113.852,China,4307488,76.62,159.14,58.94,1,达州市博物馆
Kabul,34.5253,69.1783,Afghanistan,4273156,76.38,158.62,58.75,2.3,"Museu da Imagem e do Som, Memorial do Ministério Público de Minas Gerais, Assembleia de Deus Templo Central, Centro de Arte Popular - Cemig, Igreja de Lourdes"
Xiaoganzhan,30.918,113.957,China,4270371,76.35,158.57,58.73,1,"宿州古城墙, 上河城喷泉, 城隍庙, 宿州基督教福音堂, 中心广场"
Bamako,12.6458,-7.9922,Mali,4227569,76.32,158.51,58.71,1.2,"Arco de la Independencia, Santisima Trinidad, Parque Cuauhtémoc, Teatro Municipal Jose Calderón, Templo de Dolores"
Kano,12,8.5167,Nigeria,4224966,79.24,155.56,58.7,2.2,"潇湘禅寺, Hunan–Guangxi Railway, Hunan–Guangxi Railway, Luoyang–Zhanjiang Railway, Luoyang–Zhanjiang Railway"
Luzhou,28.871,105.442,China,4218427,88.02,143.76,61.61,1.88,"Changde, 常德詩牆, 清真寺, 银杏树, 葵花井（明）"
Hefei,31.8206,117.2273,China,4216940,76.22,158.3,58.63,1.6,"Battle of Xiangyang, Zhenwu Shan, Xiangyang Art Theater, 老龙庙, Tiefo Tempal"
Hengshui,37.739,115.669,China,4212933,79.14,155.34,58.62,1.57,"Centenary United Methodist Church, Emmanuel Church of God, Atlanta BeltLine, Washington Park, Sims Avenue Baptist Church"
Fortaleza,-3.7275,-38.5275,Brazil,4167996,82.03,152.35,58.6,2.17,"21st Century Mansion, Pufa Tower, Pudong International Information Port, Shanghai World Financial Center, Shanghai Securities Exchange Building"
Anqing,30.5318,117.1153,China,4165284,79.07,155.22,58.57,2.5,"National Liberty Memorial, Gold Star Mothers National Monument, National Slave Memorial, Fletcher Chapel, Mount Joy Soul Saving Station"
Zhangjiakou,40.769,114.886,China,4118908,76.07,157.99,58.51,1.12,"Qinggong Pavillion, Mao Zedong Statue, 孟孝琚碑, Pavilion, 昭通市博物馆"
Zhaoqing,23.05,112.4667,China,4113594,76.01,157.87,58.47,3.11,"Zhangzhou Lin Ancestral Hall, Zhangzhou Stone Arch, Zhangzhou Confucian Temple, 文昌门, 女排三连冠纪念碑"
Shijiazhuang,38.0425,114.51,China,4098243,81.84,149.07,61.38,2.2,"Jin'e Mt, 南湖广场喷泉, Yueyang Museum, 南湖噴泉, 火炬"
Ningbo,29.8603,121.6245,China,4087523,75.96,157.76,58.43,4.67,"Bank of Melbourne, The Public Purse, Shops, 195 Elizabeth Street, Underground Public Toilets, Melbourne's GPO"
Qiqihar,47.3549,123.9182,China,4067489,75.95,157.73,58.42,2.27,"Shanghai–Kunming high-speed railway, Shanghai–Kunming high-speed railway, Shanghai–Kunming high-speed railway, Shanghai–Kunming high-speed railway, Yuanzhou Qiaolou"
Phoenix,33.5722,-112.0892,United States,4065338,75.91,157.67,58.4,1.21,"Museum of Civilizations in Ivory Coast, Mosquée Aicha, Mosquée, St. Paul's Cathedral, Roman Catholic Archdiocese of Abidjan"
Liuzhou,24.3278,109.4278,China,4041700,75.91,157.66,58.39,1.9,"Lijiang Theatre, 桂林三花酒文化博物馆, 山水画 画山水, Best Ice Cream (Only 3 Yuen for cone), Guilin Stele Forest Museum"
Chifeng,42.255,118.8825,China,4035967,75.89,157.62,58.38,1,"平顶山市文化艺术中心, 平顶山市美术馆, Pingdingshan City Planning Museum, 平顶山市博物馆, 平顶山市科技馆"
Xiaoxita,30.692,111.287,China,4017607,75.72,157.27,58.25,1.8,"Ahmed Orabi, Menasce Synagogue, Saint Mark Anglican Cathedral, Greek Catholic Church, Unknown Soldier's Tomb"
Amman,31.9497,35.9328,Jordan,4007526,81.5,151.35,58.21,3.8,"Ancient Tunnel of Bozhou, 亳州市烈士陵园, Huaxilou, 刘营站, 赵桥站"
Linfen,36.088,111.519,China,3976481,81.47,151.31,58.2,3.57,"MV Krait, HMB ENDEAVOUR, Welcome Wall, Windjammer Sailors, HMAS Onslow"
Xianyang,34.3299,108.7088,China,3959842,81.36,145.28,63.93,5.67,"Building in plaça de les Olles, 2, Font del Geni Català, Fanals Gaudí, Configuracions Urbanes: Quatre falques, Sense titol. Quatre Falques"
Chuzhou,32.256,118.333,China,3937868,75.42,156.64,58.01,2.21,"大地数字影院, 知耻力行, 劝学篇立柱, 劝学篇立柱, 岁月如故"
Kumasi,6.7,-1.625,Ghana,3903480,78.15,153.4,57.89,2.83,"Cape Town City Hall, Nelson Mandela, Statue of Edward Vll, Grand Bioscope, Grand Parade"
Zhuzhou,27.829,113.133,China,3902738,75.17,156.11,57.82,1.03,"动物实验楼, 文峰美容美发, 英才园·丰颐苑-风景阁, 美利达自行车, 得力开锁有限公司"
Taiyuan,37.8704,112.5497,China,3875053,78.04,153.19,57.81,1.03,"大拇指, 幸福堂, 楚街, 幸福蓝海国际影城（宿迁金鹰店）, 星聚汇影城"
Qingyuan,23.682,113.056,China,3874000,80.86,144.4,63.54,1.43,"Jeddah, King fahad hospital, Orbit gold factory, Masjid Al Lami, مسجد"
Meizhou,24.289,116.122,China,3873239,77.92,152.95,57.72,0,
Yiyang,28.5549,112.356,China,3851564,80.62,149.72,57.58,3.4,"Sea Life Berlin, Lutherdenkmal, Hugo Haase, Hugo Haase, Der Berliner Hostienschändungsprozess, 1510"
Nanning,22.8167,108.3275,China,3837978,77.6,152.33,57.48,1,"神农创世, 孔雀园, 湘南起义纪念塔"
Harbin,45.7576,126.6409,China,3830000,74.54,154.82,57.34,1.1,"Roman Catholic Diocese of Jiangmen, 东湖影剧院, 派的影城, Chen Baisha Temple, 江门博物馆/陈白沙纪念馆"
Loudi,27.6998,111.9944,China,3826996,77.39,151.92,57.33,1.29,"圣水寺, Shengshui Temple, 盛世重光.越王楼, Gospel Church, 龙山"
Abuja,9.0667,7.4833,Nigeria,3770000,80.22,143.25,63.03,1.2,"为人民服务, 九龙山, 梅山, 九江城市规划展示馆, 八里湖海韵沙滩"
Yokohama,35.4442,139.6381,Japan,3757630,74.41,154.55,57.24,1.97,"Shanghai–Kunming high-speed railway, Shanghai–Kunming high-speed railway, Shanghai–Kunming high-speed railway, Shanghai–Kunming high-speed railway, Shanghai–Kunming high-speed railway"
Suihua,46.654,126.969,China,3756167,74.41,154.54,57.24,1.86,"Shanshangan Assembly Hall, Daxiangguo Temple, Drum Tower, Yanqing Taoist Temple, Characteristics Street"
Binzhou,37.383,117.971,China,3748474,74.36,154.45,57.2,2.38,"Taoyuan Scenic Area, 泰州动物园, Wanghailou Scenic Area, 泰州城隍庙, 中国人民解放军海军诞生地纪念馆"
Zaozhuang,34.8109,117.3238,China,3729140,79.91,142.69,62.78,5,Raja Bali Ka Garh
Detroit,42.3834,-83.1024,United States,3716929,74.18,154.07,57.06,1.5,"Ancient City Wall, Riverside Square, Old city wall, White Tower, Jiudu Theatre"
Xiamen,24.4796,118.0889,China,3707090,74.17,154.05,57.05,1.62,"吉安市博物馆, 保利大剧院, 崇恩寺, 钟鼓楼, 白鹭洲书院"
Mashhad,36.3264,59.5433,Iran,3700000,76.96,151.07,57.01,2.53,"瘦西湖公园南门, Slender West Lake, Wenchang Pavilion, Xianhe Mosque, 文昌阁"
Montréal,45.5089,-73.5617,Canada,3675219,79.81,145.36,59.85,1.6,"Old Street Lamp, 文庙, Wenmiao, 文庙, 黄河巷杨氏公馆"
Fuzhou,26.0743,119.2964,China,3671192,74.03,153.75,56.95,1,"Changchun Fifth Road Christian Church, 宝山洋行旧址, 民国吉林省长宅邸旧址, 长春道台衙门, 高野山金刚寺旧址"
Wuhu,31.3526,118.4331,China,3644420,79.67,147.96,56.91,1.43,"Battle of Fei River, 文化馆附属剧院, West Anhui Museum, Roman Catholic Diocese of Lu’an, 南塔寺"
Medan,3.5894,98.6739,Indonesia,3632000,79.64,147.9,56.89,3.11,"Kongwang Mountain, 孔望山摩崖造像, 海清寺塔, Zhangye Drum Tower, Zhunti Temple"
Yulinshi,38.2858,109.7341,China,3624750,79.51,141.98,62.47,1,"people park, 廊坊市博物馆, 大王古庄镇"
Fuzhou,27.949,116.358,China,3614866,79.44,141.86,62.42,3.8,"Saint Mark Congregational Church, Presbyterian Church of Roxbury, Roxbury Presbyterian Church, Eliot Congregational Church, Bethel Pentecostal Church"
Wenzhou,27.9938,120.6993,China,3604446,79.42,147.5,56.73,1.63,"Urumqi City Museum, Zhenlong Pagoda, Xinjiang Geology and minerals museum, 新疆展览馆, Xinjiang Museum"
Changzhou,31.811,119.974,China,3601079,73.7,153.07,56.69,3.53,"智德之门, 江苏巡抚衙门旧址, Tianxiang Xiaozhu, Confucius, Keyuan Garden"
Puyang,35.7627,115.0292,China,3598740,73.6,152.87,56.62,1,Dapingtian Shan
Nanchang,28.683,115.858,China,3576547,73.47,152.58,56.51,1.13,"汕头市鮀岛影剧院, 香园, Shantou Science Museum, 桂园, 汕头市文化馆"
Baicheng,23.903,106.619,China,3571505,73.35,152.34,56.42,2.33,"许昌博物馆, 农耕博物馆, Chunqiu Lou, Wenfeng Pagoda, Xuchang Confucian Temple"
Seattle,47.6211,-122.3244,United States,3555253,73.3,152.23,56.38,1.63,"Battle of Kabul, Royal Palace, Presidential Arg, Tower, Tomb of Rahman Khan"
Ibadan,7.3964,3.9167,Nigeria,3552000,81.61,140.7,59.09,0,
Jiaozuo,35.2157,113.2419,China,3521078,72.9,151.4,56.07,1.7,"Bamako Grand Mosque, Ancienne mosquée, Cimetière de Niaréla, Monument de l'enfant palestinien, Monument Al Quoods"
Nādampālaiyam,11.0125,76.9714,India,3458045,78.47,140.13,61.66,1.63,"Yolawa, masallacin madaki, Babban Masallacin Juma'a (Kano Central Mosque), Kano Emir's Palace, Kano Emir's Palace, Roman Catholic Diocese of Kano"
Deyang,31.127,104.398,China,3456161,72.79,151.18,55.99,2.6,"泸州老窖旅游景区, 报恩塔, 中国酒城大剧院, 泸州市国际会展中心, Xueding Shan"
Busan,35.18,129.075,"Korea, South",3453198,75.59,148.37,55.99,1.4,"Hefei Grand Theater - Music Hall, Hefei Grand Theater - Opera Hall, 万达影城, 安徽省地质博物馆, Museum of Anhui"
Hechi,24.693,108.085,China,3417945,78.26,139.75,61.49,2.4,"Baoyun Temple, Shiji Passenger Line, Putiyuan Temple, Shiji Passenger Line, Shiji Passenger Line"
Tangshan,39.6294,118.1739,China,3399231,78.11,145.05,55.79,3.67,"Coluna da Hora, Chafariz da Coluna da Hora, Cineteatro São Luiz, Igreja de Nossa Senhora do Rosário, Palácio da Luz"
Lucknow,26.85,80.95,India,3382000,72.45,150.47,55.73,2.42,"安庆市博物馆, 安庆市城市规划展示馆, 安庆科技馆, Yingjiang Temple, 五千年文化产业园陈列馆"
San Francisco,37.7558,-122.4449,United States,3364862,77.94,141.97,58.46,1.27,"Civic Square, Civic Square, 察哈尔文化城, 毛主席塑像, Zhangjiakou–Hohhot High-Speed Railway"
Boankra,6.6919,-1.4051,Ghana,3348000,77.82,141.74,58.36,1.8,"文庙, Yuejiang Lou, 叶挺独立团团部旧址纪念馆, 肇庆市博物馆, 星岩礼堂"
Dubai,25.2631,55.2972,United Arab Emirates,3331420,72.24,150.03,55.57,1.4,"金棕榈国际影城(北国商城东尚MALL), 石家庄市博物馆, Beiguoshangcheng Station, 影乐宫, Hebei Museum"
Anshan,41.108,122.994,China,3325372,77.71,138.76,61.05,2.6,"Ningbo City Exhibition Hall, 保利剧院, CGV影城, 宁波科学探索中心, Ningbo Center"
Guozhen,34.3609,107.1751,China,3321853,77.69,141.5,58.26,1.58,"望江楼, Bukui Mosque, 齐齐哈尔市博物馆, 电业文化宫, 龙沙动植物园"
Baojishi,34.363,107.238,China,3321853,72.03,149.61,55.41,1.3,"New Hope Family Church, Trinity Lutheran Church, Native American Fellowship Assemblies of God Church, Hungarian Reform Church, Charles M. Christiansen Memorial Trail 100 Start"
Qinzhou,21.981,108.654,China,3302238,74.78,146.79,55.39,1.7,"柳州美术馆, 蟠龙山公园, 柳州奇石博物馆, Liuhou Park, Liuzhou National Museum"
Guiyang,26.647,106.63,China,3299724,74.64,146.52,55.29,1.4,"Chifeng Shi bo wu guan, Roman Catholic Diocese of Chifeng, Baofeng Temple, 桥北动物园, Hongshanhou"
Wuxi,31.5667,120.2833,China,3245179,77.38,143.71,55.27,1.75,"Battle of Xiaoting, Yichang Evacuation , Yichang Museum, Mt. Moji, 笔架山"
Kannankulam,10.52,76.21,India,3243170,71.84,149.21,55.26,1.63,"Melkite Catholic Archeparchy of Petra and Philadelphia, Patriarchal Exarchate of Jordan, Villa Abu Al Huda, Husseini Mosque, Local Market"
Caracas,10.4806,-66.9036,Venezuela,3242000,71.75,149.02,55.19,3.43,"Battle of Huoyi, 时代华纳国际影城, 鼓楼, Tiefo Temple in Linfen, Yaomiao"
Kotla Qasim Khan,32.5833,73.75,Pakistan,3219375,77.01,143.02,55.01,2.36,"咸阳钟楼, 咸阳文庙, 咸阳博物馆, 凤凰台, 安国寺"
Casablanca,33.5333,-7.5833,Morocco,3215935,71.47,148.43,54.97,2,"Langya Temple, 琅琊山国家森林公园, 南京太仆寺衙署, 菱溪湖公园大门, Langya Shan"
Hanzhong,33.0664,107.0232,China,3211462,71.46,148.41,54.97,1.3,"Kumasi Zoo, Kumasi Zoological Gardens, Central Police Church, Freeman Society Methodist Church, Christ Ambassadors Gospel International Ministries"
Shiyan,32.629,110.7987,China,3209004,74.19,145.62,54.95,1,"Steam Locomotive, Historical Railway Rolling Stock, Statue of Shennong, Shennong Tower, 殷家大岭"
Guang’an,30.4564,106.6326,China,3205476,73.94,145.15,54.77,2,"大关帝庙, 宽银幕电影院, 晋绥铁路银行旧址, 督军府旧址, 书业诚旧址"
Faisalabad,31.4167,73.0911,Pakistan,3203846,70.83,147.11,54.48,1.06,"鱼乐水族馆, 清远中影时代电影城, 渔女雕像, Confucius, Feishui Tower"
Changzhi,36.195,113.117,China,3180884,70.6,146.63,54.31,1.33,"Revolution History Memorial Hall (now closed), Ye Jianying Bronze Statue, Jiaying Opera House, 亮胜影院, 青少年科技馆"
Tongren,27.7316,109.1895,China,3168800,70.59,146.61,54.3,1.6,"Qianshou Qianyan Guanyin, 生命签证馆, 广法寺, White Deer Temple, 福源寺"
Bengbu,32.917,117.389,China,3164467,70.32,146.04,54.09,1.8,"Guangxi Science and Technology Museum, Museum of Guangxi Zhuang Autonomous Region, Zhongshan Road Night Market, 南宁建制博物馆, 城隍庙"
Leshan,29.552,103.766,China,3160168,70.05,145.49,53.88,2.13,"Wanda Cinema, Iveron chapel (Harbin), St. Nicholas Cathedral, Harbin, 苏联红军阵亡将士纪念碑, コミンテルンとの戦闘者の記念碑"
Santa Cruz de la Sierra,-17.7892,-63.1975,Bolivia,3151676,72.71,142.73,53.86,2.03,"Shanghai–Kunming high-speed railway, Shanghai–Kunming high-speed railway, Shanghai–Kunming high-speed railway, Shanghai–Kunming high-speed railway, Luoyang–Zhanjiang Railway"
Neijiang,29.5802,105.058,China,3140678,69.88,145.13,53.75,1.33,"Roman Catholic Archdiocese of Abuja, Al-Nour Mosque, Abuja National Mosque, Genesis, Unity Fountain"
Zhenjiang,32.188,119.424,China,3113384,69.74,144.84,53.65,2.17,"Yokohama City Hall, 神奈川県電気発祥の地, 港町魚市場跡, 横浜ベイスターズ優勝記念モニュメント「煌」, 駐車"
Qinhuangdao,39.8882,119.5202,China,3107400,74.95,133.84,58.89,0,
Bursa,40.1833,29.05,Turkey,3101833,72.2,141.72,53.48,3,"Dezhou–Dajiawa Railway, Dezhou–Dajiawa Railway, Dezhou–Dajiawa Railway, Dezhou–Dajiawa Railway, Dezhou–Dajiawa Railway"
Tashkent,41.3111,69.2797,Uzbekistan,3095498,69.34,144.01,53.34,1,"袁家寨山, 金牛岭, 井子峪山, 巨山, 韩龙山"
Guayaquil,-2.19,-79.8875,Ecuador,3094420,74.67,138.67,53.33,2.17,"Visitation Church, Boston Edison, Woods Cathedral Church of God in Christ, Christ Covenant Church, New St. James A.M.E. Church"
Jaipur,26.9,75.8,India,3073350,74.46,138.28,53.18,1.67,"Egret goddess, Roman Catholic Diocese of Xiamen, 日本兴亚院厦门联络部旧址, 陈黯隐居石室, Xiamen Science & Technology Museum"
Lanzhou,36.0606,103.8268,China,3067141,71.66,140.67,53.08,1.23,"Shahid Ebrahim Asghar Nezhad Cinema, KianFilm, بستان ملَّت, Sajad Mosque, Mellat Park"
Ouagadougou,12.3686,-1.5275,Burkina Faso,3063271,79.62,130.04,55.73,2.57,"Arche nord du quartier chinois, May an Old Song Open a New World, Monument-National, Hydro-Québec Building, Society for Arts and Technology"
Athens,37.9842,23.7281,Greece,3059764,74.1,132.32,58.22,2.4,"Ŭ-săng, The Aowei Church of Holy Rosary, Ŭ-ták, 明城墙遗址, Shita Temple"
San Diego,32.8313,-117.1222,United States,3057778,68.28,141.81,52.52,1.9,"芜湖市博物馆, Guangji Temple (Wuhu), The St. Jacobi Church in Wuhu, Guangji Buddhist Temple, Zhongjiang Pagoda"
Guatemala City,14.6417,-90.5133,Guatemala,3014000,68.27,141.79,52.51,1.27,"Bank Indonesia, Monumen Guru Patimpus, PT PP London Sumatera, Masjid Jamik, Proklamasi Pertama"
Kuwait City,29.3697,47.9783,Kuwait,2989000,73.47,136.44,52.48,1,"榆林城墙, 新乐门, 市展览馆, 榆林汉画像石博物馆, 榆林剧院"
Qincheng,34.5815,105.7248,China,2984659,73.44,136.39,52.46,1,"遐思, Hot Spring Town Comprehensive Cultural Station"
İzmir,38.42,27.14,Turkey,2965900,73.39,131.06,57.67,1.59,"大剧院, Science and Technology Museum, Wenzhou Museum, 年代美术馆, 校史馆"
Quezon City,14.65,121.0475,Philippines,2960048,73.37,131.02,57.65,1.27,"Changzhou Grand Theater, Changzhou Museum of Urban Planning, Changzhou History Museum, 常州美术馆, 龙泉禅寺"
Kyiv,50.45,30.5233,Ukraine,2952301,78.54,128.28,54.98,1.56,"子路墓祠, 戚城历史陈列馆, Kuaikuitai Site, Museum of Puyang, Zhongyuan Cinema"
Kottārasshēri,10.775,76.651,India,2952254,73.13,133.2,54.85,1.53,"秋水广场, 文化长廊, 提顶活动空间, 滨江步道, 江西省方志馆"
Meishan,30.0771,103.8484,China,2950545,73.06,130.46,57.4,1.64,"三口井, 音乐喷泉, 百色起义烈士纪念碑, 右江民族博物馆, 星星之火"
Incheon,37.4833,126.6333,"Korea, South",2936117,73.05,135.67,52.18,2.4,"Broadway Theatre, the Mambo, Dancer's Series: Steps, Ward House, Broadway Market Cinemas"
Ningde,26.6662,119.5477,China,2910000,73.05,133.05,54.79,1.1,"Roman Catholic Archdiocese of Ibadan, Government House Chapel, OritaMefa Baptist Church, Opeloyeru Mosque, UCH Mosque"
Zhongshan,22.517,113.3925,China,2909633,70.39,138.17,52.14,1,Yuanrong Wuai Temple
Minneapolis,44.9635,-93.2678,United States,2906807,72.93,135.45,52.1,1.13,"Anna Statue, Coimbatore Zoo, VOC Park, Rajaji Statue, Periyar Statue"
Tampa,27.9945,-82.4447,United States,2906035,70.24,137.87,52.03,1,"Bell Tower Square, Bell Tower, Pacific Cineplex, Yellow River Movie Studios, QingYiJiang Bridge"
Putian,25.4526,119.0078,China,2900000,72.66,134.94,51.9,1.07,"Gwangbok Memorial Hall, Battle of Korea Strait, 돗, 등대탑, 야외무대"
Mbuji-Mayi,-6.15,23.6,Congo (Kinshasa),2892000,72.62,134.86,51.87,1.8,"人民英雄纪念碑, Guiyang–Nanning high-speed railway, Guiyang–Nanning high-speed railway, Guiyang–Nanning high-speed railway, Guiyang–Nanning high-speed railway"
Tongliao,43.654,122.243,China,2873168,74.96,129.24,54.28,1.1,"凤凰雕像, 节振国像, Kilometre zero of Tangshan, Tangshan Anti-seismic Monument, Tangshan Earthquake Memorial"
Chaoyang,41.571,120.453,China,2872857,74.95,129.22,54.27,1.62,"Christ Church College, Sardar Patel Park, Saint Joseph Cathedral, State Museum Lucknow, Roman Catholic Diocese of Lucknow"
Hohhot,40.842,111.749,China,2866615,67.19,139.55,51.68,1.87,"Christmas Tree Point, Twin Peaks, Twin Peaks, Kite Hill, Seward Street Slides"
Pyongyang,39.0167,125.7475,"Korea, North",2863000,72.23,128.98,56.75,1.75,"Atia Kusia Kwame Shrine, Besease Traditional Shrine, Anglican, The Church of Pentecost, Bobiri Butterfly Sanctuary"
Shaoguan,24.811,113.597,China,2855131,72.2,128.93,56.73,1.73,"Dubai Museum, Al Fahidi Fort, dubai musium parking, mamno3 alsaed, Grand Mosque"
Taichung,24.1439,120.6794,Taiwan,2850285,71.99,133.7,51.42,1.17,"胜利广场, 大地数字影院, 银座商场, Yufoshan Scenic Area, 有朋自远方来"
Cali,3.4206,-76.5222,Colombia,2838333,71.92,133.57,51.37,2.27,"Shiguge, Baoji Bronze Museum, Beishouling, Baoji–Chengdu railway, Baoji–Chengdu railway"
Heyuan,23.7443,114.7002,China,2837686,74.43,128.32,53.89,2.19,"Baoji Bronze Museum, Shiguge, Beishouling, Baoji–Chengdu railway, Baoji–Chengdu railway"
Wuzhou,23.4767,111.279,China,2820977,71.69,128.01,56.32,1.7,"Qinzhou-Beihai High-Speed Railway, 钦港铁路, Qinzhou-Beihai High-Speed Railway, 钦港铁路, 铁人王进喜像"
Pretoria,-25.7461,28.1881,South Africa,2818100,76.79,125.43,53.76,1.93,"Guanshanhu Park, Guizhou Provincial Museum, 科技艺术馆, 阅山湖公园, Geological Museum of Guizhou"
Suining,30.533,105.593,China,2814196,74.18,127.9,53.72,1.13,"Wuxi National Museum of Commerce and Industry, 无锡清真寺, Qin Shicheng’s former residence, Zhang Wentian's Former Residence, 薛汇东住宅"
Omdurman,15.6835,32.4629,Sudan,2805396,71.55,130.33,53.67,1.3,"Kulassery Temple, Thekke Madham, Brahmaswam Madham, Thrupakkal Sree Mahavishnu Kshethram, Rudhiramala temple"
Weihai,37.5133,122.1205,China,2804771,74.07,127.7,53.63,1.63,"Iglesia Monte Carmelo, Iglesia La Milagrosa, Quinta Micomicona, Topo Bruzual, Cinex"
Rizhao,35.417,119.527,China,2801013,71.41,132.61,51,0,
Malang,-7.98,112.62,Indonesia,2795209,71.37,127.45,56.08,1.23,"cimetière militaire de Ben M'Sick, Mosquée Abu Bakr مسجد أبو بكر, Mosquée Hosna, Mosquée de Saquia el-Hamra, الجامع القديم"
Stuttgart,48.7775,9.18,Germany,2787724,71.25,132.32,50.89,1.5,"拜将坛, 古汉台, 汉中天主教堂, 汉中基督教会, 汉中清真寺"
Daqing,46.589,125.104,China,2781562,71.07,131.98,50.76,0,
Rome,41.8931,12.4828,Italy,2748109,73.49,126.71,53.22,1.5,"Guang'an Monorail, 少数民族特色街区"
Kaohsiung,22.615,120.2975,Taiwan,2737660,70.9,131.66,50.64,1.27,"Jama Masjid Akbar, Taj Mahal Multiplex, Nagina Cinema, First UP Church, Jamia Masjid"
Brooklyn,40.6501,-73.9496,United States,2736074,70.74,131.38,50.53,1.83,"长治市广播电影电视局, 潞州剧院, Shanxi Tax Museum, 潞安府城隍庙, 潞安府衙"
Xiangtan,27.8313,112.9454,China,2726181,70.68,131.26,50.49,0,
Bazhou,31.868,106.748,China,2712894,70.68,131.26,50.48,1.27,"Planning Museum, 博物馆, 龙湖桥头公园, 南北分界线标志, 计时计分塔"
Handan,36.601,114.487,China,2708015,67.73,132.95,50.17,2,"Giant Buddha North Gate, Leshan Giant Buddha, Lingyun Temple, 凌云山, Lingbao Pagoda"
Brisbane,-27.4678,153.0281,Australia,2706966,70.19,125.34,55.15,2.77,"Miguel Grau Seminario, Iglesia Jesús Rey De Gloria - Bolivia, Mártires Cívicos, Jorge Roca y Gumercindo Coronado, Parroquia San Martín de Porres"
Jinzhou,41.129,121.148,China,2703853,70.12,130.23,50.09,2,"Chengdu–Chongqing Intercity Railway, Chengdu–Chongqing Intercity Railway, Chengdu–Chongqing Intercity Railway, Chengdu–Chongqing Intercity Railway, Chengdu–Chongqing Intercity Railway"
Denver,39.762,-104.8758,United States,2691349,70.01,130.02,50.01,1.63,"Battle of Chinkiang, 高崇寺, 人民电影院, Zhenjiang West Railway Station, F楼"
Xinzhou,38.416,112.734,China,2689668,69.89,129.79,49.92,1.1,"Буддистский храм, Океанариум, Qinhuangdao Safari Park, Dolphin Perfomance Hall, Bi Luo Tower"
Nanping,26.6418,118.1774,China,2680645,67.29,132.09,49.84,1.23,"Alacahırka Mezarlığı, Abdal Murat Türbe Camii, Yerkapı Cami, Pınarbaşı Mezarlığı, Veledi Yaniç Cami"
Gāzipura,23.9234,90.3959,Bangladesh,2674697,72,124.14,52.14,1.6,"Amir Timur (Tamerlane), Square, The Tashkent chiming clock, Tashkent State University of Law, Tashkent State University of Law"
Shanwei,22.7872,115.3756,China,2672819,71.93,124.02,52.09,1.33,"Parque Centenario, Columna de los Próceres del 9 de octubre, Los Aurigas, Los Aurigas, Afrodita"
Maracaibo,10.6333,-71.6333,Venezuela,2658355,69.24,128.6,49.46,1.5,"Inox, Shiv Hanuman Mandir, Sawai Jai Singh II, Central Park, Ram Mandir"
Chaozhou,23.658,116.622,China,2656600,69.14,128.41,49.39,1.6,"Lanzhou Chanyuan, 新兴国际电影城, 兰州府文庙大成殿, Lanzhou Confucian Temple, Lanzhou Fu Chenghuang Miao"
Baotou,40.6213,109.9532,China,2650364,69.12,128.37,49.37,1.27,"Place des Cineastes, La vitrine du Bronze*, Cimetière Militaire Français, Flambeau de la Révolution, Mission Adventiste à Ouaga"
Longyan,25.076,117.017,China,2640000,69.04,128.21,49.31,3.27,"Kotopouli Cinema, Omonoia Square, Νεοκλασικό τριώροφο μέγαρο, Ξενοδοχείο Excelsior, Design Museum of the 20th Century, Museum of Children's Art in Plaka"
Weifang,36.708,119.162,China,2636154,71.26,122.86,51.6,1,"San Diego Christian Worship Center, Tu-Vu Drive-In, Seedtime and Harvest Church, Jesus Fellowship Church, Congregation Dor Hadash Reconstructionist Judaism"
Huai’an,33.551,119.113,China,2632788,71,122.41,51.41,1.53,"Parque Central, Altar de las niñas, Museo Arquidiocesano de Santiago de Guatemala, Catedral Metropolitana de Santiago de Guatemala, National Palace of Culture"
Zibo,36.8138,118.055,China,2631647,70.96,122.35,51.39,1.63,"Al Fanar Theatre, Imam Baqir Mosque, Imam Mahdi Mosque, Imam Hussein Mosque, Grand Mosque"
Attadappa,11.8689,75.3555,India,2615266,70.78,122.04,51.26,2,"纪信祠, 太常第, Hu's Mansion, Houjie Mosque, 孔庙"
Munich,48.1375,11.575,Germany,2606021,70.74,121.96,51.23,2.38,"Hatuniye Camii, Раскопки античной Смирны, Agora of İzmir, İzmir Women's Museum, Etz Hayim Sinagogu"
Gulou,26.0865,119.298,China,2606000,68.05,121.52,53.47,1.83,"Quezon Memorial Shrine, Quezon City Memorial Shrine Museum, Quezon National Memorial Shrine historical marker, Manuel L. Quezon historical marker, National Wildlife Rescue and Research Center"
Birmingham,52.48,-1.9025,United Kingdom,2590363,67.92,126.13,48.51,2.03,"Battle of Kiev (1943), Smoloskyp, Знак відліку відстаней, Kościół Najświętszej Maryi Panny i klasztor Benedyktynów w Kijowie, Розорення Києва 1169"
Valencia,10.1833,-68,Venezuela,2585202,70.29,121.19,50.9,1.03,"Sri Vasavi Kannika Temple, Shakthi Ganapathi Temple, Sathya Theatre, Aroma Theatre, Priya Theatre"
Damascus,33.502,36.2981,Syria,2584771,72.7,118.74,50.89,2,"三苏祠, 三苏记念馆"
Chattogram,22.335,91.8325,Bangladesh,2581643,72.65,118.66,50.86,2.13,"Battle of Inchon, 송현동성당, Sudoguksan Museum of Housing&Living, 인천 제물포고등학교 강당, 내리교회"
Brazzaville,-4.2667,15.2667,Congo (Brazzaville),2557100,70.15,120.94,50.79,1,"烏龜山, 塔山, 雙堆山, 宁德市博物馆, 玄元觀"
Yangjiang,21.857,111.983,China,2555600,72.24,118,50.57,1,"紫马岭动物园, 孙中山像, 空壳山, 三仙娘庙, 孙中山纪念馆"
Sanaa,15.3483,44.2064,Yemen,2545000,72.02,117.64,50.42,3.2,"St Paul's Lutheran Church, Straitgate Church, Colonial Theatre, Chateau Theatre, Peavey Field"
Barmhān Kalān,19.1972,72.9722,India,2537000,71.99,117.59,50.39,1.67,"Philadelphia Missionary Baptist Church, Faith Temple Church of God, Spanish Evangelical Church, New Smyrna Full Gospel Baptist Church, Hampton Terrace"
Medellín,6.2308,-75.5906,Colombia,2529403,69.56,119.94,50.37,3.29,"Temple, Xinghuafu City God Temple, Yuanmiao Temple, Dazongbo Di, Guangxiao Temple"
Dingxi,35.608,104.592,China,2524097,67.02,124.46,47.87,1,"Cathédrale Saint-Jean-Baptiste de Bonzola, Église Saint Firmin, Paroisse Catholique du Saint Sauveur, Paroisse Saint Jean Bosco, Saint Marcel"
Shaoxing,30.0511,120.5833,China,2521964,69.4,119.65,50.25,0,
Yantai,37.4646,121.4478,China,2511053,67,124.44,47.86,3.75,"Chaoyang Museum, 辽南塔, Youshun Temple, Chaoyang North Pagoda, 朝阳市双塔区博物馆"
Huizhou,23.112,114.416,China,2509243,66.81,124.07,47.72,1.9,"Inner Mongolia Art Museum, 内蒙古科技馆, Inner Mongolia Museum, 内蒙古科技馆, Meku 21-r bair"
Xuanzhou,30.939,118.759,China,2500063,69.1,119.13,50.03,2.77,"Central Botanical Garden, 반간첩투쟁전람관, Pyongyang Puppet Theater, National Drama Theatre, Korean Art Gallery"
Mirzāpur,25.146,82.569,India,2496970,69.09,119.12,50.03,2,"風采樓, Shaozhou Confucian Temple, Roman Catholic Diocese of Shaozhou, 山子背站, 犁市站"
Hamburg,53.55,10,Germany,2496600,66.71,123.88,47.65,2.03,"Roman Catholic Diocese of Taichung, Christ the Saviour Cathedral, Taichung, Start of Liuchuan Riverside Walk, 武勝宮, 柳川水岸步道"
Taipei,25.0375,121.5625,Taiwan,2494813,68.9,118.8,49.9,1.07,"Iglesia Cristiana Cuadrangular, Templo Adventista del 7 Dia la Esperanza, Iglesia Pentecostal Unida - El Jardin, Parroquia Santiago Apóstol, Iglesia de los Santos de los Ultimos Dias"
Ankang,32.6854,109.029,China,2493436,68.64,118.35,49.71,1.75,"河源市革命烈士陵园, 河源市革命烈士纪念馆, 河源市博物馆, Guifeng Pagoda, 中国古动物馆恐龙蛋馆"
Zigong,29.339,104.779,China,2489256,68.63,118.33,49.7,1.17,"寰亚影城, 蝴蝶山, 广西大学旧址, 狮卧山, 革命烈士纪念碑"
Sanming,26.2634,117.6389,China,2486450,66.21,122.96,47.29,2.1,"Paul Kruger Statue, Ou Raadsaal, Palace of Justice (South Africa), Capitol Theatre, Statue of Marthinus Wessel Pretorius"
Toluca,19.2925,-99.6569,Mexico,2476689,68.46,118.03,49.57,2,"Zhenjiangsi, Guangde Temple, Longfeng Old Town"
Huangshi,30.2011,115.039,China,2469079,68.34,117.83,49.49,1,"مسجد امبدة مربع 19, زاوية الشيخ حبيب الفوتي, مسجد امبدة 19, مسجد انصار السنة - الثورة 22, مسجد الحاجه حكيمه - الثوره الحاره ١٢"
Yaoundé,3.8667,11.5167,Cameroon,2440462,68.32,117.8,49.48,1.1,"Ворота счастья, Dingyuan, Корабль-музей, Sōng Mountain, 威海博物馆"
Zhuhai,22.2742,113.5719,China,2439585,68.05,117.32,49.27,1.29,"日照植物园, 万平口旅游度假区, 日照西站, Politech campus, 山海天旅游度假区"
Huludao,40.711,120.837,China,2434194,70.37,114.93,49.26,1.2,"Masjid An Nur, GKI, GKJW Jemaat Malang, Masjid Khadijah, Masjid Darussalam"
Baoshan,25.112,99.161,China,2431211,70.3,114.82,49.21,2.07,"Landesmuseum Württemberg, Altes Schloss, Jupitergigantensäule von Hausen an der Zaber, Willkommensrelief, Gedenkstätte für die Opfer des Nationalsozialismus"
Mecca,21.4225,39.8261,Saudi Arabia,2427924,67.86,117,49.14,2,"Daqing Science and Technology Museum, 石子滩, 露天舞台, 校史馆, 喷泉"
Vancouver,49.25,-123.1,Canada,2426160,60.79,126.26,46.76,2.27,"Musei capitolini, Statue of Pope Urban VIII, Palazzo dei Conservatori, equestrian statue of Marcus Aurelius, Capitol Square"
Lianshan,40.7523,120.828,China,2426000,65.38,121.42,46.7,1.9,"Kaohsiung Gushan Temple, 永泰路巨型金爐, Chen Jhong-he Memorial Hall, 安瀾宮, 安瀾宮"
Beirut,33.8981,35.5058,Lebanon,2421354,67.69,116.72,49.02,1.47,"Pentecostal Evangelistic Church, Granada Theatre, Tilden Airdrome, Peniel Church, Church of the Holy Cross"
Salvador,-12.9831,-38.4928,Brazil,2417678,67.66,116.66,49,1.2,"湘潭市博物馆, 霞城书院, 中国银行, 神仙塘小区, 湘潭钢铁集团有限公司"
Bucharest,44.4325,26.1039,Romania,2412530,65.16,118.69,48.87,1,"Wang Wang Mountain, 西龛山, Red Army Monument, Secret Garden, 南龛山"
Longba,33.3702,104.9603,China,2407272,67.38,116.16,48.79,2.5,"晋冀鲁豫烈士陵园, Handan, Zhao, HanDan Opera, 赵王城遗址公园"
Nāgpur,21.1497,79.0806,India,2405665,64.71,117.87,48.54,5.47,"manor apartment hotel, National Mutual Life Building, General Post Office, Pavilion Theatre, First World War Honour Board, National Australia Bank"
Queens,40.7498,-73.7976,United States,2405464,66.89,115.32,48.44,1.47,"辽沈战役纪念馆, 辽沈战役纪念碑, 锦州动物园, Guangji Temple, 广济寺塔"
Tieling,42.2237,123.726,China,2388294,66.87,115.3,48.42,1.93,"The Eye, The Hangar at Stanley, Alzheimer's Memorial, Kingdom Hall of Jehovah's Witnesses, DJIC Church of Colorado"
Yunfu,22.9152,112.0445,China,2383350,66.71,115.02,48.31,1.5,"城门楼, Jiuyuangang"
Bekasi,-6.2333,107,Indonesia,2381053,66.49,114.64,48.15,1,"金凤庵, 卧龙山安息园, 狮子山, 莲花山, 三千八百坎"
Daegu,35.8717,128.6017,"Korea, South",2376044,65.97,113.74,47.77,1,"Madrasa Mosjid মাদ্রাসা মসজিদ, Musabia Dayra Sharif, AL Nurani Jame Masjid & Madrasa, Jame Mosque, Borobazar Jame Masjid"
Ghāziābād,28.67,77.42,India,2375820,68.17,111.34,47.72,1,"海滨街人造沙滩, 白鹤寺, Yan Ancestral Hall, 马宫山, 鸡笼山"
Luoyang,34.6197,112.4539,China,2372571,65.51,112.94,47.44,1.73,"Cementerio El Cuadrado, Iglesia La Cruz, La Chiquinquirá Church, Iglesia San Ignacio de loyola, Monumento a La Chinita"
Luohe,33.5804,114.0166,China,2367490,63.19,115.1,47.39,2.1,"孔子, Qinglong Ancient Temple, Xihu south gate, 教堂, Street of Memorial Arches"
Algiers,36.7325,3.0872,Algeria,2364230,65.38,112.73,47.35,1,"赛汗塔拉生态园, ATC"
Anshun,26.2531,105.9476,China,2353100,69.78,108.05,47.27,1,"博物馆, 净慈寺, Lotus Moutain, 登高电影院, 侨声大剧院"
Huainan,32.6314,117.0194,China,2333896,65.27,112.54,47.26,1.8,"潍坊城市规划艺术馆, 潍坊市博物馆, 潍坊音乐厅, 演艺中心, 潍坊大剧院"
Depok,-6.394,106.8225,Indonesia,2330333,67.18,109.73,47.03,2.4,"Wu Chengen - Journey to the West, Former Residence of Zhou Enlai, Former Residence of Zhou Enlai, 总督漕运部院, Ciyun Temple"
Konya,37.8667,32.4833,Turkey,2320241,64.92,111.92,47.01,2.63,"People's Park, 淄博广电大剧院, 全球通电影城, Zibo-Dongying Railway, Zibo City Museum"
Haiphong,20.8651,106.6838,Vietnam,2310280,62.64,114.09,46.98,1.03,"E.K Nayanar Grave, Sangeetha, Kavitha, Payyambalam Beach, Little Kavitha"
Yanjiang,30.129,104.627,China,2308631,64.72,111.58,46.86,5.17,"Cultural heritage D-1-7835-0411 in München, Wurmeck, Cultural heritage D-1-7835-0408 in München, Thomass-Eck, Bürgerhaus"
Guangyuan,32.436,105.844,China,2305657,64.47,111.16,46.69,2.17,"Langguan Alley, Ermei Book House, Flower Lane Church, Xuanzhi Art Museum, 城守前教堂"
Baku,40.3667,49.8352,Azerbaijan,2300500,64.31,110.88,46.57,4.1,"Birmingham Design Initiative: Renaissance Award 1994, Britannia and Manufacturers, Union of the Arts and Sciences, Literature, and Commerce, Council House, Birmingham, The River, 130 Colmore Row"
Yingkou,40.625,122.219,China,2296540,64.15,110.6,46.45,1.53,"Museo Casa Páez, Casa Páez, Cathedral Basilica of Our Lady of Help, Museo Alexis Mujica, Museo de la Cultura"
Mudanjiang,44.5514,129.6329,China,2290208,61.89,112.74,46.42,1.33,"جامع الامام الذهبي, جامع الحيواطية, Kaber Ateka, سيمو, جامع عبد الرحمن بن عوف"
Riverside,33.9381,-117.3949,United States,2288508,64,110.35,46.35,1.57,"Baitul Ikram Jame Masjid, New Market Circle, BAtul Sarf Jame Masjid, Liberation Related, Theater Institute"
Fukuoka,33.59,130.4017,Japan,2286000,63.96,110.28,46.32,1.3,"Monument des AET, Cité Clairon, Jardin Zoologique de Brazzaville, Brazzaville Zoo, Residence Les Flamboyants"
Nantong,31.981,120.894,China,2261382,63.71,109.84,46.13,2.25,"万象山, 金鸡寺, 金鸡岭, Shenzhen-Zhanjiang Railway, Shenzhen-Zhanjiang Railway"
Lincang,23.884,100.089,China,2257991,63.68,109.8,46.12,1.73,"جسر الصداقة, Egyptian Army graveyard, مقبرة خزيمة, مسجد, Jami` Ishaq"
Las Vegas,36.2333,-115.2654,United States,2256509,63.59,109.63,46.04,1.07,"Nuri Baba Darga, Vandana Talkies, Gadkari Rangayatan, Ram Ganesh Gadkari Rangayatan, Shankar"
Haikou,20.0186,110.3488,China,2250000,60.95,111.01,45.71,1.3,"Iglesia Cristiana, Iglesia de Jesucristo de Los Santos de Los Últimos Días Belén, Parroquia Jesús de la Buena Esperanza, Holy Virgin, Holy Virgin"
Yuxi,24.347,102.527,China,2249502,62.81,108.3,45.49,1,"Dingxi Museum, 七台山兴云寺, Xiyan Temple, 定西城隍庙, Shiyangling"
Tangerang,-6.1703,106.6403,Indonesia,2237006,62.66,108.03,45.37,2.4,"Meishan Tourism District, Meishan, Jinghu National Urban Wetland Park, Ying'en Bridge in Shaoxing, Guangxiang Bridge"
Supaul,26.126,86.605,India,2229076,62.55,107.84,45.29,1,"黄海明珠, 竹林寺, 海昌鲸鲨馆, Ta, 栈桥"
Almaty,43.24,76.915,Kazakhstan,2228675,62.47,107.71,45.24,1.44,"Huizhou Museum, Huizhou Science and Technology Museum, Yuanmiao Temple (Huizhou), 西湖北门码头, Wong's Study Hall"
Vienna,48.2083,16.3725,Austria,2223236,62.46,107.69,45.23,3,"宛陵湖景区, National Nature Chinese Alligator Reserve, 音乐馆, Guangjiao Temple, Jing Ting Mountain"
Eşfahān,32.6653,51.6703,Iran,2219343,66.72,103.32,45.2,1,"Mirzapur Clock Tower (Indian Standard Time - GMT +5:30), Ojhala Bridge, Shiv Temple"
Xining,36.6224,101.7804,China,2208708,62.27,107.37,45.1,4.13,"Altstadt (Hamburg), Stolperstein dedicated to Albert Wienecke, Burchard-Hof, Rodewaldthaus, Evangelisch-lutherische Hauptkirche St. Jacobi"
Jincheng,35.491,112.852,China,2194545,62.27,107.36,45.09,2.1,"Taipei Civic Square, Discovery Center of Taipei, 台北龍興宮, Taipei Banner Church, Uni-President International Tower"
Baltimore,39.3051,-76.6144,United States,2189589,62.25,107.32,45.07,1.86,"安康博物馆, Yangpingguan–Ankang Railway, Yangpingguan–Ankang Railway, Yangpingguan–Ankang Railway, Yangpingguan–Ankang Railway"
Dandong,40.1167,124.3833,China,2188436,62.23,107.3,45.07,1.53,"Pacific Cineplex, 汇东影城, 校友碑, 烈士纪念碑, 秒观寺"
Yan’an,36.65,109.494,China,2187009,62.16,107.18,45.01,1.31,"公园地标, 麒麟雕像, 麒麟阁, 三明东革命烈士纪念碑, 仙人谷国家谷森林公园（北门）"
Qinbaling,35.7091,107.6436,China,2179716,61.87,106.68,44.8,1.27,"Catedral de Toluca, Museo José María Velasco, Iglesia de la Santa Veracruz, Capilla Exenta, Museo Felipe Santiago Gutierrez"
Gaoping,30.7824,106.1281,China,2174000,61.86,106.66,44.8,2.5,"黄石市博物馆, 黄石科学技术馆, 天主堂, Site of the Daye Soldiers Revolt"
Awka,6.2069,7.0678,Nigeria,2171900,61.84,106.62,44.78,1.53,"First Battle of Jaunde, Second Battle of Jaunde, Blackitude Museum, Eugène Jamot, Plus vieux bâtiment en dur de Yaoundé"
Taizhou,28.6557,121.4208,China,2162461,61.49,106.02,44.53,1.23,"小鸟乐园, Fisher Girl Statue, Zhuhai Museum, Zhuhai Grand Theatre, Xiangzhou District Culture Palace"
Ma’anshan,31.669,118.507,China,2159930,61.49,106.02,44.53,1.44,"杨利伟, 龙湾海滨风景区, 葫芦岛博物馆, Xingcheng Haibin National Park, 望海寺"
Jiamusi,46.8,130.319,China,2156505,59.33,108.07,44.5,1,"Baoshan Museum, 保山烈士陵园, 玉皇阁, 保山滇西抗日阵亡将士纪念碑, Mosque"
Perth,-31.9558,115.8597,Australia,2141834,61.37,105.8,44.44,1.63,"Corner of Yemen, Black Stone, Maqam Ibrahim, Safa, Umra Gate 40"
Gaziantep,37.0628,37.3792,Turkey,2130432,61.21,105.53,44.32,1.5,"Windsor Theatre, Vancouver Fountain Alliance Church, Fruitful Life Christian Church, Momento (Poodle), Chinese Pentecostal Church"
Phnom Penh,11.5696,104.921,Cambodia,2129371,61.19,105.5,44.31,1.33,"杨利伟, 龙湾海滨风景区, 葫芦岛博物馆, Xingcheng Haibin National Park, 望海寺"
St. Louis,38.6359,-90.2451,United States,2127843,58.79,107.08,44.09,2,"Emir Assaf Mosque, Al-Omari Grand Mosque, Samir Kassir statue, Beirut Souks, Word bank baerut belding"
Mogadishu,2.0392,45.3419,Somalia,2120000,60.86,104.94,44.07,1,"Ilê Lôba Lekú, Terreiro de Oxossi Mensageiro da Fé, Ilê Axé Orômin Odé, Igreja Batista Manancial da Vida, Terreiro de Oiassi"
Lishui,28.468,119.923,China,2116957,60.7,104.66,43.96,4.63,"Cinematograful București, Kilometrul 0, Statue of Constantin Brâncoveanu in Bucharest, Biserica ""Sf. Gheorghe - Nou"", Palatul Voaleta"
Kowloon,22.3167,114.1833,Hong Kong,2108419,60.57,104.43,43.86,2.55,"Chongqing–Lanzhou railway, 5.12主题纪念, Chongqing–Lanzhou railway, Battle of Qi Mountains, Battle of Mount Qi"
Córdoba,-31.4167,-64.1833,Argentina,2106734,60.52,104.34,43.82,1.93,"Zero Mile Stone, Zero Mile, Nagpur Central Museum, Meetha Neem Dargah, Statue of Bakht Buland Shah"
Zamboanga City,6.9042,122.0761,Philippines,2100000,60.51,104.33,43.82,1.23,"Flushing Cemetery, Annunciation of the Blessed Virgin Mary Church, Full Gospel Central Church, Shie Jih Temple, Joo Shin Church"
Rawalpindi,33.6,73.0333,Pakistan,2098231,60.24,103.87,43.63,1.14,"辽河博物馆, Lotus Lake Wetland Park, 帽山基督教堂, 铁岭市市雕, 清真寺"
Havana,23.1367,-82.3589,Cuba,2089532,60.21,103.82,43.6,1,"文笔塔遗址, 文笔山, 山茶花景观带, 云浮市博物馆, 云浮市文化馆"
Chongzuo,22.377,107.365,China,2088692,60.04,103.52,43.48,1,"Mesjid Agung Al-Barkah, Monument Perjuangan, Hok Lay Kiong, Masjid Raya Al Azhar Summarecon, Masjid Al-Muhajirin"
Portland,45.5371,-122.65,United States,2084045,59.96,103.38,43.42,1.4,"Herbhillz, Eseudigeonseoljutaek Exhibition Hall, 동인네거리 무지개분수, Gukchae-bosang Memorial Park, Redemption movement memorial Park"
Laibin,23.7501,109.2212,China,2074611,57.75,105.19,43.31,1.13,"Hapur Road Gurudwara, Cemetery at the junction of Meerut - Delhi Road, Hari Har Temple, Hari Har Mandir, shiva"
San Antonio,29.4632,-98.5238,United States,2069843,59.79,103.09,43.3,1.9,"隋唐水利设施遗址, Dingding Gate, 定鼎门遗址, Guanlin Temple, Luoyang Museum"
Vadodara,22.3,73.2,India,2065771,59.74,103,43.26,1.17,"观音阁, 银沙滩, 基督教堂, 万大庙, 文化路清真寺"
Qingyang,24.7816,118.5517,China,2061600,59.72,102.96,43.25,1.13,"Mosquée Ben Badis, المسجد العتيق القبة, Mosquée Ben Omar, Cimetière Chrétien La Croix, Mosquée Khaled Ibn El Walid"
Rājkot,22.3,70.7833,India,2043000,67.95,92.66,45.3,2.33,"银饰台, Anshun Confucian Temple, Lion Hill, 圆通寺, White Pagoda"
Shangzhou,33.8734,109.9186,China,2041231,59.67,102.88,43.21,1,"洞山, 舜耕山国家森林公园, Liu Jiashan, 煤电之星影剧院, Ferris Wheel"
Vishākhapatnam,17.7042,83.2978,India,2035922,59.47,102.54,43.06,1,"Mesjid Baitul Kamal, Mesjid Polsek, Mushola Nurul Ikhlas, GBI Kamboja, Mushola Nurussaadah"
Shengli,37.434,118.6746,China,2035338,59.05,101.8,42.76,1.4,"Battle of Iconium, Atatürk Monument, Amber Reis Cami, Şeyh Sadrettin Konevi Cami, Şeyh Sadrettin Konevi Türbesi"
Sanmenxia,34.7732,111.2004,China,2034872,58.84,101.44,42.61,1.2,"Hai Phong Museum, Roman Catholic Diocese of Hai Phòng, Hai Phong Cathedral, Hội Liên Hiệp Văn Học Nghệ Thuật Hải Phòng, Rạp Tháng Tám"
Warsaw,52.23,21.0111,Poland,2028000,58.61,101.05,42.44,2,"Chengdu–Chongqing Intercity Railway, Chengdu–Chongqing Intercity Railway, Chengdu–Chongqing Intercity Railway, Chengdu–Chongqing Intercity Railway, Chengdu–Chongqing Intercity Railway"
Gujranwala,32.1567,74.19,Pakistan,2027001,62.62,94.94,44.44,3,"Battle of Jianmenguan, Shangxiba Railway Station, Huangze Temple, Baoji–Chengdu railway, Baoji–Chengdu railway"
Hezhou,24.4042,111.5672,China,2007858,58.4,100.7,42.29,3.77,"Baku, Tahir Salahovun ev muzeyi, Old City, Beyler Mosque, Beglar Mosque"
Aleppo,36.2319,37.1681,Syria,2003671,58.3,100.51,42.21,2.5,"Roman Catholic Diocese of Yingkou, Battle of Yingkou"
Tijuana,32.525,-117.0333,Mexico,2002000,58.22,100.38,42.16,1,"八女投江纪念雕塑, 清真寺, 华夏国际电影城, 平安教会, 鸟类"
Puning,23.298,116.166,China,1998619,58.02,100.04,42.02,1.27,"Mexican Baptist Church, Catholic Engaged Encounter, Lincoln Avenue Church of Christ, Church of God of Prophecy, Saint Catherines Catholic Church"
Indore,22.7167,75.8472,India,1994397,56,101.99,42,1.7,"金印〈印文「漢委奴國王」／〉, Harmony Temple Bell, Site of Fukuoka Prefectural Government Office, Tenjin Chuo Park, イムズ"
Minsk,53.9006,27.5586,Belarus,1992862,61.64,93.46,43.75,1.23,"Nantong Zhongnan International Plaza, Caogongci, Wozifen, Maple and Azalea Garden, Medicinal Botanical Garden"
Karaj,35.8292,50.9675,Iran,1973470,55.66,101.38,41.74,1,Mangya Buddhist Temple
Kananga,-5.897,22.4488,Congo (Kinshasa),1971704,57.39,98.94,41.56,1.13,"Meadows Fellowship Foursquare Church, Kingdom Hall of Jehovahs Witnesses, Tabernacle of Praise Church, W. Wayne Bunker Family Park, West Craig Road Baptist Church"
Huaibei,33.956,116.798,China,1970265,57.11,98.46,41.36,2.9,"HNA Building, Temple of Five Lords, Five Ministers temple, Haikou City Museum, 海瑞故居"
Peshawar,34.0144,71.5675,Pakistan,1970042,54.96,100.11,41.22,2.8,"玉溪郑氏旧居, Kunming–Yuxi Railway, Kunming–Yuxi Railway, 文兴祥商号旧址, 聂耳故居"
Sacramento,38.5677,-121.4685,United States,1962998,56.82,97.96,41.14,1.1,"Taman Balai Kota Tangerang, Masjid Raya Al Azhom, Church GPIB Jemaat Samaria, Tanah Tinggi, XXI"
Sapporo,43.0619,141.3544,Japan,1959313,56.2,96.9,40.7,0,
Tilburg,51.5572,5.0911,Netherlands,1944588,63.57,86.68,42.38,1.7,"Auezov Theatre, Almaty Circus, Almaty National Circus, Cinema Towers, Мухтар Ауэзов"
Austin,30.3005,-97.7522,United States,1915031,55.62,95.9,40.28,4.33,"Maria-Magdalena-Kapelle, Virgilkapelle, Virgilkapelle, Wiener Neustädter Altar, Türkenbefreiungsdenkmal in St. Stephen's Cathedral, Vienna"
Orlando,28.4773,-81.337,United States,1913597,55.42,95.56,40.14,4.07,"Amin's House, Sheikh al-Islam House, Sheikh-ol-Islam Mosque, مسجد ابوذر, Haj NazarAli Mosque"
Davao,7.07,125.6,Philippines,1910167,60.9,87.54,41.87,1.72,"金塔寺, Night market, Mojiajie Market, Xining Market, Xining City Wall"
Songjiang,31.0058,121.2333,China,1909713,60.16,82.03,40.1,3.25,"晋城博物馆, Ming Pagoda, 碧落寺, 玉皇庙, 二仙庙"
Yinchuan,38.485,106.225,China,1901793,57.92,83.26,39.82,4.07,"United States Parcel Post Station, Buildings at 10, 12, 14, and 16 East Chase Street, Male / Female, Sharon Seventh Day Adventist Church, Male/Female"
Abhepur,39.41,116.38,India,1895686,59.44,81.05,39.62,2.33,"鴨綠江斷橋紀念售票口, Amnok(Yalu) River Broken Bridge, Amnok(Yalu) River Broken Bridge, Sino-Korean Border Point, 毛泽东"
Thāne,19.1972,72.9722,India,1886941,59.35,79.13,41.36,1.78,"中央大礼堂, Yangjialing Revolutionary Former Site, Yan'an Revolutionary Memorial Hall, Roman Catholic Diocese of Yan’an, Yan'an Revolutionary Sites"
Multan,30.1978,71.4697,Pakistan,1871843,55.47,85.88,37.57,3.5,"庆阳博物馆, North Grotto Temple"
Port Harcourt,4.8242,7.0336,Nigeria,1865000,49.8,90.71,37.35,2.27,"福音圣堂, 南充大剧院, 南充市博物馆, 清泉寺, 南充动物园"
Fushun,41.881,123.957,China,1861372,56.82,81.68,39.06,1.33,"Roman Catholic Diocese of Awka, The Lord's Chosen Charismatic Revival Church, Ifite-Awka Hill, Abagana Ambush, St Andrew' Catholic Church, Adazi Nnukwu"
Tainan,22.9833,120.1833,Taiwan,1856642,58.5,79.77,39,1.07,"台州大剧院（规划）, 新时代电影大世界, 奥斯卡激光国际影城, 佳纳国际影城(亿嘉路店), 意得国际影城"
Pingliang,35.5424,106.6649,China,1848607,56.72,81.54,39,1.1,"马鞍山大剧院, 马鞍山市博物馆, Tomb of Zhu Ran, 大华时代电影城, 幸福蓝海国际影城"
Siping,43.1668,124.3506,China,1814733,56.68,81.47,38.96,2,Apostolic Prefecture of Jiamusi
San Juan,18.3985,-66.061,Puerto Rico,1809800,58.02,79.12,38.68,4.47,"Alexander Forrest Statue, ""Kangaroos on the Terrace"" Sculpture, ""Footsteps in Time"" Sculpture, Stirling Gardens, Exchange Plaza"
Pingxiang,27.659,113.887,China,1804805,56.23,80.84,38.66,1.4,"Atatürk Heykeli, Prestij Sineması, Ömeriye Cami, Çınarlı Cami, Hasan Süzer Etnografya Müzesi"
Bhopāl,23.2599,77.4126,India,1798218,55.88,80.33,38.42,1.47,"Platinum Cineplex, Chinese tempel, Ganesha Statue, Freedom Park (Cambodia), Mongkol Vorn Pagoda"
Mosul,36.3667,43.1167,Iraq,1792000,55.5,79.78,38.16,2.97,"1907 Dorris Motor Car Company Building, Arcade Airdome, Masjid Bilal, Sanitol Building, The Church of Jesus Christ of Latter-day Saints"
Diyarbakır,37.91,40.24,Turkey,1791373,53.75,81.5,38.15,1.57,"Daljirka Dahsoon, national zoo, Mogadishu Cathedral, Arba'a Rukun Mosque, National Museum of Somalia"
Lubumbashi,-11.6647,27.4794,Congo (Kinshasa),1786397,57.12,76.16,39.81,1,"丽水大剧院, Baiyun Mountain Park, 主, 教堂, Baiyun Temple"
Benin City,6.3333,5.6222,Nigeria,1780000,53.62,81.3,38.05,1.7,"Red Light Hill, Hong Kong Housing Authority Exhibition Centre, Ma Tau Wai Service Reservoir Playground, Kau Pui Lung Road Playground, The Hong Kong Chinese Church of Christ"
Curitiba,-25.4297,-49.2719,Brazil,1773718,57.02,77.76,38.02,2.4,"Libertador General José de San Martín, Plaza San Martín, Plaza San Martin, La Docta Free Walking Tour, Capilla del Obispo Mercadillo"
San Jose,37.3012,-121.848,United States,1771563,55.21,79.36,37.96,1.6,"Zamboanga City Hall historical marker, Fish Fountain, Rizal Monument, Fish Fountain, Vicente S. Alvarez historical marker"
Shuyangzha,34.1299,118.7734,China,1770000,56.88,77.56,37.92,1.03,"Shuhada, Bilal, New Awan Town Road, Near City Center Rawalpindi, Jamia Masjid Mosque Muhammadi"
Adana,37,35.3213,Turkey,1765981,56.77,77.42,37.85,1.83,"Battle of Havana, Gran Teatro de La Habana Alicia Alonso, Teatro Tacón, Cine Payret (closed), Coche 23"
Quito,-0.22,-78.5125,Ecuador,1763275,56.76,77.4,37.84,1,"崇左市壮族博物馆, Star"
Āgra,27.18,78.02,India,1760285,56.27,76.74,37.52,4.47,"John E. G. Povey House, Hancock Street Fourplex, F. E. Bowman Apartments, Westminster Presbyterian Church, Lion and the Rose"
Peyanvilai,8.9,77.9833,India,1750176,56.11,74.81,39.11,0,
Lusaka,-15.4167,28.2833,Zambia,1747152,55.84,76.14,37.22,1.23,"Woodlawn Theatre, Centro Cultural Aztlan Galeria Expresion, Woodlawn Christian Church, Eckankar Spiritual Center of San Antonio, Mountain View Baptist Church"
Indianapolis,39.7771,-86.1458,United States,1740984,55.63,75.87,37.09,1.9,"Shree Siddhivinayak Temple, Khanderao Market, Shiva Statue, Khanderao Market, Khane Rafaiya Masjid"
Hyderabad City,25.3792,68.3683,Pakistan,1732693,53.81,77.36,37,1.93,"罗裳山, 晉江博物館, 晉江戲劇中心, Cao'an, statue of Mani in Cao'an Temple"
Pimpri-Chinchwad,18.6186,73.8037,India,1729320,55.15,75.21,36.77,1.78,"Swami nayaran tample, Hanuman Madhi, Galaxy Cinema, Cinema, Jam Tower"
Maracay,10.2469,-67.5961,Venezuela,1723236,46.64,84.96,34.98,0,
Masqaţ,23.614,58.5911,Oman,1720000,54.92,74.89,36.61,1.27,"Srikanthi Theater, Melody Theatre, Hamilton Memorial Masonic Lodge, V MAX, Trinity Lutheren Church"
Montevideo,-34.9056,-56.1842,Uruguay,1719453,54.92,74.89,36.61,2.6,"黄河三角洲动物园, Dezhou–Dajiawa Railway, Dezhou–Dajiawa Railway, Dezhou–Dajiawa Railway, Dezhou–Dajiawa Railway"
Pittsburgh,40.4397,-79.9763,United States,1712828,54.73,74.63,36.49,3,"Swan lake park, 宝轮寺塔, 窰洞"
Cincinnati,39.1413,-84.506,United States,1704916,54.69,74.57,36.46,4.72,"Warsaw Milestone, Warsaw Uprising, hotel polonia palace, Cepelia building in Warsaw, Kamienica dr. Wacława i Elli Kirszrotów"
Manhattan,40.7834,-73.9662,United States,1694263,54.68,74.56,36.45,1.03,"Lahori Gate, Tomb Of Raja Maha Singh, Sialkoti Gate, Kashmir Mehal, Gulistan Cinema"
Kansas City,39.1238,-94.5541,United States,1686807,54.59,74.43,36.39,2.38,"Hezhou Museum, Luoyang–Zhanjiang Railway, Luoyang–Zhanjiang Railway, Luoyang–Zhanjiang Railway, 临贺故城"
Budapest,47.4983,19.0408,Hungary,1686222,46.11,83.99,34.58,1.62,"جامع الأدلبي, حي الهلك, Saad bin Maaz Mosque, مسجد سعد ين معاذ, حي بستان الباشا"
Patna,25.594,85.1376,India,1684222,54.26,72.34,37.81,1.1,"Torre Agua Caliente, Logia masónica Ignacio Zaragoza, Dr. Gustavo Aubanel Vallejo, El Foro - Antiguo Palacio jai-Alai, Flying Birds"
Kampala,0.3136,32.5811,Uganda,1680600,55.79,70.56,37.74,1,"普宁影剧院, 仙师老母庙, 庄世平博物馆"
Beihai,21.481,109.12,China,1680000,54.06,73.72,36.04,1.43,"Kanch Mandir, Jain mandir, Sarafa Bazaar, Jhulelal Mandir, Sri Ram Mandir"
Sanzhou,30.82,108.4,China,1680000,54,73.64,36,4.9,"Дзяржаўны ўніверсальны магазін, Мінск, Грицевец С. И., National Bank, Niezaliežnasci Avenue 20, Minsk, ""Дрэва"""
Cleveland,41.4764,-81.6805,United States,1679247,53.62,73.12,35.75,1.73,"مسجد المهدی, مسجد امام جعفر صادق, مرکز آموزشی کوثر, Fateh Garden, مسجد حضرت ابوالفضل"
Conakry,9.5092,-13.7122,Guinea,1667864,51.89,74.59,35.67,1,"CPC Kananga1, Centre Protestant, Inades, Paroisse Universitaire Saint Marc, Cathédrale St. Clemmens"
Ximeicun,24.9612,118.3849,China,1663542,53.38,72.79,35.59,1,"淮北市博物馆, 青年少女, 二山头, 动物园, 刘开渠纪念馆"
Caloocan City,14.65,120.97,Philippines,1661584,53.31,72.7,35.54,1.47,"Bala Hisar Fort, Jinnah Park, Nishtar Hall / نشتر ہال, Shama Cinema, Ayina Sabrina Cinema"
Ecatepec,19.6097,-99.06,Mexico,1655015,53.26,72.63,35.51,2.9,"Old Tavern (Sacramento, California), Fire Alarm Office, Sofia Tsakopoulos Center, Trinity Lutheran Church, Libby, McNeil and Libby Cannery"
Yushan,31.322,120.985,China,1652159,53.17,72.5,35.45,2.4,"札幌冬季オリンピック聖火台, Sapporo Citizen's Charter, 希望, Sapporo Clock Tower, Sapporo Shimin Hall"
Fuxin,42.022,121.67,China,1647280,51.45,73.96,35.37,4.62,"Heuvelring 124, Tilburg, Heilig Hartbeeld, Koning Willem II, Sint-Jozef of Heuvelse kerk, Pathé Tilburg"
Novosibirsk,55.05,82.95,Russia,1633851,52.78,71.97,35.19,3.1,"Bailey Neighborhood Park, Seiders Spring, Austin Zen Center, Inner Light Ministries, Congregation Beth Israel"
Bilāspur,22.09,82.15,India,1625502,51.12,73.49,35.15,1,"Southview Baptist Church, Saint Marys Baptist Church, Iglesia de Dios Pentecostal, Masters Touch International Church, Masters Touch International Church"
Semarang,-6.99,110.4225,Indonesia,1621384,50.76,72.97,34.9,1.03,"UIC Water Fountain 1, UIC Water Fountain 2, Iglesia ni Kristo, CitiBaptist Church of Davao, St. Jude Parish Church"
Jingdezhen,29.2917,117.1986,China,1618979,52.34,71.37,34.89,2,"Tang Jing Zhuang, 岳庙, Zuibaichi Park, 云间第一楼, 松江科技馆"
Ludhiāna,30.91,75.85,India,1618879,52.24,71.24,34.83,2.23,"宁夏科技馆, Ningxia Museum, 银川美术馆, 宁夏大剧院, 橙天嘉禾影城"
Liaoyang,41.279,123.176,China,1604580,50.64,72.79,34.81,3,"Beijing Wildlife Park, 榆垡清真寺, 边关地道遗址"
Jiangyin,31.839,120.295,China,1595138,52.21,71.2,34.81,1.07,"Nuri Baba Darga, Vandana Talkies, Gadkari Rangayatan, Ram Ganesh Gadkari Rangayatan, Shankar"
Valencia,39.47,-0.3764,Spain,1595000,52.15,71.11,34.76,1.6,"Battle of Multan, Lohari Gate, Al-Muzaffar, Qasim Gate, Hammam Wali"
Shuozhou,39.3317,112.4329,China,1593444,52.12,71.07,34.75,1,"RCCG, Christ City Church, Pentecostal Church of God Inc, Old Time Faith Ministry, MFM"
León de los Aldama,21.1167,-101.6833,Mexico,1579803,52.1,71.04,34.73,1.67,"Fushun War Criminals Management Centre, 玉山息园, 雷锋纪念馆"
Columbus,39.9862,-82.9855,United States,1578153,52.04,70.96,34.69,1.27,"南廠代天宮, 黑橋牌香腸博物館, 淨土宗台南道場, 金鑾宮, 佛光山南台別院"
Puebla,19.0333,-98.1833,Mexico,1576259,51.83,70.68,34.56,1.09,"Chengxi Mosque, Qinglong Mosque, Gaoping Mosque, Luping Mosque, Jinghelu Mosque"
Biên Hòa,10.95,106.8167,Vietnam,1575000,51.77,69.03,36.08,1,四平战役纪念馆
Chengtangcun,35.0833,117.15,China,1574648,51.7,70.5,34.47,1.53,"Jardín Botánico de la Universidad de Puerto Rico, Río Piedras Bridge, Río Piedras Bridge, Cementerio Villa Nevarez, Iglesia Evangelica Luterana la Transfiguracion"
Yopougon,5.3748,-4.0867,Côte d’Ivoire,1571065,53.04,67.08,35.88,1.95,"Shanghai–Kunming high-speed railway, 秋收起义广场, 萍乡孔庙, 孔庙, Shanghai–Kunming high-speed railway"
Hebi,35.748,114.297,China,1565973,51.39,68.52,35.82,1.77,"Regional Science Centre, Bhopal, Bharat Cineplex, Sangam cinema, Bethlehem Church, Alpana Talkies"
Shīrāz,29.61,52.5425,Iran,1565572,51.13,69.72,34.09,1.17,"Siege of Mosul, khabat, Woods area, الغابات منطقة سياحية, ضوء القمر"
Dushanbe,38.5367,68.78,Tajikistan,1564700,49.47,71.11,34.01,2.3,"Zuqnin Monastery, Surp Giragos Church, Mar Petyun Church, Armenian Catholic Church, Dört Ayaklı Minare"
Madurai,9.9252,78.1198,India,1561129,51,69.55,34,1.2,"Sts. Peter and Paul Cathedral, Lubumbashi, Moïse TSHOMBE, Zoo de Lubumbashi, Théâtre Parthénon, Fall of Lubumbashi"
Huzhou,30.8925,120.0875,China,1558826,50.81,69.29,33.88,1.07,"Benin City National Museum, Ekpenede Shrine, Edion -Edo Shrine, Mosque, Central Baptist Church"
Harare,-17.8292,31.0522,Zimbabwe,1558823,50.74,69.19,33.83,2.6,"Monumento à República, Getúlio Vargas, Floriano Peixoto, Tiradentes, Marco-Zero de Curitiba"
Tabrīz,38.0817,46.2992,Iran,1558693,50.69,69.12,33.79,1.7,"Eritrean Trinity Orthodox Church, San Jose Steam Railroad Museum, Oak Hill Memorial Park Mausoleum, Saint Maria Goretti Church, Oak Hill Memorial Park"
Jamshedpur,22.7925,86.1842,India,1558000,50.63,69.04,33.75,1,"cunzhentang gallery, 沭城镇天福园墓地"
Baicheng,45.62,122.838,China,1551378,50.63,69.04,33.75,2.03,"M. Nuri Sabuncu Cami, Museum of Adana, Kuruköprü Monumental Church, Adana Ethnography Museum, Özgür Camii"
San José,9.9325,-84.08,Costa Rica,1543000,50.61,69.01,33.74,3.83,"Palacio de Carondelet, Plaza Grande, Catedral Metropolitana Quito, Alberto Mena Caamaño Museum, La Iglesia de El Sagrario"
Shaoyang,32.912,119.8526,China,1542600,50.43,68.77,33.62,3.13,"Agra Fort, Somnath Gates, Well (Baoli) in the Akbari Mahal, Mina Masjid, Hon'ble John Russell Colvin's Tomb."
San Salvador,13.6989,-89.1914,El Salvador,1538525,50.39,68.71,33.59,0,
Palembang,-2.9861,104.7556,Indonesia,1535952,50.24,68.51,33.49,1.2,"Munda Wanga Trust Botanical Garden, Lusaka Boy's School, Bayport, E W Tarry's Building, Fresh View"
Kawasaki,35.5167,139.7,Japan,1531646,50.24,68.51,33.49,4.33,"Indianapolis Fire Fighters Museum, Mecca Theater, Pheonix Theater, Care/Don’t Care, Saint Clair Street Wesleyan Church"
Kōbe,34.69,135.1956,Japan,1521707,50.16,68.4,33.44,1.07,"Noor-E-Mustafa, Muhammadi, Faizan-e-Khwaja Gharib Nawaz, Gulzar-e-Madina, Madina"
Jiaxing,30.747,120.756,China,1518654,50.09,68.31,33.39,1.07,"Our Lady Consoler of the Afflicted Church, Vishal E-Square, PVR, Shiv Mandir, Carnival Cinemas"
Zhangjiajie,29.117,110.479,China,1517027,50.08,68.29,33.39,3.17,"Teatro de la Opera de Maracay, Hotel Jardín, Plaza Bolívar de Maracay, Estatua Simon Bolivar, Sindoni Tower"
Baiyin,36.5451,104.1389,China,1512110,50.07,68.28,33.38,2.03,"Al Shatti Plaza, Old Muscat, Bait al Oud, Bait al Nahdah, Bait al Bagh"
Guiping,23.4,110.0833,China,1511011,49.98,66.63,34.83,2.87,"Iglesia Metodista, Monumento al Gaucho, Monumento a Wilson Ferreira Aldunate, Nuestra Señora del Carmen, Cordón, Montevideo, Mirador Panorámico"
Changshu,31.656,120.753,China,1510100,49.96,68.13,33.31,1.73,"Corinthian Baptist Church, Lily Baptist Church, Fifth Avenue High School, Actors Civic Theatre, Lily Baptist Church"
Jixi,45.295,130.969,China,1502060,49.89,68.04,33.26,1.67,"Pfleger Family Houses, Giraffe Ridge, Elephant Reserve, Cheetah Encounter, Flamingos"
Xushan,30.1667,121.2333,China,1502000,49.85,67.98,33.23,2.93,"Central Park, Seneca Village, Seneca Village, Alexander Hamilton, Central Park West Historic District"
Lomé,6.1308,1.2153,Togo,1500000,49.84,67.96,33.22,1.55,"Jewell Theatre, Paseo Bridge, Historical Marker, Kansas City Museum, John F. Kennedy Memorial"
Niamey,13.515,2.1175,Niger,1496260,49.8,67.91,33.2,2.87,"Siege of Budapest, Hungarian Orfóthodox Diocese, Budapest (Samian Ware Discovery Site), István Széchenyi, Lions on the Chain Bridge"
Gwangju,35.1653,126.8486,"Korea, South",1490092,49.75,66.33,34.67,1.73,"Mahavir Sthan (Hanuman Temple), Cinema Center, Hardinge Park, Jain Ruins, Stupa"
Recife,-8.0539,-34.8808,Brazil,1488920,49.59,67.62,33.06,1.23,"Workers House, Sir Edward Mutesa II, Church House Building, Independence Monument, Calvary Chapel Kampala"
Nāsik,19.9975,73.7898,India,1486053,49.55,67.56,33.03,1.35,"Beihai Underwater World, 北海老城, Бесплатный музей, Zhanqiao pier, 海景广场"
Abu Dhabi,24.4667,54.3667,United Arab Emirates,1483000,49.42,65.89,34.44,1.9,"Second Wanzhou Yangtze River Bridge, M, 万凉线, Fuma Yangtze River Bridge, 万凉线"
Onitsha,6.1667,6.7833,Nigeria,1483000,49.4,67.37,32.94,2.34,"Saint Theodosius Russian Orthodox Cathedral, St. John Cantius Catholic Church, Tremont, Park Theatre, St. George Orthodox Church"
Amsterdam,52.3728,4.8936,Netherlands,1477213,49.32,67.25,32.88,1.47,"Statut des Antilopes, Cathédrale Toussaints, Place des Martyrs, Place des martyrs de Kaloum, Cathedrale Sainte-Marie"
Vijayavāda,16.5193,80.6305,India,1476931,49.28,67.19,32.85,3.57,"南坑窑址, Banghu Shan, 古玄, Jiuri Mountain, Jiuri Shan"
Zapopan,20.7167,-103.4,Mexico,1476491,49.27,67.19,32.85,1.13,"Kingdom Hall of Jehovah's Witnesses, Caloocan Christian Church, Ang Dating Daan - A. Mabini 1, Ang Dating Daan A. Mabini 1, Caloocan Cathedral"
Daejeon,36.35,127.385,"Korea, South",1475221,49.02,66.85,32.68,1.13,"Salón del Reino de los testigos de Jehová, San Pedro Apóstol, Parroquia Santo Cura De Ars, Panteón de Guadalupe Victoria, Cristo rey"
Bronx,40.8501,-73.8662,United States,1472654,49,65.34,34.16,1.18,"延福禅寺, 千燈古鎮, Former residence of Gu Yanwu, 崑山慧聚寺, IMAX Movie Center"
Auckland,-36.8492,174.7653,New Zealand,1470100,48.96,66.76,32.64,1,"阜新市博物馆, 太阳石, 小小动物园, 毛泽东, 阜蒙县博物馆"
Yekaterinburg,56.8356,60.6128,Russia,1468833,48.85,66.61,32.57,1.33,"Трамвайный вагон КТМ-1, Новое городское кладбище, Храм успения пресвятой богородицы, Молодежный драматический театр «Первый театр», Евразия"
Wuwei,37.929,102.638,China,1464955,48.78,66.52,32.52,1.19,"maulana azaad mashjid, hardevlal temple, GAYATRI MANDIR, GAYATRI PRAGYA PEETH CHATIDIH, kosilao mandir"
Jinhua,29.079,119.647,China,1463990,48.77,66.5,32.51,1.03,"Lapangan Simpang Lima, E Plaza, Masjid Raya Baiturrahman, Gereja Kristen Indonesia Injil, Citra 21"
Kyōto,35.0117,135.7683,Japan,1463723,48.75,66.48,32.5,4,"Xiangjilong Minzhai, Imperial Kiln in Jingdezhen, Zhen Kiln, Jingdezhen Ceramics Folk Kiln Museum, Ming Yuan"
Pizhou,34.398,117.89,China,1458038,48.73,66.46,32.49,1.03,"Durga Mata Mandir, Raikhy Cinema, Gyan Sthal Mandir, Gurdwara Dukh Niwaran Sahib Ludhiana, Gurudwara DukhNivaran Sahib "
Yangshe,31.8767,120.556,China,1447600,48.68,66.38,32.45,1.65,"广佑寺, 辽阳城墙遗址, 慈心佛亭, White Pagoda, 广场喷泉"
Dakar,14.6726,-17.432,Senegal,1438725,48.66,66.36,32.44,1.59,"佘城遗址, 祁头山遗址, 长江影剧院, 中华民国国军江阴要塞司令部, 兴国寺塔"
Charlotte,35.2083,-80.8303,United States,1436613,48.6,66.28,32.4,4.3,"Convento de San Francisco (Valencia), Battle of Valencia, Museo Histórico Municipal de Valencia, Falla Municipal, Town Hall of Valencia"
Yucheng,30.01,103.0415,China,1434603,48.54,66.19,32.36,2.33,"Cathedral of Shuozhou, Guishan Confucian Temple, 朔州市博物馆, 马邑博物馆, 塞北革命纪念馆"
Kayseri,38.7225,35.4875,Turkey,1434357,48.53,66.17,32.35,1.2,"Templo De San Juan De Dios, San Felipe Nery, Museo de las Identidades Leonesas, Fuente de los niños, Parroquia del Perpetuo Socorro"
Virginia Beach,36.7335,-76.0435,United States,1431821,48.51,66.15,32.34,1.77,"Abundant Faith Church of God, Lord Jesus Christ's Church of the Apostolic Faith, New Genertaion Church, 5th Avenue Theater, Acts of Faith Community Crusade Church"
Rui’an,27.7833,120.625,China,1424667,48.5,66.13,32.33,2.07,"Virgen de Los Remedios, Ex-Aviario, Iglesia de Nuestra Señora de la Luz, Iglesia del Santo Angel Custodio, Teatro Popular José Recek Saade"
Muscat,23.6139,58.5922,Oman,1421409,48.48,66.1,32.32,1.2,"Bien Hoa Citadel, Nhà Thờ Hoa Lư, Miếu Quan Đế, Nhà Hội Bình Trước, Hội thánh Tin lành Viêt Nam tỉnh Đồng Nai"
Kharkiv,49.9925,36.2311,Ukraine,1421125,48.46,66.08,32.3,1,"喷泉池, 新星国际影城, 天主教堂, 老滕县县衙, 滕州剧院"
Pointe-Noire,-4.7975,11.8503,Congo (Brazzaville),1420612,48.4,64.53,33.73,1,"Eglise, Eglise, Mosquée, Communauté Missionnaire Régina Pacis, Eglise Bethel International"
Medina,24.47,39.61,Saudi Arabia,1411599,48.35,65.93,32.23,1.2,"花海 风车, Gaocunqiao Railway Station, 抗日纪念壁, Xiangshan, 天然太极图景区"
Sangereng,-6.2889,106.7181,Indonesia,1404785,48.32,65.89,32.21,2.4,"صحن جامع, حرم احمد ابن موسی شاهچراغ, Shah Cheragh, مسجد نو, خانه منطقی نژاد"
Farīdābād,28.4211,77.3078,India,1404653,48.27,65.82,32.18,1.33,"Мечеть посёлка Правды, Фонтани сунъи, Фонтани сунъи, Мечет имени Гуломчон, Масчиди панчвакта (Якум-Советский)"
Sofia,42.6979,23.3217,Bulgaria,1404116,48.2,65.73,32.14,1.53,"Yaanaikal, Sakthi, Anna statue, North Tower, Thousand Pillar Mandapam"
Ulaanbaatar,47.9214,106.9055,Mongolia,1396288,48.19,65.71,32.12,1.5,"黄歇塑像, 湖州大剧院, 仁皇山, Feiying park, Feiying Pagoda"
Adelaide,-34.9275,138.6,Australia,1387290,48.14,65.65,32.09,1.33,"The Anglican Church, Cathedral of St Mary and All Saints, Harare, Ster Kinekor, Krafted Ink, National Art Galery"
Prague,50.0875,14.4214,Czechia,1384732,48.06,65.54,32.04,2.1,"House of Seghat ol Islam, موسسه قرآنی یاثارالله, seghatoleslam House, Qari Bridge, مسجد امیرالمؤمنین"
Wenling,28.3667,121.3667,China,1366794,48.05,65.53,32.04,1.1,"Ram Mandir, Bistupur Gurudwara, Sashtha Temple, Kali Mandir New RaniKudar, Mahavir Mandir"
Copenhagen,55.6805,12.5615,Denmark,1366301,48.05,65.53,32.04,1.2,"Baicheng Museum, Baicheng Mosque, 白城市烈士陵园, 鹤城英雄纪念碑, 白城市洮北区革命公墓"
Najafgarh,28.6125,76.9847,India,1365152,48.04,65.51,32.03,1.47,"Kiosko del Parque Central, Al Trabajador, Obispo Bernardo Augusto Thiel Hoffman, Juan Pablo II, Monseñor Juan Gaspar Stork Werth"
Lianjiang,21.7333,110.2833,China,1363470,49.48,62.58,33.47,1,"孔子像, 福寿古园"
Helsinki,60.1708,24.9375,Finland,1360075,47.97,65.42,31.98,1.73,"Convento de Santo Domingo, Monseñor Romero, Catedral Metropolitana del Divino Salvador del Mundo, Monseñor Romero, Teatro Nacional"
Samsun,41.2903,36.3336,Turkey,1356079,47.97,65.41,31.98,1.2,"Masjid Al-Amin, Masjid Sabilillah, Mushalla Amal Ikhlas, Mushala Al-BArokah, Majid Al Fallah"
Milan,45.4669,9.19,Italy,1354196,47.96,65.39,31.97,1.2,"シャイン ジーザス チャーチ, 明王山成就院, 新田神社, 清證寺, 松尾芭蕉の句碑"
Antalya,36.8874,30.7075,Turkey,1344000,47.95,63.94,33.42,1.5,"Kobe City Hall, Birthplace of Marathon, 阪神大震災の記憶, エーゲ海に捧ぐ, 明日の手型"
Santiago,19.4572,-70.6889,Dominican Republic,1343423,47.93,65.36,31.96,2.24,"南湖革命纪念馆, Jiaxing Catholic Church, 浙江东方地质博物馆, Vincent Abbey in Jiaxing, Majiabang"
Chizhou,30.6654,117.4916,China,1342764,47.89,65.3,31.93,1.23,"Huilong Guan, Pagoda - Fire Lookout, 白羊古刹, Puguang Temple, Suckling Tiger Bronze Statue"
Makassar,-5.1331,119.4136,Indonesia,1338663,47.88,65.29,31.92,1,白银清真大寺
Porto Alegre,-30.0328,-51.23,Brazil,1332845,47.83,63.78,33.34,1.67,"West Mountain National Park (Guangxi), 革命烈士纪念碑, 桂平西山"
Huangshan,29.7149,118.3376,China,1330565,47.81,65.2,31.87,1.57,"Changshu Christian Church, 碑刻博物馆, 方塔园, 崇教兴福寺塔, Yanzi's Tomb"
Gaozhou,21.9244,110.8422,China,1328657,47.79,65.17,31.86,1,"浮雕, 娱乐中心, 万达影院, 嬉, 雕塑"
Barranquilla,10.9833,-74.8019,Colombia,1326588,47.77,65.14,31.85,2.62,"Cixi north city gate, 慈溪浒山天主堂, Temple, Cixi Museum, 童家岙遗址"
Al Başrah,30.515,47.81,Iraq,1326564,47.74,65.1,31.83,1.33,"Independence Monument, Lome, Palais des congrès de Lomé, Togo National Museum, Maman Ndanida, Temple Baptiste"
Benxi,41.3039,123.7649,China,1326018,47.68,63.58,33.24,1.17,"Mk8, Mosquée Cheick Imam Ibn Hambali, Mk7, Place de la Concertation, Place Adamou Moumouni Djermakoye"
Saitama,35.8614,139.6456,Japan,1325843,47.63,64.94,31.75,1.63,"Seated Stone Yeorae Statue in Yuchon-dong, Gwangju, 빛고을중앙교회, Chipyeong-dong Catholic Church, 5.18 Memorial Park Monument, CGV광주상무"
Ahvāz,31.3047,48.6783,Iran,1325000,47.57,64.87,31.72,1.97,"Fortaleza da Madre de Deus e São Pedro, Centro Histórico do Recife, Igreja Assembleia de Deus Recife Templo Central, Igreja Universal do Reino de Deus, Monumento a FEB"
Guarulhos,-23.4667,-46.5333,Brazil,1324781,47.57,64.87,31.71,1.07,"Kalidas Kalamandir, Amar Dham, Rameshwara Temple, Raviwar Karanja, Sundar Narayan temple"
Leizhou,20.9143,110.0967,China,1321091,47.57,63.43,33.15,1.27,"Emirates Park Zoo, Baby shop parking, Abdul Al-fuhaim mosque, Abu Dhabi Folklore Theater, منزل صديق"
Juárez,31.745,-106.485,Mexico,1321004,47.51,64.78,31.67,2.11,"Roman Catholic Archdiocese of Onitsha, Cathedral Basilica of the Most Holy Trinity, 63 BDE CENTRAL MOSQUE ASABA, GD POST NUMBER 2 GATE TANGO 4, abbaye de Nsugbe"
Mandalay,21.9831,96.0844,Burma,1319452,47.5,64.77,31.67,4.43,"National Monument, Lion, Lion, Bijenkorf Amsterdam, Ripley's Believe It or Not"
Yangquan,37.8571,113.5804,China,1318505,47.49,64.76,31.66,1.53,"Urvasi INOX, Prashanti Theater, Masjid E Mehroon r, Anjaneya Swamy Temple, Saibaba Temple"
Fuqing,25.7167,119.3833,China,1316000,47.49,64.76,31.66,1.27,"Basilica of Our Lady of Zapopan, Museo Etnografico Huichol Wixárika, Cinepolis Pabellon, San José María Escriva, San Pedro Apostol"
Xintai,35.909,117.768,China,1315942,47.46,64.72,31.64,1.23,"Statue of Peace, Megabox Daejeon, CGV탄방점, Seonbi Museum, Galleria Cinema"
Wusong,30.945,117.811,China,1311726,47.45,64.71,31.64,1.93,"Antin Place Cinema 14, Italian Christian Church, Saint Marthas Episcopal Chapel, Our Lady of Solace School, Park Theater"
Tongling,30.9456,117.8114,China,1311726,47.45,64.71,31.63,3.97,"Whitcoulls Building, Lister House, Lewis Eady Building, Landmark House, Auckland Savings Bank Building"
Calgary,51.05,-114.0667,Canada,1306784,47.43,64.68,31.62,2.87,"House of Merchant Babikov, House of rittmeister Pereyaslavtsev, Yekaterinburg, Кинолента, Музей Высоцкого, Vysotsky"
Meerut,28.98,77.71,India,1305429,47.42,64.66,31.61,2,"Temple of Kumarosh, Confucius Temple, South City Gate, Chongxiu Huguo Si Ganying Ta Bei, Wuwei Leitai Han Culture Museum"
Jacksonville,30.3322,-81.6749,United States,1303156,47.42,64.66,31.61,1.7,"禹皇殿, 金华美术馆, 三姑殿, 圣爱堂, 中国婺剧院"
Kuaidamao,41.7283,125.9397,China,1302778,47.42,63.22,33.05,1.93,"Battle of Toba-Fushimi, 明治天皇行幸所織工場阯, 明治天皇行幸所勸業場阯, 長州屋敷址, 後伏見天皇七世皇孫日承王墓"
Huazhou,21.664,110.6396,China,1291668,47.4,63.2,33.03,1.5,"Battle of Xiapi, 中心堂"
Milwaukee,43.0642,-87.9675,United States,1290221,47.36,64.58,31.57,1,"弘法寺, Hongji Bridge"
Wuzhong,37.9978,106.1986,China,1284000,45.79,65.83,31.48,2.23,"Galé madiagne, Monument des Tirailleurs, Monument Demba et Dupont, Place du Tirailleur Sénégalais, Gare de Dakar"
Belém,-1.4558,-48.5039,Brazil,1280614,47.13,64.27,31.42,1.83,"Pleasant Hill Baptist Church, Mount Zion Lutheran Church, Morgan School, Orient Manufacturing Company-Chadwick-Hoskins No. 3, Little Sugar Creek Greenway"
Cacuaco,-8.8053,13.2444,Angola,1279488,47.08,64.2,31.39,1.5,"Gao Yi Tomb, Tea World Culture Museum, Dao Temple, waterfall, Tiangai Temple"
Rosario,-32.9575,-60.6394,Argentina,1276000,47.05,64.16,31.37,1.47,"Kayseri Clock Tower, Mustafa Kemal Atatürk, Sahabiye Medresesi, Bürüngüz Mosque, Defensive wall"
Tangier,35.7767,-5.8039,Morocco,1275428,47.03,64.13,31.35,1.57,"Woodhouse House, West Neck Creek Nature Area, Beech Grove Church, Saint Johns Church, Mount Zion Church"
Antananarivo,-18.91,47.525,Madagascar,1275207,47.03,64.12,31.35,1,Ilyushin Il-62
Canagatan,18,121.8,Philippines,1273219,47.03,62.7,32.78,2.03,"Old Muscat, Al Shatti Plaza, Oman French Museum, Bait al Oud, Mascate fortresses"
Soweto,-26.2678,27.8585,South Africa,1271628,47.02,64.12,31.35,1.8,"Половецькі баби, Половецькі баби, Половецькі баби, Половецькі баби, 24-фунтова гармата російської фортечної артилерії XVIII століття"
Providence,41.823,-71.4187,United States,1270529,47.02,64.11,31.34,1.07,"Cogelo, Play Games, Cathédrale Notre-Dame de l'Asomption, Paroisse nôtre dame, White Eagle Mission"
Xiantao,30.328,113.443,China,1268715,47,64.08,31.33,1.07,"Omar Bin Al Khattab Gate 18, Omar Bin Al Khattab Gates 16, 17 - Women Entrance, Badr Gate -19, Minaret, Minaret"
Jabalpur,23.1667,79.9333,India,1267564,46.97,64.05,31.31,1.07,"Masjid Raya Bintaro Jaya, Masjid Baitis Salmah, mn.nooooo, Stasiun Sudimara, P"
Huaiyin,33.5819,119.028,China,1264000,46.96,64.04,31.31,1.67,"Geeta Mandir, Saini Chowk, Balmiki Park, Faridabad Kos Minar No. 11, Chungi Local Market"
Yutan,28.278,112.552,China,1263332,46.92,63.99,31.28,2.1,"Saint Sophia, Античен културно - комуникационен комплекс Сердика, Church of St Petka of the Saddlers, Преториум, Street Art"
Kazan,55.7964,49.1089,Russia,1259173,46.84,63.87,31.23,1.43,"Нийслэлийн шүүх, Tengis Cinema, Art House Center, A1 Office, A1 office"
Bagam,1.13,104.0531,Indonesia,1256610,46.84,63.87,31.23,2.83,"Victoria Square, Flinders memorial, Adelaide General Post Office, Pilgrim Uniting, Queen Victoria Monument"
Dayan,26.8552,100.2259,China,1253878,46.78,63.79,31.18,3.47,"Memorial to Covid Victims on the Old Town Square, Prague Meridian, místo strženého Mariánského sloupu na Staroměstském náměstí v Praze, Maria column, Virgin Mary"
Comayagüela,14.098,-87.21,Honduras,1250000,46.74,63.74,31.16,1.19,"百丈岩, 大雷山, 大顶山, 鸡鸣屏, 积谷山"
Brussels,50.8467,4.3525,Belgium,1249597,46.74,63.74,31.16,2.77,"Dannerhuset, Katolsk Apostolisk Kirke, Lake Pavilion, Copenhagen, Satyr med klangbækkener, Drukken Faun"
Laiwu,36.1833,117.6667,China,1248636,46.57,63.5,31.04,1,"1920 s House, Gateway, Jami Mosque, Delhi Gate, Dharamshala"
Huazhou,32.688,112.087,China,1247807,49.37,59.24,32.44,2,Hechun–Maoming Railway
Sharjah,25.3575,55.3908,United Arab Emirates,1247749,46.51,63.42,31,3.27,"Lasipalatsi, Amos Rex, S-market Sokos Helsinki, Bio Rex, Parlament of Finland, C-building"
Kalyān,19.24,73.13,India,1246381,49.32,59.18,32.41,1.34,"Samsun Arkeoloji ve Etnografya Müzesi, Samsun Gazi Museum, Samsun Merkez Camii, Site Camii, İlkadım Anıtı"
Rucheng,32.246,120.591,China,1241700,46.49,63.4,30.99,4.63,"Milan, siege of Milan, Statua di Leonardo da Vinci, Piazza della Scala, Galleria Vittorio Emanuele II"
Barquisimeto,10.0636,-69.3347,Venezuela,1240714,46.47,63.37,30.98,1.67,"Umbrella street, Pazaar Bathhose, Two Door Khan, Balbey Camii, İmaret Camii"
Yongcheng,33.9299,116.45,China,1240382,46.46,61.95,32.38,1.07,"Estatua Juan Pablo Duarte, Congregacion Metodista Libre Casade Fe, Incorporated, Palacio del Cine, Palacio del Cine, Paintball Club"
Sumedang,-6.84,107.9208,Indonesia,1240000,46.37,63.24,30.92,1.25,"Baihe Park, The Bronze Statue of Yao Yilin, 齐山, 齐山—平天湖国家风景名胜区, 包家山"
Cần Thơ,10.0333,105.7833,Vietnam,1237300,46.34,63.19,30.89,1.5,"Gereja Toraja, Vira Dharma, Mesjid Ende, Mesjid Athirah, MONUMEN MANDALA"
Suwon,37.2667,127.0167,"Korea, South",1234300,46.34,63.19,30.89,4,"Praça Marechal Deodoro, Professor André Leão Puente, Praça Marechal Deodoro, Monumento a Júlio de Castilhos, Memorial do Ministério Público do Rio Grande do Sul"
Yiwu,29.3069,120.0753,China,1234015,46.3,63.14,30.87,1.23,"人行观光索桥, pyramid, 电动水车, 徽州照壁, 湖边古村落"
Vasai-Virar,19.47,72.8,India,1221233,46.29,63.13,30.86,1.07,"烈士陵园, 高州大地电影院, 高州革命历史纪念馆, 高凉鼓韵, 火神庙"
Campinas,-22.9009,-47.0573,Brazil,1213792,46.29,63.12,30.86,1.6,"Homenaje a los Estudiantes Caídos, Monumento a la Cumbia, Planetario Combarranquilla, Lazos de Amor Mariano, U. P. Nuestra Señora de la Merced"
Dadukou,26.5824,101.7184,China,1212203,46.28,63.1,30.85,1.13,"تقاطع الطويسة, مطبعة المشكاة للاعلان الضوئي, almoshkat printer, جامع كوت الحجاج, سيدة البشارة"
Lingcheng,22.708,110.354,China,1211637,46.26,63.09,30.84,1.08,"本钢博物馆, 本钢文体中心, 本溪清真寺, 人民英雄纪念碑, 本溪市动植物园"
Shuangyashan,46.6762,131.1416,China,1208803,46.21,63.01,30.81,1.97,"St. Theresa of the Child Jesus Cathedral, Urawa, 公園起工の碑, 童話の碑, 市民憲章の碑, 慈恵稲荷神社"
Nizhniy Novgorod,56.3269,44.0075,Russia,1204985,46.21,63.01,30.8,1.53,"مسجد امام جعفر صادق, مسجد آسید علی, موزه هنرهای معاصر, حوزه علمیه امام خمینی, حوزه علمیه"
Pānīpat,29.3875,76.97,India,1202811,46.18,61.57,32.19,2.2,"Cartório de Nota e Registro Civil, Capistrano de Abreu School, Edifício Nahin Rachid, BOM Guarulhos, Cemitério São João Batista"
Qom,34.64,50.8764,Iran,1201158,46.18,61.57,32.19,2.45,"Tianning Temple, Leizhou Museum, Sanyuan Pagoda, 龙宫, 苏公亭"
Mombasa,-4.05,39.6667,Kenya,1200000,46.17,62.96,30.78,1.1,"Don Quijote de la Mancha, Cruz de clavos, Escultura de Tin Tan, Museo Germán Valdéz Tin Tan, Monumento a Juan Gabriel"
Hargeysa,9.56,44.065,Somalia,1200000,46.13,62.9,30.75,1.1,"Ma Soe Yein Cinema, Mandalay Christ Methodist Church, Sri Ganesh Temple - Hindu Temple, Sacred Heart Church, Muzeum Kulturalne w Mandalaj"
Baidoa,3.1167,43.65,Somalia,1200000,46.08,62.83,30.72,2,阳泉关王庙
Vārānasi,25.3189,83.0128,India,1198491,46.05,62.8,30.7,1.57,"烈士陵园, Ruiyun Pagoda, Huanggechonglun Fang, 福清南门教堂, 华侨电影院"
Hiroshima,34.3914,132.4519,Japan,1198021,46.03,61.37,32.08,1,西张庄镇
Chiang Mai,18.7953,98.9986,Thailand,1198000,46.03,62.76,30.68,1.14,"笔架山, Tongguanshan, 铜陵西湖国家城市湿地公园, 神仙山, 铜陵淡水豚国家自然保护区"
Belgrade,44.8178,20.4569,Serbia,1197714,46.01,62.73,30.67,1.14,"笔架山, Tongguanshan, 铜陵西湖国家城市湿地公园, 神仙山, 铜陵淡水豚国家自然保护区"
Maiduguri,11.8372,13.1542,Nigeria,1197497,45.96,62.67,30.64,2.7,"Roman Catholic Diocese of Calgary, Jamieson Place, Fifth Avenue Place, Esso Plaza Cinemas, TransCanada Tower, Calgary"
Kalleli,9.2807,76.8697,India,1197412,45.89,62.58,30.6,1.41,"Tomb of Shah Peer, Dayaleshwar Shiv Mandir, SAI BABA MANDIR, Lisari gate hanuman mandir, Thapar Nagar Gurdwara Meerut"
Batam Centre,1.1272,104.0556,Indonesia,1196396,45.84,61.12,31.95,2.17,"Battle of the Brick Church, Anointed Church of God, Shiloh Metropolitan Baptist Church, Union Community African Methodist Episcopal Church, Evergreen Baptist Church"
Pingdu,36.7769,119.9884,China,1191348,45.81,62.47,30.54,3.5,"Wanfabozi, Zi'an Mountain Fortress"
Rongcheng,26.218,104.103,China,1189813,44.39,63.81,30.52,1.5,"Hechun–Maoming Railway, Nanshan Temple"
Mbandaka,0.0478,18.2558,Congo (Kinshasa),1187837,45.76,62.4,30.51,1.57,"Sherman Park Lutheran Church, Regent Theater, New Covenant Baptist Church, Butterfly Park, Uptown Triangles"
Xinyu,27.8186,114.9167,China,1186700,45.73,62.36,30.49,1.5,"红星清真大寺, Taizi Great Mosque, fazhiguangchang, Zhongying Fortress"
Doha,25.2867,51.5333,Qatar,1186023,45.72,60.96,31.86,4.2,"Solar do Barão de Guajará, Palácio Lauro Sodré, Museu da Imagem e do Som do Pará, Our Lady of Grace Cathedral, Historical Museum of Pará"
Shymkent,42.3167,69.5958,Kazakhstan,1184113,45.71,62.33,30.47,2.97,"Cine‐Esplanada Miramar, Cine Miramar, Our Lady of Nazareth Church, Alta das Cruzes cemetery, Alto das Cruzes Cemetery"
Tripoli,32.8872,13.1914,Libya,1183000,45.71,62.33,30.47,2.17,"Templo Evangelico Bautista, Salón del Reino-Rosario Centro, Caras y Caretas, Museo Barnes de Arte Sacro, Sala Lavardén"
Srīnagar,34.09,74.79,India,1180570,45.7,60.93,31.85,1.53,"Ibn battouta mall, Eglise Française, Roxy, Municipal Beach, Church"
Nashville,36.1715,-86.7842,United States,1178679,45.69,62.3,30.46,1.17,"Memorial to Victims of 7 February 2009 Riots, ROXY, Katedraly FJKM Analakely, Cinéma Excelsior, Rex"
Chelyabinsk,55.1547,61.3758,Russia,1177058,45.66,62.27,30.44,1,"Church of Christ, Bangatan Catholic Chapel, Cemetery"
Aurangābād,19.88,75.32,India,1175116,45.66,62.27,30.44,1.2,"Soweto Theatre, The Good Sheperd Catholic Church, Regina Mundi Roman Catholic Church, Kingdom Hall of Jehovah's Witnesses, Klipspruit Society"
Cilacap,-7.7167,109.017,Indonesia,1174964,45.65,60.87,31.82,2.13,"Sarah and Joseph Dowling, Jr. Theater, Elizabeth and Malcolm Chace Theater, Trinity Repertory Theater, Lupo's Heartbreak Hotel, Trinity Repertory Company Lederer Theater Center"
Xinhualu,34.3964,113.7402,China,1172237,45.65,60.87,31.82,0,
Salt Lake City,40.7776,-111.9311,United States,1169033,45.61,62.19,30.4,1.75,"Gurdwara Marhatal Jabalpur, Rani Durgawati Museum, Shahid Smarak, gol baazar, aaab"
Guankou,28.1637,113.6433,China,1168056,45.61,62.19,30.4,2.17,"Qing Yan Garden, Ciyun Temple, 淮安市永思园公墓, 老交专门（已封闭）, 东门（在建）"
Bandar Lampung,-5.45,105.2667,Indonesia,1166761,45.6,62.19,30.4,0,
Dhanbād,23.7998,86.4305,India,1162472,45.6,62.18,30.4,3.47,"Alexander II monument in Kazan, Monument of Musa Jalil, Southeast Tower, Bas-relief in memory of the “Kurmashev group”, Spasskaya Tower"
Nay Pyi Taw,19.7475,96.115,Burma,1160242,45.56,62.13,30.37,1,"Tugu Kepri, XXI Cinema Mega Mall, Masjid Raya, Ka'Bah Manasik Haji, Mushallah Asrama Haji batam center"
Aba,5.1167,7.3667,Nigeria,1160000,45.56,62.12,30.37,1.37,"Old Town of Lijiang, Yitian Cultural and Creative Park, White Horse Dragon Pond Temple, Baimalong Pond Temple, Lijiang"
Jingling,30.664,113.167,China,1158640,45.52,60.69,31.73,1.1,"Teatro Nicolas Avellaneda, Iglesia Inmaculada Concepción, Iglesia Amistad Cristiana, Iglesia Pentecostal Dios es Amor, María Auxiliadora"
Zhuji,29.7167,120.2333,China,1157938,45.5,62.05,30.33,5.9,"Grand Place, Bombardment of Brussels, Museum of the City of Brussels, Karel Buls, Maison de l'Ange"
Tegucigalpa,14.1057,-87.204,Honduras,1157509,45.5,62.04,30.33,1,"西关清真寺, 莱芜战役纪念馆, 莱芜科技馆, 济南市莱芜会展中心"
Kigali,-1.9536,30.0606,Rwanda,1156663,45.48,62.02,30.32,7,Fusheng Temple Pagoda
Samara,53.2028,50.1408,Russia,1156659,46.85,59.25,31.69,1.4,"Sharjah, Naif Dish market, Cannons, Hatabat Al Tawba, سوق البحر الشارقة"
Yingtan,28.2721,117.0395,China,1154223,45.4,60.53,31.64,1.27,"Acharya Atre, Kali Masjid, Datta Mandir, Shree Ram Mandir, Makbara Masjid"
Edmonton,53.5344,-113.4903,Canada,1151635,45.39,61.9,30.26,1,"观音净院, 胡瑗衣冠冢, 绍隆禅寺, 李昌钰刑侦科学博物馆, 江苏盆景博物馆"
Raleigh,35.8324,-78.6429,United States,1150010,45.37,61.87,30.25,2.37,"Cementerio Viejo de Barquisimeto, Iglesia LBN 48, Iglesia Las Buenas Nuevas Multisede sede 54, Basílica del Santo Cristo de la Gracia, Cine Rialto"
Bishkek,42.8667,74.5667,Kyrgyzstan,1145044,45.35,60.46,31.6,2,崇法寺塔
Bujumbura,-3.3833,29.3667,Burundi,1143202,45.31,61.79,30.21,1,"Cilengkrang, Al Huda, Masjid Agung Tegalkalong, Masjid Islamic, Pangeran Kornel"
Guyuan,36.01,106.257,China,1142142,45.31,60.41,31.58,1.13,"Pagode khmère de munirangsyaram, chùa Miên, Chua Muniransay, Chùa phật học, Phat Hoc Pagoda"
Leiyang,26.4223,112.8598,China,1140675,45.29,61.75,30.19,1.77,"수성교회, Jungang chimnyegyohoe(Central Baptist Church), 구 수원문화원, 구 수원시청사, 옛 부국원 건물"
Krasnodar,45.0333,38.9667,Russia,1138654,45.28,61.75,30.19,1.53,"Yiwu Yimei Hengdian Cinema, Da'an Temple, Poly International Cinemas, Night Market, LEFUNLAND"
Rostov,47.2225,39.71,Russia,1135968,45.26,61.72,30.17,1.77,"Battle of Vasai, Ram mandir, Ram mandir, St. Teresa of Calcutta Church, Virat Vinayajk Mandir"
Maputo,-25.9153,32.5764,Mozambique,1133200,45.13,60.17,31.45,2.97,"Palácio dos Jequitibás, Museu de Arte Contemporânea de Campinas, Museu de Arte Contemporânea de Campinas-José Pancetti, Capela de Nossa Senhora da Boa Morte, Escola Estadual Carlos Gomes"
Bukavu,-2.5061,28.8608,Congo (Kinshasa),1133000,45.1,61.51,30.07,1.37,"Flying Horse, 盆花园, Monument to the Heroes of Panzhihua, 动物园, Panzhihua Park"
Amritsar,31.64,74.86,India,1132383,45.06,60.09,31.41,1.83,"Luoyang–Zhanjiang Railway, Luoyang–Zhanjiang Railway, Luoyang–Zhanjiang Railway, 伏义庙, Luoyang–Zhanjiang Railway"
Shagamu,6.8333,3.65,Nigeria,1132270,45.04,60.06,31.39,1,博物馆
Alīgarh,27.88,78.08,India,1131160,45.04,60.06,31.39,3.9,"Филиал музея-заповедника А.С. Пушкина, Хоровое училище, Obryadchikov Houses, Памятник Минину, Nizhny Novgorod State Pedagogical University"
Zhangye,38.9248,100.4499,China,1131016,45.01,61.38,30.01,3.41,"Hemu's Samadhi Sthal, Third Battle of Panipat, Battle of Panipat, Purana Quila, Shrine of Hazrat Bu-Ali Shah Qalandar"
Ufa,54.7261,55.9475,Russia,1128787,45.01,60.01,31.37,1.77,"Hazurat-e Masumeh, صحن صاحب‌الزمان, شبستان نجمه خاتون, Fatima Masumeh Shrine, Jamkaran Mosque"
Santo Domingo,18.4764,-69.8933,Dominican Republic,1128678,45,61.36,30,1.13,"tec power plant bayle, tec power plant saldhiga dhexe, Masjid, tec power plant masque dirir, War Memorial (MIG)"
Ulsan,35.55,129.3167,"Korea, South",1127553,44.98,61.33,29.98,1.23,"Moons Cinema, Masjid Azhar, ACK. St. Johns Parish. Buxton., Masjid Musa, Kikowani"
Rongcheng,29.8402,112.9048,China,1120822,44.96,61.3,29.97,1,"Afar Irdoodka, Buundada, Moschea, Shiikh Oasharow, Xawaala Guduud"
Tbilisi,41.7225,44.7925,Georgia,1118035,44.93,61.26,29.95,1.33,"Nepalese Area (painted doors & walls), Business Area, Gurdwara Badi Sangat Varanasi, Mangala Gauri Ghat, Alamagir Mosque"
Guwāhāti,26.1722,91.7458,India,1116267,44.91,61.24,29.94,2.07,"Fountain of Prayer, Statue of Mother and Children in the Storm, Hiroshima Peace Memorial Museum, Hiroshima Peace Memorial Museum, The Gates of Peace"
Fès,34.0433,-5.0033,Morocco,1112072,44.9,61.23,29.93,1.7,"White Chedi, Scorpion Tailed River Cruise, Patsanaram Foundation, Wat Tha Srikhong, Wat Tha Srikhong"
Yingchuan,34.142,113.489,China,1109782,44.9,59.86,31.29,4.07,"Battle of Petrovaradin, Nikola Spasić Endowment Building in Belgrade, Kilometre Zero of Belgrade, SASA Gallery, Serbian Academy of Sciences and Arts"
Ninh Bình,20.25,105.8333,Vietnam,1106913,47.56,57.07,31.25,1.39,"test, Bataille de Maiduguri (2015), bataille de Maiduguri (février 2015), Maiduguri battle, bataille de Giwa"
Yerevan,40.1814,44.5144,Armenia,1106300,44.83,61.13,29.89,1,"Saint Marys Malankara Catholic Church, Saint Marys Malankara Catholica Church, Saint Peter's Orthodox Church Konnappara, Athumpumkulam Guru Mandiram, Konnappara Jumamasjid"
Mwanza,-2.5167,32.9,Tanzania,1104521,44.83,61.13,29.88,1,"XXI Cinema Mega Mall, Masjid Raya, Ka'Bah Manasik Haji, Mushallah Asrama Haji batam center, Tugu Kepri"
Omsk,54.9833,73.3667,Russia,1104485,44.82,61.12,29.88,1,平度市博物館
Mexicali,32.6633,-115.4678,Mexico,1102342,44.82,59.76,31.24,3,"Guiyang-Kunming Railway, Guiyang-Kunming Railway, Guiyang-Kunming Railway, Guiyang-Kunming Railway, Guiyang-Kunming Railway"
Sevilla,37.39,-5.99,Spain,1100000,44.79,61.08,29.86,1.06,"Eglise du Christ au Congo, La Louange, 10e Paroisse Disciple du Christ, Shaloom, La Borne"
Ikare,7.5167,5.75,Nigeria,1099931,44.77,61.06,29.85,1.8,"抱石公园, Shanghai–Kunming high-speed railway, Shanghai–Kunming high-speed railway, Shanghai–Kunming high-speed railway, Shanghai–Kunming high-speed railway"
Dingzhou,38.516,114.99,China,1095986,44.71,60.96,29.8,1.7,"Souq Waqif, Souq Waqif Art Center, Al Rayyan Theatre, Souq Waqif Art Center, Masjid An Najada"
Tamale,9.4075,-0.8533,Ghana,1095808,44.63,60.85,29.75,1.2,"Кинопарк, Дом дружбы народов, кітапхана, Local History Museum of South Kazakhstan Region, Puppet and Youth Theatre Shymkent"
Yuyao,30.05,121.15,China,1095000,44.62,59.49,31.1,1.37,"Battle of Tripoli, Al Qasr Mosque, Zawiat Al Ma'azi Mosque, Royal Palace of Tripoli, Zawiat Al Ma'azi Mosque"
Goiânia,-16.6806,-49.2564,Brazil,1093007,44.56,60.77,29.71,1.7,"Sheikh Bagh Cemetery, Darul Uloom Muhamadiya, Mughal Mohalla Masjid, Masjid Shareef Hazrat Abdullah Arabi RA, Chana Mohalla Masjid"
Krasnoyarsk,56.0089,92.8719,Russia,1092851,44.55,60.75,29.7,2.2,"Bicentennial Capitol Mall State Park Visitor Center, Tennessee Amphitheater, Family Fellowship Ministries, Bicentennial Capitol Mall State Park, Rivers of Tennessee Fountain"
Cologne,50.9364,6.9528,Germany,1087353,44.53,60.72,29.68,2.1,"Подкова, Maneken theatre-studio, Bust of Zvilling Samuil Moiseyevich (Chelyabinsk, Soni Krivoy Street), Chinas house, Дробинина Майя Глебовна"
Ubungo,-6.7889,39.2056,Tanzania,1086912,44.5,60.68,29.66,1.53,"Temple, Ram Mandir, shivprasad xerox, Siddharth Garden, Khadakeshwar Mandir"
Yicheng,31.36,119.815,China,1082929,44.5,59.33,31.01,1,"Masjid Al irsyad, Mesjid Nurul Bahri, Masjid Al Azhar, Vihara, Mesjid Nurul Bahri"
Richmond,37.5295,-77.4756,United States,1081248,44.44,59.25,30.97,4,"Site of Capital of Kingdom Zheng and Han, 新郑博物馆"
Kisangani,0.5167,25.2,Congo (Kinshasa),1081000,44.42,60.58,29.62,1.77,"Heritage Baptist Church, The Church of Jesus Christ of Latter-day Saints, First Southern Baptist Church, The Church of Jesus Christ of Latter-day Saints, The Church of Jesus Christ of Latter-day Saints"
Ezhou,30.3914,114.8949,China,1079353,44.42,59.23,30.96,5,"Yaowang Shengchong Palace, Confucius Temple, Tan Sitong's Former Residence, Wenjin Temple"
Astana,51.1472,71.4222,Kazakhstan,1078362,44.41,59.22,30.95,1.03,"Masjid Al Masyhoer, Masjid Nurul Falah, Masjid Nurul Fatah, Gunung Kunyit, Musholla Al Munawaroh"
Zhufeng,36,119.4167,China,1078178,44.41,60.56,29.61,1,"Sri Sai Nath Temple, Pooja Talkies, Sri Surya Mahaveer Temple, Kala Bhawan, Durga Puja Samiti"
Nezahualcóyotl,19.4081,-99.0186,Mexico,1077208,44.39,59.19,30.94,1.2,"Thapya Kone အဝိုင္​း, Gems Museum (MGE), Min Win Taung Pagoda, ျဖဴစင္ေမတၱာ, National Herbal Park"
Nouakchott,18.0858,-15.9785,Mauritania,1077169,44.39,60.53,29.59,1.79,"Obu House, Christ the King Cathedral, Chief Ochu Kalu's House, watchman chrismatic church, St ambrose"
Hāora,22.58,88.3294,India,1077075,44.38,59.18,30.93,1,西湖
Tongjin,37.2333,127.2,"Korea, South",1076369,44.38,60.52,29.59,1.79,"西施故里, 诸暨博物馆, Shanghai–Kunming high-speed railway, Shanghai–Kunming high-speed railway, Shanghai–Kunming high-speed railway"
Rānchi,23.36,85.33,India,1073440,44.34,60.46,29.56,1.23,"St. Michael the Archangel Cathedral, Tegucigalpa, Francisco Morazán, Iglesia Santidad, La Merced, Galería Nacional de Arte"
Ciudad Nezahualcóyotl,19.4006,-99.0148,Mexico,1072676,44.33,60.45,29.55,1.27,"Chapelle de LNDC, Cathédrale Saint-Michel, Cathedral sint Michael, Belgian Soldiers' Memorial, Gorilla Statue"
Gwalior,26.2125,78.1775,India,1069276,42.99,61.8,29.55,1.93,"БМД, Мемориал самарцам, погибшим в необъявленных войнах, Самарская Православная Духовная Семинария, Храм в честь преподобных Кирилла и Марии Радонежских, Самарский епархиальный церковно-исторический музей"
Ottawa,45.4247,-75.695,Canada,1068821,44.33,60.45,29.55,1.8,"Yin and yang, Jiaoshan & Banlishan Site, Shanghai–Kunming high-speed railway, Shanghai–Kunming high-speed railway, Jiaoshan Kiln Site"
Haicheng,40.8824,122.6852,China,1067905,44.32,60.44,29.55,3.33,"James MacDonald Bridge, Irene Parlby Park, Edmonton Brewing & Malting Co. (Historical), Rossdale Brewery, Rossdale Park"
Jianguang,28.1958,115.7833,China,1065641,44.28,60.38,29.52,2.17,"Regal North Hills Stadium 14, Lassiter Fountain, World Of Beer Fountain, Cardinal Theatres I & II, Lassiter Mill"
Goyang,37.65,126.8,"Korea, South",1061929,42.91,61.69,29.5,1.17,"Friends Guest House & Hostel, Ленин с нами, Памятник железнодорожникам, павшим в ВОВ, Hostel 23c, Hostel 23 - 56B appt. no."
Sendai,38.2682,140.8694,Japan,1061177,44.21,60.29,29.47,1.13,"Palais des Arts et de la Culture, Greek-Orthodox Church, Minevam-Ville, Frères Dominicains, les dominicains(couvent)"
Xibeijie,39.7334,98.4943,China,1055706,44.21,58.94,30.81,1.03,"宁夏固原博物馆, 西北农耕博物馆, 固原陕西清真大寺, Guyuan Great Wall, Guyuan Great Wall"
Chandīgarh,30.75,76.78,India,1055450,42.84,61.58,29.45,1,"耒阳基督教会, 耒阳市标"
Voronezh,51.6717,39.2106,Russia,1051995,44.17,60.23,29.44,1.27,"jardin botanique de l'université agricole du Kouban, BOSH, Церковь святого Ильи Пророка, Усадьба землемера И.Н. Воробьева, Дом жилой Г.А. Яковлева"
Managua,12.1364,-86.2514,Nicaragua,1051236,44.16,60.22,29.44,4.7,"Gorky Central Park of Culture and Leisure, В честь установления советской власти, Monument of the Great October Revolution, Kinoteatr Rossiya, Здание театра ГОМЭЦ"
Zhongwei,37.5002,105.1968,China,1046000,44.16,58.88,30.78,1.2,"Maputo International Airport, Sião União Apostólica Cristã de Moçambique Hulene-B, Betsaida, Sião União Apostólica Cristã de Moçambique Hulene-B, Fontenária Hulene"
Jiancheng,30.38,104.53,China,1045900,44.12,58.83,30.75,1.13,"Eglise 8e CEPAC Mukukwe, Assemblée Chrétienne de Bukavu(Tabernacle), Eglise Sainte Montagne, Cathedrale Notre Dame de la Paix, Our Lady of Peace Cathedral, Bukavu"
Mersin,36.8,34.6333,Turkey,1040507,44.11,60.15,29.41,1.8,"Mata Lal Devi Mandir, Mata Temple, Maqbool house, Gobindgarh Fort, Hanuman Mandir"
Shouguang,36.857,118.791,China,1039205,44.1,60.13,29.4,0,
Liangshi,27.26,111.7442,China,1038416,44.09,58.78,30.73,1.04,"kaleshwar mandir, hanuman mandir, shri mukteswar mahadev mandir, jai shri ram mandir, durga mata ka temple"
São Luís,-2.53,-44.3028,Brazil,1037775,44.07,60.1,29.38,2.18,"Sairaiji Temple, Big Buddha Temple Square, Zhangye Mosque, Reclined Buddah Temple, Wanshou Temple (Zhangye)"
Jodhpur,26.28,73.02,India,1033918,44.07,60.1,29.38,2.6,"kilometer zero marker for the Bashkortostan Republic highway, Bashkortostan Post Museum, В. И. Ленину, Lenin on Lenin St., Ufa, Rock Music Museum (Ufa)"
Memphis,35.1087,-89.9663,United States,1033394,44.06,58.75,30.71,1.33,"Fair of Peace and Fraternity of the Free World, Iglesia Adventista del Séptimo Día, Iglesia San Carlos, Salón del Reino de los Testigos de Jehová, Fuerte de San Lazaro"
Matola,-25.9667,32.4667,Mozambique,1032197,44.05,60.07,29.37,1.33,"울산제일교회, LotteCinema, Foot bridge, 울산남부교회, MegaBox"
Ogbomoso,8.1333,4.25,Nigeria,1032000,44.04,60.06,29.36,0,
Sanya,18.2533,109.5036,China,1031396,44.04,60.06,29.36,1.53,"Akaki Tsereteli, bassiani, Թբիլիսիի Սուրբ Մինաս եկեղեցի (Թբիլիսի), Boris Paichadze, State Silk Museum"
Rangapukur,25.5206,89.2147,Bangladesh,1031388,44.03,60.04,29.35,1.47,"Guwahati kabaristan & Masjid, Gurdwara Sri Guru Singh Sabha Gopinath Nagar, Shree Shyam Mandir, Guwahati, Grande Cines, Gold Digital Cinema"
Ashgabat,37.9375,58.38,Turkmenistan,1030063,43.96,59.94,29.31,1.33,"Place Kennedy ساحة كينيدي, mosquée imam malek, Mosquée Imam Malik, Mosquée Imam Ali مسجد الإمام علي, Cinéma L'Empire"
Enugu,6.5,7.5,Nigeria,1029400,43.87,59.82,29.25,6,Wadian
Linhai,28.85,121.1167,China,1028813,43.82,59.75,29.21,1.03,"FREE Entrance by Foot, Entrance to Bai Dinh Parking, Bái Đính Cave, Maitreya Buddha Statue and Viewpoint, Bai Dinh cave"
Perm,58,56.3167,Russia,1026908,43.8,58.41,30.53,2.1,"Micro Art Museum, Dalan Art Gallery and Cafe, Arakel Afrikyan's house, Karabala, Памятник Карабале"
Shubrā al Khaymah,30.1286,31.2422,Egypt,1025569,43.8,59.72,29.2,1.03,"deluxe shop, culture material shop, Sukuma-German Memorial Tree, Sheikh Amiri, Tilapia Fish"
Monrovia,6.3133,-10.8014,Liberia,1021762,43.8,58.4,30.53,2.03,"Eparchy of Omsk, Иртышские ворота, Omsk Fortress Commandant House, Музейный комплекс воинской славы омичей, Памятник Ларионовой Анастасии Акатьевне"
Islamabad,33.6931,73.0639,Pakistan,1014825,42.47,61.05,29.2,1.2,"Tetro Del Seguro Social, Teatro Del Seguro Social, Acuario Mercantil, ICC museo UABC, Teatro del Estado"
Xinyi,22.3549,110.9468,China,1013900,43.78,59.7,29.19,4.6,"Iglesia de San Isidoro, City walls of Seville, Iglesia de San Isidoro, CA, Monumento a Clara Campoamor"
Thủ Đức,10.8266,106.7609,Vietnam,1013795,43.75,58.34,30.5,0,
Āqchah,36.9114,66.1858,Afghanistan,1012000,43.75,59.66,29.17,5.25,"汉中山王墓, Liaodi Pagoda Square, Liaodi Pagoda, Kaiyuansi Street"
Odesa,46.492,30.7081,Ukraine,1010537,43.75,58.34,30.49,1.03,"Ahmaddiya Mosque, Central Mosque, Afah Jura Mosque, United, National Culture"
Raipur,21.2444,81.6306,India,1010087,43.73,59.63,29.15,3.45,"横店电影城, Tongji Bridge, 余姚博物馆, 王阳明故居, Former residence of Wang Shouren, Yuyao"
Namangan,41.0011,71.6683,Uzbekistan,1010000,42.37,60.91,29.13,3.63,"Praça Cívica, Museu da Imagem e do Som (Goiânia, Brazil), Coreto, Cine Cultura, Fontes Luminosas"
Changwon,35.2708,128.6631,"Korea, South",1009998,43.7,59.58,29.13,3.1,"Lion, Lion, Apollo, The Rivers of Siberia (Reki Sibiri), Museum of local studies"
Arequipa,-16.3989,-71.5369,Peru,1008290,43.69,58.25,30.45,4.33,"Schildergasse, AntoniterCityKirche, Der Schwebende, Weltstadthaus, Antoniterquartier"
Tshikapa,-6.4167,20.8,Congo (Kinshasa),1006387,43.67,59.55,29.11,1,"Water institute mosque, Terminal Masjid, Forest, Church of the Resurrection and the Life, Kanisa la ufufuo na Uzima"
Volgograd,48.7086,44.5147,Russia,1004763,43.6,59.45,29.06,1.26,"宜城镇太平天国王府及壁画, 徐义庄祠, 宜兴碑刻博物馆, 瀛园, 卢忠肃公祠"
Morelia,19.7683,-101.1894,Mexico,1002461,42.27,60.76,29.06,1.8,"Foushee-Ritchie Mill, Grotto, Abandoned Smith Quarry, Abandoned Netherwood Quarry, Abandoned Quarry (JF & AJ Bradley Property)"
Kota,25.18,75.83,India,1001694,43.58,59.42,29.05,1.18,"Battle of Kisangani, Eglise Pentecôtiste Sainte Montagne, Église orthodoxe, Eglise Christ et Compagnons, Trust Merchant Bank"
Quetta,30.1833,67,Pakistan,1001205,43.57,59.41,29.04,4,"鄂州观音阁, 观音阁, 东坡赤壁, Dongpo Chibi"
Oklahoma City,35.4676,-97.5136,United States,1000207,43.55,58.07,30.36,1.37,"Giant flag pole, Фонтан ""Цирк"", Atameken Ethno-Memorial Complex Map, Ailand, Large Ferris Wheel (viewpoint)"
Domaa-Ahenkro,7.2739,-2.8735,Ghana,1000000,43.54,58.06,30.35,1,"市府礼堂, 诸城影剧院, Wang Yimei Memorial Hall, 诸城名人馆, 诸城博物馆"
Bareilly,28.3667,79.4306,India,1000000,43.5,59.32,29,1.07,"Sor Juana Ines de la Cruz, Iglesia Granito de Sal, Iglesia de jesucristo, Cinemex Real, Parroquia de Nuestra Señora de Guadalupe"
Liaoyuan,42.888,125.1447,China,996903,43.48,59.3,28.99,1.3,"Ibn Abbas Mosque, مسجد, Chourava, المتحف الوطني, الخيمه"
Stockholm,59.3275,18.0547,Sweden,995574,44.8,56.65,30.3,3.13,"Eastern Railway Museum, Shibtala Mandir, Shibtala, Aloka Cinema Hall, Rajib Gandhi Statue"
Bordeaux,44.84,-0.58,France,994920,43.47,59.28,28.98,1.1,"Yongin Catholic Church, 생명의빛교회, 용인제일교회, 용인군독립항쟁기념탑, Gefecht von Kumyangjang-ni"
Taixing,32.159,120.029,China,990200,43.47,59.27,28.98,1.17,"Iqra Masjid, Masjide Akra, Gurdwara Sri Guru Singh Sabha Ranchi, GURUDAWRA, Glitz"
Lilongwe,-13.9669,33.7873,Malawi,989318,43.47,59.27,28.98,1.07,"Sor Juana Ines de la Cruz, Iglesia Granito de Sal, Monumento México 86, Cinemex Real, Parque del pueblo"
Port-au-Prince,18.5425,-72.3386,Haiti,987310,43.43,57.91,30.27,3,"Moti Mahal, BAIJA TAAL, Gandhi Zoological Park, Gwalior Zoo, Jai Vilas Palace"
Esenyurt,41.0342,28.68,Turkey,983571,43.42,59.21,28.95,2.47,"Plaza Bridge, General Sir Arthur Currie, Major Paul Triquet, Corporal Joseph Kaeble, Pilot Officer Andrew Mynarski"
Pekanbaru,0.5092,101.4453,Indonesia,983356,43.39,59.17,28.93,2.5,"Siege of Ansi, Ansi City"
Bogor,-6.5966,106.7972,Indonesia,982469,43.3,59.04,28.87,1.33,"Hongzhou Kiln Museum, 铜鼓山, Hongzhou Kiln"
Ciudad Guayana,8.3667,-62.65,Venezuela,978202,43.25,58.98,28.83,1,"일산동안교회, 광은교회, MEGABOX BOUTIQUE, Baekseokdong Catholic Church, 충정교회"
Chiba,35.6073,140.1064,Japan,975014,43.23,57.64,30.13,1.47,"リバサイドの友好の鐘, Kotodai Park, 表小路 勾当台通 辻標, 藩校養賢堂跡, cat road sendai"
Kirkuk,35.4667,44.4,Iraq,975000,43.22,57.62,30.12,1.9,"Jiuquan Gulou, 烈士陵园, 酒泉动物园, 酒泉博物馆, Silk Route Museum"
Shuizhai,33.4658,114.8753,China,973197,43.17,58.87,28.78,1.43,"Zakir Hussain Rose Garden, Rose Garden Fountain, Rose Garden, Eiffel Tower, Natural History Museum"
Qianxi,27.0087,106.0323,China,970700,43.13,58.82,28.76,2.3,"Здание губернской почтовой конторы, XIX в., Здание Губернской почтовой конторы, Вечный огонь, Памятник освободителям Воронежа, Памятник фронтовому почтальону"
Hartford,41.7661,-72.6834,United States,969171,43.1,58.77,28.73,1.03,"Loma de Tiscapa, Parroquia San Cristobal, Parroquia San Cristóbal, Monumento del Comisionado Cristian Munguía, Central Moravian Church of Managua"
Dnipro,48.4675,35.04,Ukraine,968502,43.09,58.77,28.73,1,"香山公園, Zhongwei Drum Tower, Zhongwei Yellow River Palace, 佛光阁, 高庙"
Baishan,41.944,126.4147,China,968373,43.08,57.45,30.03,1.97,"森林公园, Chengdu–Chongqing Intercity Railway, Chengdu–Chongqing Intercity Railway, Chengdu–Chongqing Intercity Railway, Chengdu–Chongqing Intercity Railway"
Nārāyanganj,23.6167,90.5,Bangladesh,967951,44.36,56.11,30.01,1.87,"Old Mosque, Mersin, Mersin Halkevi, Mersin Catholic Church, Eski Camii, Mersin State Art and Sculpture Museum"
Gqeberha,-33.9581,25.6,South Africa,967677,43.06,58.72,28.71,1.8,"贾思勰, 寿光市第一公墓, Jinan–Qingdao high-speed railway, Jinan–Qingdao high-speed railway, Mount Jing"
Huilong,31.87,121.703,China,967313,43.06,58.71,28.7,2,"Luoyang–Zhanjiang Railway, Luoyang–Zhanjiang Railway, Luoyang–Zhanjiang Railway"
Málaga,36.7194,-4.42,Spain,967250,43.05,57.4,30,3.53,"Igreja de Nossa Senhora do Carmo, Academia Maranhense de Letras, relógio centenário, João Francisco Lisboa, Praça João Lisboa"
Marrakech,31.63,-8.0089,Morocco,966987,43.05,58.7,28.7,1.1,"Bheru Bagh, Late Shri Bal Mukund Memorial, Jabreshwar Mahadev Mandir, Ranchod das Krishna Temple | रणछोड़ दास कृष्ण मन्दिर, Gurudwara Shri Guru Singh Sabha"
Louisville,38.1663,-85.6485,United States,965005,42.99,57.32,29.96,1.57,"Greater New Shiloh Baptist Church, Greater Faith Baptist Church, New Era Baptist Church, Lewis-Davis Park, Glory To God Love Ministries"
Cebu City,10.32,123.75,Philippines,964169,42.99,57.31,29.96,1.47,"Igreja Paroquial da Matola, Lusomundo cinema Matola, Cinema São Gabriel, Igreja Universal do Reino de Deus, Paróquia da Bem Aventurada Maria Trevo"
Asmara,15.3358,38.9411,Eritrea,963000,42.96,57.28,29.94,1.03,"Immanuel Baptist Church, Isale Afon, Ogbomosho Palace, Ogbomoso Central Mosque, Aguodo Baptist Church, Aguodo, Soun of Ogbomosoland"
Coimbatore,11.0008,76.9633,India,959823,44.25,55.96,29.93,1,"白求恩平安广场, Pianiy most, Пьяный мост( Танцующий мост), Обзорная площадка, рынок с фруктами"
Maceió,-9.6658,-35.735,Brazil,957916,42.92,58.53,28.62,1.08,"শঠিবাড়ি জামে মসজিদ, Shotibari High School Mosque, KOLAHATI MOSQUE, মসজিদ (মুহাম্মদি), শঠিবাড়ি কেন্দ্রিয় শসান মন্দির"
Nada,19.5209,109.5808,China,954259,42.91,58.52,28.61,1.23,"Turkmen Horses Monument, Suratkeş Aman Modyýewyň ussahanasy, Watan Theater, Exhibition, Suratkeşler birleşiginiň ussahanalary"
Fangchenggang,21.6867,108.3547,China,953300,42.89,57.18,29.89,1,"St Mary's catholic church, St Andrews Anglican church, St Leo the great Catholic church, KIngdom Hall of Jehovah's Witnesses, Christ the king catholic church"
Solāpur,17.68,75.92,India,951558,42.84,58.42,28.56,1.45,"崇和门, 王观澜故居, 揽胜门, 临海鲁迅展览馆, 台州府文庙"
Freetown,8.4833,-13.2331,Sierra Leone,951000,42.82,58.39,28.54,2.1,"Сад Соловья, Ю. А. Гагарину, Церковь христиан адвентистов седьмого дня, Церковь Стефана, епископа Великопермского, Kinoteatr Iskra"
Kaiyuan,36.0193,113.86,China,950939,44.1,55.77,29.83,1.3,"Mohamed Ali Palace, مسجد الرى, بداية طريق شبرا بنها الجديد, Modern, ashraf"
Buffalo,42.9018,-78.8487,United States,949547,42.79,58.35,28.53,1.4,"Red Cross Monument, Joseph Jenkins Roberts Monument, National Museum of Liberia, Providence Baptist Church, Palm Grove Cemetery"
Santo Domingo Este,18.4855,-69.8734,Dominican Republic,948855,42.78,57.04,29.82,1.3,"Islamabad view point, Pakistan Monument, Unity Faith Discipline Pillars, Jamia Masjid As-Siddiq, Pakistan Monument Museum"
Vientiane,17.98,102.63,Laos,948487,42.76,58.31,28.51,1.87,"淘金湾公园, 五楞岭, Luoyang–Zhanjiang Railway, Luoyang–Zhanjiang Railway, Luoyang–Zhanjiang Railway"
Kermānshāh,34.3369,47.0911,Iran,946651,42.76,58.31,28.51,1.17,"Nguyễn thị Thu, Masjid Jamiul Muwahidin, Line 1, Line 1, Tu viện Quảng đức"
Kibanseke Première,-4.4419,15.395,Congo (Kinshasa),946372,42.75,58.3,28.5,1,"Dali, Parishan Tepe"
Seberang Jaya,5.3909,100.4104,Malaysia,946092,42.7,58.23,28.47,2.37,"Мечеть св. пророка Мухамеда, Храм різдва Пресвятої Богородиці УПЦ МП, Будинок К. Самохоцького, Будинок, де жив Г. П. Ачканов, Церква Вознесіння Господня УПЦ МП"
Sale,34.0333,-6.8,Morocco,945101,42.65,58.15,28.43,1.07,"Hanuman Mandir, Tatyapara, hanuman mandir, prabhat talkies, Radhe-Krishna Mandir, Bigcinema"
Hubli,15.3502,75.1376,India,943788,42.63,58.13,28.42,1.13,"Абдусаттор Рахимов, Namangan local lore museum, Отрытая сцена, Мемориал Скорбящей матери, Мавзолей Намангоний"
El Alto,-16.5047,-68.1633,Bolivia,943000,42.59,56.79,29.68,1.23,"198.4, Indeok Exhibition Hall, 177, 교회, 교회"
Çankaya,39.9244,32.8856,Turkey,942553,42.58,58.07,28.39,2.8,"Plaza de Armas, sitio de Arequipa, Church and vulcans, Historical Centre of the City of Arequipa, Basilica Cathedral of Arequipa"
Hwasu-dong,37.1997,126.8314,"Korea, South",941489,42.58,58.06,28.39,1,"Soutre, Tabernacle pilgrims"
Yingcheng,24.21,113.401,China,941325,42.55,56.73,29.65,3.93,"Volgograd, Нулевой километр автодорог Волгоградской области, Mira Street, Mira Street, Mira Street"
Fort Worth,32.7817,-97.3474,United States,941311,42.52,56.69,29.64,1.07,"Panteón Municipal, Parroquia de San Miguel Árcangel y Nuestra Señora de la Escalera, Iglesia de Jesucristo de los Santos de los Últimos Días, La Pirámide de El Barreno, Monumento salida salamanca"
Setagaya,35.6466,139.6532,Japan,940071,42.49,57.95,28.33,1.24,"P 1, City Palace, Eidgah, Gurdwara Dukh Nivaran Sahib Gumanpura, Jal Mandir Kishore"
Keçiören,40,32.8667,Turkey,939279,42.48,57.93,28.32,1.08,"Methodit memorial church8, Khilji graveyard, Civil Secretariat of Balochistan, Quetta., Benazir Bridge, Quetta, 02 Open Waste Dumps"
Luocheng,22.7689,111.5697,China,936931,42.46,57.9,28.31,2.47,"Electric Palace Theater, Red Earth, Empress Theatre, The Skirvin Hilton Oklahoma City, Gem Theatre"
Jerusalem,31.7789,35.2256,Israel,936425,42.45,56.61,29.59,0,
Khartoum North,15.6333,32.6333,Sudan,936349,42.44,57.87,28.29,1.83,"Gurdwara Sri Guru Singh Sabha Bareilly, Christ Methodist Church, Manzar-e-Islam, Dargah-e-Ala Hazrat, Roman Catholic Diocese of Bareilly"
Meishan,34.167,112.844,China,936000,42.43,56.58,29.57,0,
Mushin,6.5333,3.35,Nigeria,935400,42.41,57.83,28.27,2.67,"Målaren, Stadshusträdgården, Gustav Sandberg, Poeten, Stockholms-Stocken"
Trujillo,-8.112,-79.0288,Peru,935147,42.41,57.83,28.27,5.11,"Sushi Dijeaux, maison, 16 place Gambetta, maison, 90 rue Porte-Dijeaux, 1 rue des Remparts, Porte Dijeaux, maison, 111 rue Porte-Dijeaux"
Kitakyūshū,33.8833,130.8833,Japan,935084,42.36,57.76,28.24,1,"观音庙, 朱东润故居, 泰兴电影院, 银河影院, 华夏影院"
Aguascalientes,21.876,-102.296,Mexico,934424,42.36,57.76,28.24,1.13,"Craft market monthly, Lilongwe Nature Reserve, Lilongwe Wildlife Center, Lilongwe Nature Reserve, City Centre Fountaion"
Khulna,22.8167,89.55,Bangladesh,928891,42.34,57.74,28.23,1.47,"National Palace, Haitian National Pantheon Museum, Musée d’Ethnologie, Mausolée National, Toussaint Louverture"
Chihuahua,28.6369,-106.0769,Mexico,925762,42.33,56.44,29.5,1.1,"Esenyurt Merkez Camii, Esenyurt Mezarlığı, Cami, Kapadık Camii, Mareşal Camii"
Bridgeport,41.1918,-73.1954,United States,921660,42.28,56.37,29.47,1,"Ar-ridho, gereja, GBI Rayon 11 Pekanbaru, Al-furqan, TPU Kuini"
Xin’an,34.286,118.355,China,920628,42.21,57.56,28.14,1.4,"Bogor Palace, Istana Bogor, Museum Kepresidenan Balai Kirti, Hortus Bogoriensis, Mesjid Baitusalam"
Mysore,12.3086,76.6531,India,920550,42.18,57.52,28.12,1,"Parroquia El Buen Pastor, Parroquia La Santa Cruz, Tanque de agua de El Gallo, Teatro Bicentenario, Cerro El Gallo"
Kashgar,39.4681,75.9938,China,920000,42.17,56.22,29.39,1.73,"Towatari Shrine, 結城稲荷大明神, Shirahata Shrine, 電電公社ベンチ, THE MEETS MARINA TERRACE"
Sŏngnam,37.4333,127.15,"Korea, South",918771,42.13,57.45,28.09,1.2,"مزگەوتی ئەبوو حەنیفە النوعمان, قەیسەری, مزگەوتی نوعمان, خان ئەحمەد, Tomb of Prophet Daniel - Gorî Pêxember Danyal"
New Orleans,30.0687,-89.9288,United States,918752,43.38,54.87,29.35,2,Zhengzhou–Fuyang High-Speed Railway
Trichinopoly,10.7903,78.7047,India,916857,42.09,57.4,28.06,0,
Cartagena,10.4,-75.5,Colombia,914552,42.06,56.08,29.31,4.3,"Corning Fountain, Connecticut State Capitol, High Street Historic District, Connecticut State Capitol Park, Soldiers and Sailors Memorial Arch"
Qingzhou,36.6853,118.4796,China,914047,43.33,54.79,29.31,1.63,"Полю, Literary museum in Dnipro, Будинок губернатора, Музей історії Дніпра, 13 Voskresenska Street, Dnipro"
Naples,40.8358,14.2486,Italy,913462,42,57.28,28,0,
Santiago del Estero,-27.7833,-64.2667,Argentina,911506,40.66,58.45,27.96,1.07,"ফিরে দেখা ৭১ স্তম্ভ, Fakirtola Jame Masjid ফকিরটোলা জামে মসজিদ, Shah Minnat Ali (RH) Majar Language Solder Momotaj Begaam Rd Narayanganj 1400, Gulshan Cinema Hall গুলশান সিনেমা হল, Narayanganj Central Jame Masjid নারায়নগঞ্জ কেন্দ্রীয় জামে মসজিদ"
Naucalpan de Juárez,19.4753,-99.2378,Mexico,910407,41.92,57.16,27.94,1.47,"NG Patmos, Trinity Baptist, Seventh Day Adventist Westbourne, Port Elizabeth Concentration Camp Memorial, Saint Cuthbert's Anglican Church"
Masbate,12.27,123.58,Philippines,908920,41.9,57.14,27.93,1,"永阳基督教堂, 启东汇龙基督教堂, 永乐影城, 近海基督教堂, 慧萍基督教堂"
Owerri,5.485,7.035,Nigeria,908109,41.87,57.1,27.92,3.17,"Monumento Arturo Reyes, Galería de Arte Mecenas, Galeria de Arte Cartel, Familia Orueta, Plaza del Obispo"
Taishan,22.252,112.794,China,907744,41.87,57.09,27.91,2.83,"Battle of Marrakech, Eglise des Saints Martyrs, Place du 16 Novembre, Marrakech International Protestant Church, Place De La Liberté"
Jiaozhou,36.2647,120.0334,China,907500,41.85,55.81,29.17,1,"Lighthouse Community Center, Walker Memorial Church, Newburg Christian Church, Saint Ignatius Church, Green Acres Church"
Wuchuan,21.441,110.779,China,907354,41.8,57,27.87,1.03,"San Pedro Calungsod Parish Church, Kalbasaan Peak, Camp 7 Chapel, Cantabaco Cemetery, De La Salle ASMC Chapel"
Wafangdian,39.6271,121.9796,China,905082,41.79,55.73,29.13,2.47,"Cinema Impero, Asmara Synagogue, Haben home, H Max, H-MAX video store"
La Plata,-34.9211,-57.9544,Argentina,904789,41.79,56.99,27.86,1.3,"CSI(Church of South India) Boys Higher Secondary School, Koniamaan temple, Ashok Pillar, CHURCH, CLS Church"
Bobo-Dioulasso,11.1833,-4.2833,Burkina Faso,903887,41.79,56.99,27.86,3.67,"Igreja Nossa Senhora dos Prazeres (Catedral), Catedral Metropolitana de Maceió, Palacete Barão de Jaraguá, Igreja Adventista do Sétimo Dia, Prédio sede da Associação Aliança Comercial dos Retalhistas"
Ad Dammām,26.4333,50.1,Saudi Arabia,903312,41.79,55.72,29.12,1,Shizi Ling
Hanchuan,30.6667,113.8333,China,903296,41.78,55.71,29.12,1,"北部湾海洋文化博物馆, 名木培育园, 南宁园, 北海园, 东南亚植物园"
Quzhou,28.9702,118.8593,China,902767,41.78,55.7,29.12,1.2,"Muslim cemetery, Chouwdeshwari Mandir, Hanuman mandir, Ganesh temple, Durga Mata Mandir"
Donetsk,48.0028,37.8053,Ukraine,901645,41.73,56.91,27.82,1.63,"El Shaddai Temple, Zion Methidist Church, Jesus Is Lord Ministry, Jesus Is Lord Church, Regent Road Baptist Church"
Ashmūn,30.2974,30.9764,Egypt,901191,41.67,56.83,27.78,1,"Taiping Buddhist Temple, Linzhou Geological Museum, Xingchan Temple"
Bunia,1.5667,30.25,Congo (Kinshasa),900666,41.66,55.55,29.04,2.6,"Roman Catholic Diocese of Buffalo, Seed of Promise Ministries, Linden Theater, Colonial Theater, Saint Mary of Sorrows Roman Catholic Church"
Wuchang,44.924,127.158,China,897705,41.66,55.55,29.04,1.33,"Palacio del Cine, Iglesia Adventista Las Américas, Iglesia Cristiana y Misionera, Iglesia Franciscana, Iglesia San Jose Obrero"
São Gonçalo,-22.8269,-43.0539,Brazil,896744,41.64,56.79,27.76,1.33,"People's Security Museum, Memorial of President Souphanouvong, Lao People's Army History Museum, Wat Pon Saath, Revolution Monument"
Hengzhou,22.6799,109.2614,China,896099,41.64,55.52,29.02,1.03,"مسجد کوکب رشیدی, سینما استقلال, مسجد ولی عصر عج, مسجد حاج دایی, مسجد امام رضا"
Feicheng,36.1861,116.7719,China,894115,41.6,55.47,28.99,1,"P. Catholique St-Louis, Mosque, Mosque, Eglise Liloba, Eglise Pentecote de Victoire"
Bucaramanga,7.1333,-73,Colombia,893040,41.59,56.71,27.72,1.1,"Masjid Jamek Seberang Jaya, Masjid Batu Permatang Pauh, Masjid Papan Kampung Pertama, Tanah Perkuburan Islam Permatang To' Kandu, Tanah Perkuburan Islam Permatang Tengah"
Cazenga,-8.8214,13.2911,Angola,892401,41.58,56.7,27.72,2.37,"Mosquée BenSaïd, Mosquée Al Ridouane, Palestine Mosque, مسجد الموحدين, Masjid Ramadan"
Mérida,20.9667,-89.6167,Mexico,892363,41.58,55.44,28.98,1,"Rani Chennamma Circle, Eidgah, Sangolli Rayanna, Maier Memorial Church, Sai Baba Temple"
Hegang,47.3501,130.298,China,891271,41.56,56.68,27.71,1.27,"Teatro Municipal Raúl Salmón de la Barra, Ernesto Che Guevara, Anfiteatro, Iglesia Evangélica El Redentor, Cholita Wrestling"
Osmangazi,40.1983,29.06,Turkey,891250,41.55,55.4,28.96,1.07,"Akdere Fazilet Cami, Köşk Camii, Akdere Merkez Cami, Gülistan Telyakar Nuri Camii, İmamı Azam Cami"
Morādābād,28.8319,78.7764,India,889810,41.53,56.63,27.69,1.23,"무봉산 전망대, 무봉산, Католическая церковь, 남양성모성지, shrine of Our Lady of the Rosary of Namyang"
Bangui,4.3733,18.5628,Central African Republic,889231,41.53,55.37,28.94,1.05,"英德市科技馆, 英德市博物馆, 紫金山烈士陵园, 英德烈士陵园, 英德烈士纪念碑"
Abeokuta,7.1608,3.3483,Nigeria,888924,41.52,56.62,27.68,1.63,"M G Ellis Park, Saint Marys Church, National Multicultural Western Heritage Museum and Hall of Fame, Rose Marine Theater, Marine Park"
Cancún,21.1606,-86.8475,Mexico,888797,44.02,51.57,30.18,1.97,"世田谷区民会館, Shoukokuji, Shōin shrine, 念空寺, 大吉寺"
Zaoyang,32.129,112.772,China,888794,41.5,56.59,27.67,1.1,"Okurlar Cami, Üçgül Mescidi, Atiye Hatun Mescidi, Osmanlı Mescid-i Şerifi, Piri Türkistan Cami"
Dongtai,32.795,120.519,China,888410,41.5,55.33,28.92,2.88,"Luoding Wen Pagoda, 罗定市博物馆, Sanluo Minzhong Kangri Zhihuibu Jiuzhi, Jing'e Academy, Luoding Confucian Temple"
Antipolo,14.5842,121.1763,Philippines,887399,41.49,55.33,28.92,3.33,"I love JLM, New Gate, The New Gate, Jerusalem Historical City Hall Building, Water"
Taguig City,14.52,121.05,Philippines,886722,41.48,55.31,28.91,1,"مسجد مربع 16 الردمية, مسجد مربع 15 الردمية, مسجد حذيفة بن اليمان, مسجد الصالحين, مسجد قباء الشقلة وسط"
Tabūk,28.3972,36.5789,Saudi Arabia,886036,41.47,56.55,27.65,1,风穴寺
Xishan,27.6461,113.497,China,885987,42.7,54,28.89,1.23,"RCCG White Chapel LP9, Mountain of Fire Miracle Ministeries, Alhaji Ibraheem Boladale Mosque, 75 Falolu Road, Abdul-Kareem Sodunke Memorial Mosque"
Zhoushan,29.9856,122.2074,China,882932,41.43,56.5,27.62,2.3,"Historic Centre of Trujillo, Statua antropofica, Plaza de Armas, Casa Urquiaga, Casa Bracamonte"
Panama City,8.9711,-79.5347,Panama,880691,41.43,55.24,28.88,1.2,"北九州市民劇場, 小倉昭和館, 正一位稲荷大明神, Kita-Kyushu Manga Museum, 宇宙海賊キャプテン・ハーロック"
Tucson,32.1541,-110.8787,United States,879871,41.42,56.49,27.62,1.53,"Templo del Senor del Encino, Templo del Señor del Encino, Aguascalientes, Museo J. Guadalupe Posada, Teatro Morelos, Templo del Ave Maria"
Yichun,47.728,128.841,China,878881,41.41,56.47,27.61,1.07,"Khulna Divisional Museum, Babri Chattar, Baitun nur Mosque Complex, Moilapota Jam-E Masjid, Tarminal mosque"
As Sulaymānīyah,35.55,45.4333,Iraq,878146,41.41,56.47,27.61,1.97,"Casa Creel, Roman Catholic Archdiocese of Chihuahua, Catedral de Chihuahua, Cine Plaza, Lealtad Republicana"
Klang,3.0223,101.5481,Malaysia,878000,42.63,53.91,28.84,1.4,"Saint Patricks Roman Catholic Church, Olivet Congregational Church, Church of God International, Igreja Mundial do Poder de Deus, Igreja Avivamento da Fe"
Tiruppūr,11.1085,77.3411,India,877778,42.62,53.9,28.83,1,"马陵山风景名胜区, 马陵山省级国家森林公园"
Marseille,43.2964,5.37,France,877215,41.33,56.35,27.55,1.27,"Krishnaraja Wodeyar, PVR Cinemas, Clock Tower, Mosque, Parakala Mutt"
Gurgaon,28.456,77.029,India,876824,41.32,56.34,27.54,1.47,"Giant teapots, Mattock Bazaar, Kashgar rebuilt old city, Mao Zedong statue, East Gate"
Yangchun,22.1704,111.7916,China,875896,42.56,53.82,28.79,1,"창대교회, 영도교회, 교회, 주원교회, 하대원교회"
Ar Ramādī,33.4258,43.2992,Iraq,874543,41.31,56.33,27.54,1.23,"New Home Full Gospel Cathedral, Faith Church, Village de L’Est Baptist Church, Mary Queen of Viet Nam Church, Vietnamese Martyr’s Church"
Hai’an,32.535,120.563,China,874334,41.3,55.07,28.79,1.17,"Good Shepherd World Prayer Center, Jailaniya Mosque, Prayer Hall, Noor Mosque, Jamal Mohamed College Mosque"
Jalandhar,31.326,75.5762,India,873725,41.3,56.31,27.53,1.2,"Salon del Reino del los Testigos de Jehova, Iglesia Biblica Emmaus, Iglesia Caminando en las Alturas, Iglesia en Cristo Somos Diferentes, Iglesia de Dios"
Daye,30.0961,114.9804,China,871214,41.27,55.03,28.77,1.03,"青州宾馆, 新世纪影城, 丁洪三画室, 朝阳美术培训学校, 北门里牌坊"
Zhongxiang,31.168,112.588,China,868897,41.26,55.02,28.76,3.34,"Piazza del Plebiscito, Equestrian statue of Carlo III, Ferdinando I, Carlo di Borbone, Teatrino di corte"
Gaomi,36.3833,119.75,China,868715,41.24,56.24,27.5,2.43,"Colegio del Centenario, Estatua de José de San Martín, Parroquía San Cayetano, LDS Church, Museo de Arte Sacro San Francisco Solano"
Teresina,-5.0903,-42.8167,Brazil,868075,39.98,57.48,27.49,1.4,"José Ma. Morelos, Teatro De la Ciudad ""Bicentenario"", Teatro de la Ciudad Bicentenario, Monumental Flag, Iglesia de Cristo Principe de Paz"
Lhasa,29.6534,91.1719,China,867891,41.22,56.21,27.48,1.07,"Holjogan Falls, Mayong Payong Viewpoint, Mount Uac, Mangroves Walkway, St Joseph Parish Church"
Ipoh,4.6,101.065,Malaysia,866772,41.21,56.19,27.47,1,"Assumpta Maria Cathedral, Akachi Monument, Omega Fire Ministries, ST. Joseph Catholic Church, IMSU, Winners Chapel"
Saltillo,25.4231,-100.9919,Mexico,864431,41.2,56.19,27.47,1.93,"礼拜堂, Chen Yixi's Statue, 凌云古塔, 塔山, 鹅山"
Aden,12.8,45.0333,Yemen,863000,41.19,56.17,27.46,2.07,"天主堂, 少海湿地公园, Jinan–Qingdao high-speed railway, Jinan–Qingdao high-speed railway, Jinan–Qingdao high-speed railway"
El Paso,31.8476,-106.43,United States,862494,41.16,56.12,27.44,2.71,"Shenzhen-Zhanjiang Railway, Shenzhen-Zhanjiang Railway, Shenzhen-Zhanjiang Railway, Shenzhen-Zhanjiang Railway, 鼎龙湾国际海洋度假区"
Gongzhuling,43.5053,124.8224,China,862313,41.15,56.12,27.44,0,
Lianyuan,27.692,111.664,China,862099,41.15,56.12,27.43,1.8,"Plaza Mariano Moreno, Piedra fundacional de la Ciudad, Estatua y fuente a la Primavera, Casco urbano fundacional de la Ciudad de La Plata, Estatua y fuente al Otoño"
Ikeja,6.6,3.35,Nigeria,861300,41.15,54.86,28.68,1.4,"Mosquee de St Etienne, Paroisse Saint Vincent De Paul, Daouda, SANKARA, Mosquée"
Tyumen,57.15,65.5333,Russia,861100,41.14,56.1,27.43,1.07,"Bait shawaya dammam, Rayan Mosque, home, Khalid sahb, Malik"
Cochabamba,-17.3883,-66.1597,Bolivia,856198,41.14,56.1,27.43,0,
Portsmouth,50.8058,-1.0872,United Kingdom,855679,41.12,56.07,27.41,2.43,"天皇巷天后宫, Zhouxuanlingwang Miao, 赵抃祠, 鹿鸣山, Zhangzhou Confucius Temple"
Southampton,50.9025,-1.4042,United Kingdom,855569,41.11,56.07,27.41,1.9,"Стелла, Капсула часу, Lenin Monument, Юность, Monument «In Perspective»"
Hermosillo,29.0989,-110.9542,Mexico,855563,41.08,54.78,28.63,1.67,"Mosque Raslan, قرية وردان, Merimde culture"
Cheongju,36.6333,127.4833,"Korea, South",852018,41.08,56.02,27.39,1.11,"Mosquée Centrale, Roman Catholic Diocese of Bunia, Paroisse Notre Dame de l'Annonciation Nyakasanza, Orthodoxe, Cité d'espérance"
Shache,38.4261,77.25,China,851374,41.07,56,27.38,0,
Thanh Hóa,19.8075,105.7764,Vietnam,850000,41.04,54.72,28.61,1,"Igreja de São Gonçalo do Amarante, Igreja Cristã Andando com Cristo, Igreja Matriz São Gonçalo do Amarante, Centro Espírita Galiléia, Primeira Igreja Batista de São Gonçalo"
Macheng,31.173,115.008,China,849090,41.04,55.96,27.36,0,
Akure,7.25,5.195,Nigeria,847903,41.01,55.93,27.34,1,"世纪之星, 翦云山, 夹子山, 莲花盆山, 黄巢寨峰"
Ilorin,8.5,4.55,Nigeria,847582,40.97,54.63,28.55,1,"Morro Ventanas, Cerro Morronagre, Cascada Del Venado, CASCADA DEL VENADO, Cascada del Venado"
Erbil,36.1911,44.0094,Iraq,846000,40.97,55.86,27.31,1,"Igreja pentecostal, Igreja de Santo António, 4th February Historical Landmark, Igreja Presbiteriana, Igreja Metodista Unida Jose Catumbela"
Kathmandu,27.71,85.32,Nepal,845767,40.97,55.86,27.31,1.6,"Iglesia de Nuestra Señora del Tránsito de Mejorada, Monumento a los Niños Héroes, Galeria Merida, Museo de la Canción Yuc., Museo de la Canción Yucateca"
Turin,45.0792,7.6761,Italy,841600,42.21,53.38,28.55,1,凯旋门
Anqiu,36.478,119.219,China,840553,40.84,55.7,27.23,1.1,"Şeyh Edebali Camii, Santral Garajı Cami, Avşar Sinemaları, Yeni Camii, Küplüpınar Cavit Çağlar Cami"
Yuci,37.6823,112.7281,China,840000,42.04,53.17,28.44,0,
Dehui,44.535,125.703,China,839786,40.78,55.61,27.19,1.43,"Place (rond-point) des Martyrs, St Sauveur, Fateb Church, Centre Jean 23, Salle omnisports"
Pietermaritzburg,-29.6167,30.3833,South Africa,839327,40.76,54.35,28.41,1.33,"Roman Catholic Diocese of Abeokuta, Cathedral Church of St. Peter, Olumo Rock, St. Peter and St. Paul Cathedral, Ibara Central Mosque"
Durban,-29.8833,31.05,South Africa,838634,40.74,55.55,27.16,1,"Cinemark 5 La Isla Cancún, Cinepolis Cancún Mall, Catedral de la Santisima Trinidad, Cinemex, Iglesia"
Saratov,51.53,46.035,Russia,838042,43.17,50.57,29.6,3,"Battle of Suixian–Zaoyang, Battle of Zaoyang–Yichang"
Bhubaneshwar,20.27,85.84,India,837737,40.7,55.49,27.13,1,东台市文化艺术中心
Yushu,44.826,126.55,China,836098,40.69,55.48,27.12,1.27,"Church of God in Antipolo, Iglesia ni Cristo, La Funeraria Oro, Our Lady of Peace Memorial Park I, Himlayang Katoliko"
João Pessoa,-7.12,-34.88,Brazil,833932,40.68,55.48,27.12,1.3,"The Heritage Park, The Heritage Park, Carlos P. Garcia, Ferdinand E. Marcos, Tomb of the Unknown Soldier"
Samarinda,-0.5,117.1378,Indonesia,831460,40.65,55.43,27.1,1.21,"Tabuk Castle, hotel, Battle of Tabouk, Lightning F53, Tabuk Museum"
Omaha,41.2627,-96.0529,United States,826161,40.63,54.17,28.32,2,"Shanghai–Kunming high-speed railway, Shanghai–Kunming high-speed railway, Shanghai–Kunming high-speed railway, Shanghai–Kunming high-speed railway"
Qingping,34.539,113.391,China,826031,40.62,54.16,28.31,1,"军廷庙, Harbor, 普陀保利大剧院, 新杨亭庙"
Rongjiawan,29.15,113.1024,China,826000,40.57,54.1,28.28,3.93,"Ministerio de una Vida Abundante, Instituto Conmemorativo Gorgas de Estudios de la Salud, Iglesia Cristo Rey, Casa Museo Banco Nacional, Edificio de la Procuraduría de la Administración"
Weichanglu,37.1792,119.9333,China,824708,40.51,55.25,27.01,1.07,"USAF KB-50J, USAF EC-135J, USAF B-36J, NASA KC-135A, USAF EC-121T"
Sakai,34.5733,135.4831,Japan,824408,40.47,55.19,26.98,1.67,"森林博物馆, Manchurian mixed forests, Tower"
Eskişehir,39.7767,30.5206,Turkey,820568,40.47,53.96,28.21,1.03,"Sulaymaniyya eparchy of the Chaldeans, شارع ماما ريشان, mala hsseni pskande mosque, Haji Rasul Aghal mosque, abdulla lotfi mosque"
Renqiu,38.686,116.084,China,816401,40.46,55.17,26.97,1.17,"Masjid An-Nur Muhammadiah, Surau Ad-Din, Nageswari Amman Temple, Kuil Seri Maha Mariamman, Immanuel Church"
Wutong,30.6333,120.5333,China,815848,40.44,55.14,26.96,1.43,"Pushpa Theatre, Chatherine Cherch, Guruvayurappan Temple, Tiruppur Tirupathi, Universal Theatre"
Barcelona,10.1403,-64.6833,Venezuela,815141,40.41,55.1,26.94,4.27,"Massalia, Massilia, Marseille City Hall, Pythéas et Euthymènes, M"
Wu’an,36.697,114.204,China,811631,41.62,52.64,28.15,1.17,"Hanuman Mandir, Rajiv Chowk Mosque, Shiv Mandir, Rang Parivartan, Radha Krishna Mandir"
São Bernardo do Campo,-23.6939,-46.565,Brazil,810729,42.83,51.39,28.14,1.75,"Donghu Square, Yangchun–Yangjiang Railway, Yangchun–Yangjiang Railway, Yangchun–Yangjiang Railway"
McAllen,26.2252,-98.2467,United States,810034,40.37,55.04,26.91,1.27,"خياطة علي الحماد2, شارع المستودع, جامع شيخ يحيى, كراج الفلوجه, شارع 17 تموز"
Narela,28.85,77.1,India,809913,40.32,54.99,26.88,1,"海安烈士陵园, Xujiaba, 苏中七战七捷纪念馆, 汽车文化馆, 三里塔庙"
Bhayandar,19.29,72.85,India,809378,40.31,53.74,28.09,1.43,"Battle of Kartarpur, 11 Corps, Model Town Gurudwara, Arya Samaj Model Town, Devi Talab Mandir"
Culiacán,24.8069,-107.3939,Mexico,808416,40.3,54.96,26.87,3.4,"Site of the Daye Soldiers Revolt, Tonglüshan Mine Site, 黄石科学技术馆, 黄石市博物馆, 天主堂"
N’Djamena,12.1053,15.0447,Chad,807000,40.29,54.94,26.86,4.17,"元佑宫, 钟祥文风塔, Shaosima Memorial Archway, Zhongxiang Museum, 明显陵"
Xiashi,30.5333,120.6833,China,806966,40.28,54.92,26.85,2.93,"Jiao'ao–Jinan High-Speed Railway, Jiao'ao–Jinan High-Speed Railway, Jiao'ao–Jinan High-Speed Railway, Jiao'ao–Jinan High-Speed Railway, Jiao'ao–Jinan High-Speed Railway"
Cúcuta,7.8942,-72.5039,Colombia,806378,40.24,53.65,28.05,2.6,"Igreja de Nossa Senhora do Amparo, Praça da Bandeira, Museu de Arte Santeira, Museu do Piauí, Galeria do Mercado Central"
Danyang,32,119.586,China,806300,40.22,54.85,26.81,2.63,"Dropenling, Tibetan Works, Lhasa Great Mosque, Ani Tsankhung Nunnery, south-eastern rigs gsum lha khang"
Dongyang,29.2667,120.2167,China,804398,40.22,54.84,26.81,1.27,"St Augustine Church, Wadda Gurdwara Sahib Ipoh, Our Lady of Lourdes Catholic Church, gurudwara, Pentecostal Church of Malaysia, Ipoh"
Kraków,50.0614,19.9372,Poland,804237,40.22,54.84,26.81,1.17,"Templo Smirna, Parroquia de la Santísima Trinidad, Centro Cultural Universitario, Francisco I. Madero, Parroquia de San Francisco"
Oran,35.6969,-0.6331,Algeria,803329,40.19,54.81,26.8,1,"مسجد باجنيد, جامع القدس, جامع الخير, مسجد أبي ذر الغفاري, مسجد مصعب بن عمير"
Pasig City,14.5605,121.0765,Philippines,803159,40.16,54.77,26.78,1.27,"House of Prayer Church of God in Christ, McGill Pauper Cemetery, Sunrise Baptist Church, Rest Lawn Cemetery, Grace Church"
Thessaloníki,40.6403,22.9356,Greece,802572,40.16,54.76,26.77,1,"公主岭市殡仪馆, 固伦和敬公主雕像"
Blantyre,-15.7861,35.0058,Malawi,800264,40.16,54.76,26.77,2,"Heye Railway Station, Baozhuzhai, Shanghai–Kunming high-speed railway, Shanghai–Kunming high-speed railway, Shanghai–Kunming high-speed railway"
Palermo,2.8917,-75.4375,Colombia,800000,40.14,54.74,26.76,1.27,"Fela Kuti Memorial, Lagos Airport Hotel Mosque, Opebi, Silverbird, Aircraft"
Qamdo,31.143,97.17,China,798067,42.58,51.09,27.98,4.9,"Дом А.П. Карякина (Тюмень), Herzen Street 76, Tyumen, Тюменский государственный театр драмы и комедии, Дом И.С. Замятина (Тюмень), Тюменский ЦИРК"
Karīmnagar,18.4386,79.1288,India,797447,40.14,54.74,26.76,3.43,"Misionero Oblatos de María Inmaculada, Vivienda calle Baptista y México, Vivienda calle Baptista y México, Capilla La Salle, Vivienda calle Baptista y Mayor Rocha"
Libreville,0.3901,9.4544,Gabon,797003,41.35,52.3,27.97,3.73,"Horse Trough, 379,381 And 383, Old Commercial Road, 387 And 389, Old Commercial Road, Mile End Chapel Studio And Attached Wall And Piers, Savoy Cinema, Portsmouth"
Hejian,38.4466,116.0995,China,795198,40.13,54.72,26.75,4.1,"The Bargate, 6, High Street, Barclays Bank Ltd, Bargate Street, Arundel Bridge"
Seyhan,36.9831,35.3328,Turkey,795012,40.11,54.7,26.74,1.07,"HMO, Santa Eduwiges, Reloj, La Iglesia de Jesucristo de los Santos de los Ultimos Dias, Hermosillo Sonora México Temple"
Laiyang,36.9758,120.7136,China,794986,40.11,53.48,27.95,1.27,"Cheongju Early Printing Museum, Battle of Cheongju, 사직동성당, CGV 청주남문 (Cheongju South Gate), 청주시립미술관"
Querétaro,20.5875,-100.3928,Mexico,794789,40.1,54.68,26.73,1.5,"Yarkand Khant Royal cimetery, Altyn Mosque, 阿勒屯清真寺, 木卡姆影剧院, Mosque"
Wuxi,26.58,111.841,China,791939,40.1,53.46,27.94,1.18,"Le Loi Statue, Park, Nhà Thờ, Cathedral, Lam SonOpera House"
Yiyang,26.4221,112.3999,China,790676,40.07,54.64,26.71,1.67,"Macheng Museum, Temple of Confucius, Lingbi Temple, 五脑山庙, Wunaoshan National Forest Park"
Niigata,37.9161,139.0364,Japan,790646,40.04,54.6,26.69,1.33,"Roman Catholic Diocese of Ondo, Akure Central Mosque, St. David's Cathedral, The Old Palace of the Deji of Akure, Holy Mary Statue"
Vinh,18.6667,105.6667,Vietnam,790000,41.22,52.14,27.89,1,"Sobi Rock, Noviziat der Schwestern Ilorin, Noviziat der Brüder Ilorin"
Puxi,35.2125,114.735,China,789300,39.99,54.53,26.66,1.63,"Erbil, Citadel of Erbil, Traditional Hammam, Citadel of Erbil, Qallat Mosque"
Hempstead,40.6629,-73.6089,United States,789177,41.2,52.1,27.87,1.2,"Q's cinemas, Q's Cinemas, Kathmandu, The City Museum Kathmandu, प्रज्ञा प्रतिष्ठान"
Hamamatsu,34.7108,137.7275,Japan,788211,39.98,54.51,26.65,2.73,"Giuseppe Cafasso, Museo di Devozione Mariana del Santuario di Maria Ausiliatrice, Giovanni Bosco, Basilica di Maria Ausiliatrice, Chiesa del Santo Sudario"
Zijinglu,34.7667,112.9667,China,785242,39.95,54.48,26.64,1,"大山, 灵山仙庄, 灵山, 铁山, 葫埠"
Kumila,35.25,73.5,Pakistan,784711,41.16,52.05,27.84,1.33,"榆次老城, 晋中市博物馆, Roman Catholic Diocese of Yuci"
Xingyi,25.092,104.8955,China,783120,39.93,54.45,26.62,0,
Xingcheng,24.1347,115.73,China,779411,39.92,54.44,26.62,1.33,"Maritzburg College Chapel, Delville Woods' Weeping Cross, Winston Churchill Theatre, St Alphege's Church, Scottville Baptist building"
Birmingham,33.5279,-86.7971,United States,778756,39.91,54.42,26.61,1.67,"Durban South Africa Temple, Dolphin Stadium Stands, Seal Stadium Stands, Addington Beach, South Beach, Durban"
Ailan Mubage,43.908,81.2777,China,778047,39.86,54.36,26.57,3.07,"Statue of Nikolai Chernyshevsky, Saratov, Monument to Alexander II of Russia in Saratov, Statue of Nikolai Chernyshevsky, Saratov, Мелодия, Saratov Conservatory"
Lubango,-14.9167,13.5,Angola,776249,39.85,54.34,26.57,2.1,"Hanuman Temple, Gurdwara Singh Sabha Bhubneshwar, Keshari Talkies, Ekamra Haat, Rabindra Mandap"
Frankfurt,50.1106,8.6822,Germany,775790,39.83,53.11,27.76,1,"佰金影城, 魁星楼, 种榆书院, 榆树城市标志, 音乐喷泉（夏季）"
Homs,34.7319,36.7181,Syria,775404,39.83,54.32,26.56,2.3,"Parque Sólon de Lucena, Chafariz da Lagoa, Centro, Pedra do Reino, Pedra do Reino"
Bilbao,43.2569,-2.9236,Spain,775000,39.78,54.25,26.52,1.1,"Masjid Al-Ma'un, Masjid Baitul Jabbar, Masjid Al-Mu'min, Tambangan Monument, Masjid Al-Hikmah"
San Luis Potosí,22.1511,-100.9761,Mexico,772828,39.78,54.25,26.52,1.1,"First Covenant Church, Unity of Omaha, Saint Timothys Lutheran Church, Indian Hills Theater, Lewis Art Gallery"
Bucheon,37.5,126.7833,"Korea, South",772450,39.77,53.03,27.72,7,Dahuting
Fuyang,30.0553,119.95,China,771000,39.77,54.23,26.51,0,
Korla,41.7259,86.1746,China,770000,39.76,53.01,27.71,1,千佛阁动物园
Khŭjand,40.2833,69.6333,Tajikistan,770000,39.73,52.97,27.69,1.57,"Sakai City Hall, 堺市役所高層館展望ロビー, 和の構造・2, Ｇｏｉｔｈ, 和の構造・1"
Hamhŭng,39.9167,127.5333,"Korea, North",768551,42.13,50.56,27.69,1.8,"Battle of Dorylaeum, Holy Trinity Church, tasbasi caddesi, Cinema Pink, Dünya Müzeleri Müzesi"
Erzurum,39.9086,41.2769,Turkey,767848,40.91,51.74,27.68,2,"Renqiu City Museum, Xinzhongyi Railway Station"
Albuquerque,35.1054,-106.6465,United States,767499,39.69,54.12,26.46,2.17,"陆鸟粪の御用圣域, 陆鸟粪の画像, Luojiajiao, 庙牌小学遗迹, Sheraton Huzhou Hot Spring Resort"
Zagreb,45.8131,15.9772,Croatia,767131,39.67,52.89,27.65,1.93,"Teatro Cajigal, Plaza Bolívar, Iglesia Ermita Nuetra Sra. del Carmen, Banco de Venezuela, Iglesia Ermita Nuetra Sra. del Carmen"
Al ‘Ayn,24.2075,55.7447,United Arab Emirates,766936,39.65,54.06,26.43,1,"Longquan Temple, Bixia Yuanjun Temple, Christ Church, 儒山, 土山奶奶庙"
Dodoma,-6.1731,35.7419,Tanzania,765179,39.64,52.85,27.63,1.07,"Paróquia São Judas Tadeu, Igreja Casa de Oração, Comunidade Rocha Viva, Assembléia de Deus, Congregação Cristã no Brasil"
Pikine,14.744,-17.4021,Senegal,764597,39.59,52.79,27.6,1.4,"McAllen Peace Officers' Memorial, Our Lady of Perpetual Help Church, McAllen Botanical Gardens, Emmanuel Baptist Church, Texas Theatre"
Patiāla,30.34,76.38,India,763280,39.59,52.79,27.59,1.44,"Satanam Dharam Mandir, Akbarpur Barota Mughal Kos Minar, Hanuman Mandir, Shiv Mandir, Temple"
Bahawalpur,29.3956,71.6836,Pakistan,762111,39.58,53.97,26.39,1.13,"Nayanagar Mosque, Al Shamsh jummah mosque, Azad Nagar Mosque, Our Lady of Nazareth Church, Our Lady of Nazareth Cemetery"
Qingnian,36.8494,115.7061,China,760781,39.57,52.76,27.58,1.23,"Battle of Culiacán, Cathedral Basilica of Our Lady of the Rosary, Catedral de Nuestra Señora del Rosario, MIA Museo Interactivo Contra Las Adicciones, MIA"
Sanhe,40.0167,117.0833,China,760107,39.57,53.96,26.38,1.23,"Rond point Mairie دوار دار البلدية, cyber café Apple, مركز المنى الثقافي, Rond point STT دوار الشركة النقل العابر, Église Évangélique N02"
Kaduna,10.5167,7.4333,Nigeria,760084,39.56,53.95,26.38,1.13,"海宁博物馆, 西山, 惠力寺, 紫微阁, 硖石景区"
Winnipeg,49.8844,-97.1464,Canada,758515,39.56,52.75,27.57,1.53,"Puente Eustorgio Colmenares, Iglesia Santísimo Redentor, Plaza de Banderas, templo adventista séptimo dia, JUANA RANGEL"
Baardheere,2.3447,42.2764,Somalia,755500,39.55,52.74,27.57,1.5,"水晶山, Sanshan Railway Station"
Shīshgarh,28.72,79.32,India,753815,39.54,52.72,27.56,1.21,"Residence of the Lu Family in Dongyang, 西岘峰, 音乐喷泉, 东阳剧院, 东岘峰"
Leping,28.978,117.152,China,753787,39.53,53.9,26.35,4.13,"Siege of Kraków, Siege of Kraków, Siege of Kraków (1657), Restauracja sukiennice, Cloth Hall"
Colombo,6.9167,79.8333,Sri Lanka,752993,39.52,53.9,26.35,1.2,"Rond-point Idaa, دوار الولاية, Mosquée Zine El Abidine, مسجد الهداية, MANSOURAH"
Nerima,35.7356,139.6517,Japan,752608,39.52,52.69,27.54,1.47,"Colegio del Buen Consejo historical marker, Rizal Monument, Pasig City Museum, Church of Pasig historical marker, College of the Augustinian Sisters historical marker"
Natal,-5.795,-35.2089,Brazil,751300,39.49,53.85,26.33,3.83,"Άγαλμα Κωνσταντίνου Α', Αρχαιολογικός χώρος, Πασά Χαμάμ, Anaglifou Tower, Vardari Fortress"
Lichuan,30.291,108.9364,China,750670,39.47,52.63,27.51,1.13,"Crafters market, City Pentecostal Church, Beautiful Savior Lutherian Church, Malawi Stock Exchange, Blantyre Community Church"
Pendik,40.8747,29.235,Turkey,750435,39.47,52.63,27.51,1,"Gruta Santa Rosalia, Alto Calvario, Cascada La Guagua, Cerro Hato Viejo, Filo Portachuelo"
Gdańsk,54.3475,18.6453,Poland,749786,39.43,52.57,27.48,1.81,"昌都解放纪念碑, Galden Jampaling Monastery, Changdu Museum, Battle of Chamdo, 昌庆街铭"
Licheng,31.4306,119.4788,China,749522,39.43,52.57,27.48,1,"Muslim Burial Ground, Masjid un Nabi (Ahle Sunnat wal Jamaat), Kotla Shekhan Masjid, Raja Theater, Sai baba Temple"
Santo André,-23.6533,-46.528,Brazil,748919,39.41,53.73,26.27,1.17,"Battle of Gabon, Abraca'delires, Mosquee, Pointe Pira, Memorial Leon M'ba"
Andijon,40.7833,72.3333,Uzbekistan,747800,39.38,52.51,27.45,1,Ancient Hejian Government
Gaalkacyo,6.7697,47.4308,Somalia,745000,39.37,52.49,27.44,2.03,"Büyük Saat, Great Mosque, Taşköprü, Yağ Camii, Surp Asdvadzadzin Cathedral (Adana)"
Ōta-ku,35.5614,139.7161,Japan,744849,40.54,51.27,27.43,0,
Thiruvananthapuram,8.5241,76.9366,India,743691,39.31,53.61,26.21,1.27,"Capilla del Espirítu Santo, Templo de Santo Domingo, San Agustín, Museo de Arte, Santa Rosa de Viterbo"
Nampula,-15.1167,39.2667,Mozambique,743000,39.29,53.58,26.2,2,"Huashan Ling, Hunan–Guangxi Railway"
Zhuanghe,39.681,122.967,China,742496,40.47,51.19,27.38,1,"Changning Opera & Dance Drama Theater, Shizipai, Shiziling"
Kyaukse,21.6131,96.1303,Burma,741071,39.28,53.56,26.19,1.53,"蛇松明神社, 黄龍神社, 松尾神社, 餅撞き道祖神, 道祖神"
Tulsa,36.1283,-95.9042,United States,740620,39.23,52.3,27.34,1,"Old Citadel Wall, Old Citadel Wall Archway Entrance, Old Citadel Wall, Old Citadel Wall, Old Citadel Wall Archway Entrance"
Chengguan,35.4623,113.8054,China,740435,39.21,53.47,26.14,1,中国医学博物馆
Bağcılar,41.0344,28.8564,Turkey,740069,39.21,53.47,26.14,1.03,"First Presbyterian Church, Refuge Church of Christ, Mineola Korean Presbyterian Church, Second Baptist Church, Grand Avenue Cinema"
Bouaké,7.6833,-5.0331,Côte d’Ivoire,740000,39.19,53.44,26.12,1.37,"無量壽寺静岡別院, 日本基督教団浜松元城教会, 浜松城本丸跡, 家康公鎧掛松, 鎧掛松"
Cabinda,-5.56,12.19,Angola,739182,39.18,53.42,26.12,4,"Kang Baiwan's Mansions, 康百萬莊園, 永昭陵, 巩义市博物馆, Gongxian Grottoes"
Kumamoto,32.8031,130.7078,Japan,738385,39.16,53.41,26.11,0,
Kermān,30.2625,57.0575,Iran,738374,39.16,53.4,26.11,1.5,"马岭河峡谷, 马岭河瀑布群, 马岭河瀑布群, Zhaozhuang Bridge"
Lingbao Chengguanzhen,34.5176,110.8942,China,736300,39.13,52.18,27.27,2,"Xingning Academy, 棣华围, 磐安围, 荣槐楼"
Orūmīyeh,37.5439,45.0647,Iran,736224,39.13,52.17,27.27,3.63,"Mount Nebo Baptist Church, Central Church of Christ, Sloss Furnaces National Historic Landmark, Powell School, Norwood Theatre"
Quebec City,46.8139,-71.2081,Canada,733156,39.12,52.16,27.26,2.2,"伊犁州文化馆, 新疆三区革命历史纪念馆, 新疆三区革命历史纪念馆, Sanqu Revolutionary Government Site, 伊宁市艺术剧院"
Taihe,30.871,105.388,China,732380,39.11,53.34,26.08,1.03,"Igreja Baptista, Roman Catholic Archdiocese of Lubango, Gráfica da Huíla, Mini-Zoo, Centro Histórico"
Yanggok,37.6333,127.2167,"Korea, South",732376,39.11,52.14,27.26,3,"Gerechtigkeitsbrunnen, Minervabrunnen, Binding-Schirn, Haus Frauenstein, Römerberg-Festspiele"
Zhongba,31.771,104.755,China,731343,39.1,52.13,27.25,1.69,"Homs Cathedral of the Holy Spirit, Syrian Catholic Archeparchy of Homs, Melkite Catholic Archeparchy of Homs, Homs, Saint-Geaoges"
Osogbo,7.7667,4.5667,Nigeria,731000,39,53.19,26,5.5,"Casa Tenderia 28, Casa Tenderia 30, Casa Tenderia 26, Casa Belostikale 26, Casa Tenderia 23"
Sizhan,38.9846,106.3828,China,730400,38.98,53.15,25.99,1.6,"PLAZA DE ARMAS SAN LUIS POTOSI, Catedral Potosina, St. Louis the King Cathedral, San Luis Potosí, El señor de las palomas, Casa Museo de Manuel José Othón"
Suohe,34.7833,113.35,China,730135,38.98,51.97,27.17,1,"부천 신정 교회, 중2동성당, 참사랑교회, 대한감리회 기둥교회, 심곡제일교회"
Xiangxiang,27.7186,112.5502,China,730103,38.96,53.13,25.97,1.3,"Enbo Bridge, Sigong Church, Site of Sizhou Paper Mill, 如意尖, 狗头山"
Hamilton,43.2567,-79.8692,Canada,729560,38.93,53.09,25.96,1.4,"Bayingolin Mongol Autonomous Prefecture, Birds, 铁门关, Iron Gate Pass, chinese name tag"
Songyang,34.4553,113.0253,China,729332,38.87,51.83,27.09,1.07,"Гумбаз кабуд, Медресе им. Шейха Муслихиддина, Мавзолей Маслихиддина, Надгробье Мавлонхон ибни Ахмадхон, Манора"
Cagayan de Oro,8.48,124.65,Philippines,728402,38.87,51.83,27.09,1.25,"Hamhung Grand Theatre, Sonhwa Hall, Hamhung Revolutionary Museum, Mt. Tonghung, Kim Il-sung and Kim Jong-il Statues"
Qian’an,39.999,118.701,China,728160,38.86,52.99,25.9,1.27,"Erzurum Kalesi, Erzurum Offensive, Taşhan, Cimcime Hatun Kümbeti, Taşhan"
Shuangqiao,35.067,112.602,China,727265,38.85,52.98,25.9,3.1,"Coronado Park, Ernie Pyle Theatre, Kosmos Performance Space, Yucca Theatre, Graves Park"
Chaohucun,31.6244,117.8902,China,727162,38.84,51.79,27.07,1.63,"Free Spirit Walking Tour Zagreb meeting point;Free Spirit Walking Tour Meeting point, Ban Josip Jelačić 1801-1859, Mjesto rodne kuće Antuna Mihanovića, Venus, Manduševac"
Manama,26.2233,50.5875,Bahrain,727000,38.83,51.77,27.06,2.1,"Al Ain, Mutaredh Oasis, Al Jahili Fort, المعترض شارع العجايب, Desert Gallery"
Zouping,36.863,117.743,China,726722,38.83,52.95,25.89,1.13,"Gaddafi Mosque, Gaddafi Mosque, Traffic Lights, Mosque, Hindu Temple"
Charleston,32.8168,-79.9687,United States,726389,38.82,51.76,27.06,1.03,"Notre-Dame du Cap Vert, Mosquée d'Icotaf 1, École Franco-Arabe et mosquée Alfalah, Église des Assemblées de Pikine-Dalifort, Diouma Hady Niass"
Uvira,-3.4,29.15,Congo (Kinshasa),726000,38.82,51.76,27.05,1.43,"St. peter church, Ajit singh, Fountain Chowk, 1 Armd, Phool"
Durgāpur,23.55,87.32,India,726000,38.8,52.92,25.87,1.37,"Fareed Gate, Farid Gate, Masjid Molvi Akhtar Ali, Bahawalpur Museum, Ford Woody Van"
An Najaf,32.029,44.3396,Iraq,724700,39.97,50.56,27.04,1,"LInqing East Mosque, LInqing North Mosque, Daning Temple, Linqing Theatre"
Fresno,36.783,-119.7939,United States,724547,38.8,52.91,25.87,1,苇子庄清真寺
Cencheng,22.9167,111,China,724364,38.78,51.7,27.03,1.23,"Kano Road Central Mosque, Afuwa Photos, Inagwa Viewing Centre, Mosque (Audu Kwangila), Idris Viewing Center"
Umraniye,41.0311,29.1081,Turkey,723760,38.76,51.68,27.02,1.47,"Thomas Douglas, Fifth Earl of Selkirk, Sieur de La Vérandrye, Manitoba Legislative Grounds, Golden Boy, Manitoba Legislative Building"
Sorocaba,-23.5019,-47.4578,Brazil,723574,38.74,52.83,25.83,0,
Guli,28.9,120.0333,China,723490,38.72,51.63,26.99,0,
Sagamihara,35.5667,139.3667,Japan,722973,38.72,52.8,25.81,7,Mingfentang Xitai
Laixi,36.8667,120.5333,China,720103,38.69,51.59,26.97,1.47,"Galle Face Green, Grand Hyatt Colombo, St. Andrew's Presbyterian Church, Christ Church of Galle, Methodist Church Kollupitiya"
Okayama,34.65,133.9167,Japan,720043,38.66,52.72,25.78,1.57,"東神社, 大鳥神社, 了見寺, Nerima Culture Center, 阿弥陀寺"
Concepción,-36.8282,-73.0514,Chile,719944,38.65,51.53,26.94,2.17,"Igreja de São Pedro, Cemitério do Alecrim, Cidade da Criança, Parque das Dunas, Cidade Alta"
San Pedro Sula,15.5062,-88.0249,Honduras,719064,38.64,52.69,25.76,2,Tenglong Cave
Mississauga,43.6,-79.65,Canada,717961,38.63,52.68,25.75,1,"Pendik Merkez Camii, Pendik İlçe Müftülüğü, Pendik Güney Sineması, Pendik Oscar Sineması, Temenye Mezarlığı"
Changsha,22.3773,112.6982,China,717700,38.6,51.47,26.9,4.9,"17 Okopowa Street in Gdańsk, Helios, Mennonite church in Gdańsk, Zbór Kościoła Zielonoświątkowego, Great Synagogue"
Lviv,49.8425,24.0322,Ukraine,717273,38.6,51.46,26.9,1.33,"Jiaoshan Hill, 万寿寺, Liyang Xishan Qingmingtang, Liyang Xiarenshan Crematorium, Liyang Xiarenshan Crematorium"
Shihezi,44.3054,86.0804,China,717000,38.6,51.46,26.9,1.67,"Cine Tangará, Concreção 0005, Monumento ao Padre Luiz Capra, Catedral Diocesana Nossa Senhora do Carmo, Monumento ao Padre Leonardo Nunes"
Valenzuela,14.7,120.98,Philippines,714978,38.49,52.49,25.66,1.23,"Holiqberdiboy Mosque, Devonaboy Jo'me masjidi, Дом-музей Бабура, Мечеть Джами музей, Минарет Джами"
Huambo,-12.7767,15.7347,Angola,713134,39.6,50.08,26.79,1,"Cirjiife, English, Dhagase1, Dhagase, Ceel"
Xichang,27.8944,102.2644,China,712434,38.37,51.16,26.74,1.2,"ドリーマー, My Family, 光の翼, 新島のモヤイ像, 松竹映画発祥の地"
Guangshui,31.617,113.826,China,710900,38.33,52.27,25.56,1.13,"India pentecostal assembly of india, curia catholicate centre, st marys church building, Syro-Malankara Catholic Church, Adoration Chapel"
Zaporizhzhia,47.85,35.1175,Ukraine,710052,38.31,51.08,26.7,3.56,"Museu Nacional de Etnologia, National Museum of Ethnography Nampula, Edifício-Sede do Sporting Clube de Nampula, Estádio 25 de Setembro, English Speaking Church"
Bhiwandi,19.2967,73.0631,India,709665,38.3,51.06,26.69,1,"Zhuanghe City Museum, 红崖晓寺, 庄河市新华基督教礼拜堂, 兴隆寺, 馒头山生态公墓"
Gaoyou,32.845,119.508,China,709572,39.46,49.9,26.69,1.07,"City Clock Tower, Mingone(မင်းကုန်းကျောင်းတိုက်), Maha Visuta Rama(ဆူးကုန်းကျောင်းတိုက်), Yena Monastery(ရေနားကျောင်းတိုက်), Lay Myat Nar Theatre(လေးမျက်နှာဇာတ်ရုံ)"
Chengxiang,31.564,121.174,China,709500,39.44,49.88,26.68,1.07,"United Methodist Church, Forum Twin Theatre, Boman Twin Cinemas, South Lakewood Baptist Church, Faith Assembly of God Church"
Bhīlwāra,25.35,74.63,India,709483,38.25,52.16,25.5,1,"周村大礼堂, Fahai Temple"
Oslo,59.9133,10.7389,Norway,709037,38.25,52.16,25.5,1.03,"Bağcılar Merkez Camii, Bağcılar Belediyesi 8D Sinema Planetaryum, Inönü Mahallesi Camii, İmam Buhari Cami, Sancaktepe Cami"
George Town,5.4136,100.3294,Malaysia,708127,38.25,52.16,25.5,1.03,"Monument du Gbèkè, Mosquée Bilal de la Cité Ran, Ministère Évangélique de la Faveur Divine, Église de l'Alliance Chrétienne et Missionnaire, Église Universelle du Royaume de Dieu"
Bristol,51.4536,-2.5975,United Kingdom,707412,38.21,52.11,25.48,1.58,"Se Catedral, Largo Pedro Benge, Feira, Cine Chiloango, Igreja Evangelica"
Zunhua,40.189,117.966,China,707047,39.36,49.77,26.62,1.3,"Katō Shrine, Kumamoto City Sightseeing Guide Map, 慈母観世音菩薩, 水かけ地蔵尊, Kumamoto-jō Inari Shrine"
Sahāranpur,29.9639,77.5458,India,705478,38.18,50.91,26.61,2.67,"Imam Sajjad Mosque, پارک پیاده روی, مسجد امیر المؤمنین, حمام سید علی اتحاد, Imam Mohammad Bagher mosque"
Yenimahalle,39.9719,32.8119,Turkey,704652,38.17,52.05,25.45,0,
Warangal,17.9689,79.5941,India,704570,38.16,52.03,25.44,1.87,"موزه مردم شناسی, شهرداری اورمیه, مسجد یوردشاهی, Naneh Maryam Church, سینما آزادی"
Nampo,38.7356,125.4089,"Korea, North",703317,38.15,50.86,26.59,5.17,"City Hall of Quebec City, Empire Theatre, Taschereau, Maison Larchevêque-Lelièvre, Maison Antoine-Vanfelson"
Dasmariñas,14.33,120.94,Philippines,703141,39.3,49.7,26.59,1,Longquan Temple
Shiliguri,26.71,88.43,India,701489,39.29,49.69,26.58,1.53,"순복음교회, 희락교회, 영원, Hongyureung, 화인원"
Boosaaso,11.28,49.18,Somalia,700906,38.12,51.98,25.41,1,"李白纪念馆, Li Bai's House"
Parachinar,33.9,70.1,Pakistan,700000,38.1,51.96,25.4,1.65,"Roman Catholic Diocese of Osogbo, Oke-Okanla Baptist Church, Military Cemetary, Osogbo, Osun-Osogbo, Osun Baptist Conference Secretariat"
Latakia,35.54,35.78,Syria,700000,39.23,49.61,26.54,2.33,"Pingluo-Rujigou Railway, 锦林清真寺, 基督教堂, Pingluo-Rujigou Railway, Pingluo-Rujigou Railway"
Tongchuan,34.897,108.945,China,698322,38.05,50.73,26.52,2.25,"Battle of Xingyang, Battle of Bi, Dashigu City Site, Battle of Hulao"
Xindi,29.827,113.476,China,698188,38.05,51.88,25.36,2,Yunmen Temple
Edogawa,35.7,139.8833,Japan,697932,38.03,50.7,26.5,2.73,"Queen Victoria, Royal Theatre, 100 King Street West, Historic Plaque, New Vision United Church"
General Santos,6.12,125.17,Philippines,697315,37.89,51.67,25.26,2.7,"Battle of Yangcheng, Храм 300 ступеней, Qimu Que Gates, 崇福宫, Songyang Academy"
Ḩamāh,35.1503,36.73,Syria,696863,37.88,50.5,26.4,1.1,"Jesus Christ Is Alive For All Nations Church, The Church of Jesus Christ of Latter-day Saints, Oro Jama'ah Masjid, Christ Lutheran Church, City Alliance Church"
Rochester,43.168,-77.6162,United States,694707,37.86,50.48,26.39,1,"迁安博物馆, 石佛寺, 安新庄遗址, 龙山, 爪村遗址"
Bauchi,10.5,10,Nigeria,693700,37.82,51.58,25.22,4.6,"济源科技馆, 济源大明寺, 奉仙观, 济源博物馆, Jidu Temple"
Salem,11.65,78.15,India,693236,37.79,51.53,25.19,1.03,"Battle of Ruxu, 岠嶂山, 马脊山, 鼓山, 鼓山寺"
Sinnūris,29.4072,30.8667,Egypt,692701,37.73,51.44,25.15,1.37,"የድሮ ፓላስ አደባባይ, የድሮ ፓላስ አደባባይ, ጉደብያ ትልቁ መስኪድ, Old Palace, Bohra Mosque"
Cocody,5.3351,-4.0039,Côte d’Ivoire,692583,37.71,50.28,26.28,1.75,"魏桥创业剧院, Jinan–Qingdao high-speed railway, Jinan–Qingdao high-speed railway, Jinan–Qingdao high-speed railway, Jinan–Qingdao high-speed railway"
Lokoja,7.8019,6.7442,Nigeria,692050,37.63,51.32,25.09,1.4,"Citadel Square Baptist Church Cemetery, Cemetery of the Baptist Church of Charleston, Morris Street Baptist Church Cemetery, Church of Christ, Zion - Olivet Presbyterian Cemetery"
Guadalupe,25.6775,-100.2597,Mexico,691931,38.76,49.02,26.22,1.79,"Buddha Bihar Playground And Park, Durgapur Cinema, BCREC, Kalangan, TEMPLE"
Selçuklu,37.8814,32.4922,Turkey,690667,37.61,51.29,25.07,1,"Grande mosquée, Gallerie Rubota, Paroisse Catholique de Kavimvira, Eglise Baptiste de Gatumba, Eglise Pentecôte de Gatumba"
Karbalā’,32.6167,44.0333,Iraq,690100,37.6,51.28,25.07,1,"مصرف الدم الكوفة, شارع ابو الدجاج, Dubai For Iron Sale, فلكة الجمعية - سلام - النجف, شارع معرض أنطاكيا"
Borvāyeh-ye Al Bū ‘Azīz,31.6283,48.6147,Iran,690000,37.59,50.12,26.2,1.23,"Presbyterian Refuge Resettlement Ministries, Manchester Mall Cinema, Lao First Baptist Church, First Baptist Church, Saint Lukes United Methodist Church"
City of Parañaque,14.5008,120.9915,Philippines,689992,38.73,48.99,26.2,2,"Luoyang–Zhanjiang Railway, Luoyang–Zhanjiang Railway, Luoyang–Zhanjiang Railway, Luoyang–Zhanjiang Railway, Luoyang–Zhanjiang Railway"
Taihecun,45.771,131.003,China,689611,37.53,51.18,25.02,1,"Necat Cami, Bereket Cami, İlim Sarayı Camii, Mustafa Yaman Cami, Berat Cami"
Mamak,39.9422,32.9231,Turkey,687535,37.51,50.02,26.15,1.77,"Catedral Metropolitana de Sorocaba, Mosteiro de São Bento, Oficina Cultural Grande Otelo, Monumento ao Centenário da Igreja Presbiteriana, Obelisco aos Combatentes da Força Expedicionária"
Jianshe,34.2137,113.7629,China,687130,36.34,52.24,24.98,7,Linhai Ancient City Wall
Zaragoza,41.65,-0.8833,Spain,686986,37.45,51.06,24.96,1.47,"Light and Greenery Art Museum, 神奈川県園芸試験場相模原分場跡地, 無限, 小原式日時計, 榎神社"
Shishi,24.7167,118.7,China,685930,37.41,49.88,26.07,0,
Shizuoka,34.9756,138.3828,Japan,685589,37.41,51.01,24.94,1.6,"石門別神社, 株式会社トータルデザインセンター, 妙福寺, 光清寺, 東古松キリスト教教会"
Agege,6.6219,3.3258,Nigeria,683600,37.39,50.98,24.92,2.27,"Parroquia del Sagrario, Cathedral of the Most Holy Conception, Museo de Arte Religioso, Centro de Extensión UCSC, Aula Magna UCSC"
Mar del Plata,-38,-57.55,Argentina,682605,38.51,48.71,26.05,1.13,"San Pedro Sula Cathedral barby, Museo de Antropología e Historia de San Pedro Sula, Iglesia Adventista del Séptimo Día, Iglesia Central, Los Leones"
Adachi,35.7833,139.8,Japan,682326,37.37,49.83,26.05,1.27,"The Park Mansion, Square One, Sheridan S, Creative Campus Galleries, Cineplex Cinemas Mississauga"
Pontianak,-0.0206,109.3414,Indonesia,680880,38.42,48.59,25.99,2,"舜河甄公祠, 狮山, 鸿山, 凤山, 大成断桥"
Rasht,37.2744,49.5889,Iran,679995,37.28,49.71,25.98,4.37,"Adonis, Glass museum, Lviv History Museum, Postal Museum, Bandinelli Palace"
Xigazê,29.25,88.8833,China,679771,37.26,50.81,24.84,1,"音乐喷泉, 人工湖, 马踏飞燕, 未名山, 未名新柳绿天山"
Cotonou,6.3667,2.4333,Benin,679012,37.25,50.8,24.83,1.17,"Mary's Parochial Of Sto. Rosario Parish Church, Our Lady of the Holy Rosary Parish, Jesus Our Life Christian Church, Long Hong, Maysan Public Cemetery"
Tasikmalaya,-7.3161,108.1975,Indonesia,678027,37.19,50.72,24.8,1.33,"Praça da Independencia, Igreja Adeventista, Cinema do Petro, Museu Municipal, Angolissar"
Kochi,9.9312,76.2673,India,677381,37.19,49.59,25.92,1,"天主堂, Xichang Gate, 西昌古城, 福音堂, 安定门"
Soledad,10.9167,-74.75,Colombia,676014,37.11,50.6,24.74,2,中华山鸟类省级自然保护区
Shanhu,29.6,120.8167,China,675226,38.15,48.25,25.81,1.57,"Храм-каплиця Святої Рівноапостольної княгині Ольги, Парк-пам'ятка садово-паркового мистецтва «Парк Алея слави», Маяковского, LA-5, Пам'ятник жертвам голодомору"
Gothenburg,57.7075,11.9675,Sweden,674529,32.48,55.99,23.52,1.07,"Divan Shah Dargah, MEETESH CHOUDHARI HOUSE NEAR AGNIMATA TEMPLE TEMGHAR, Line-5: Thane - Bhiwandi - Kalyan, Hanuman Templ, Madina Tabligi Masjid"
Acapulco de Juárez,16.8636,-99.8825,Mexico,673478,36.94,49.25,25.75,2.8,"Longqiuzhuang, 高邮墓园, 古文游台, Gaoyou Pawnshop, Victory Park"
Gorakhpur,26.7637,83.4039,India,673446,36.94,50.37,24.63,3.4,"长青烈士陵园, Shuangfeng Temple, 太仓石拱桥, 孔庙月亮河及古树, 张溥宅第"
Bahār,34.9078,48.4394,Iran,673405,36.92,49.22,25.73,1.06,"Hanuman Mandir, Railway Station, Majar, Sankat Mochan Hanuman Mandir, Nehru Udhyaan Fountain, Karbala"
Wrocław,51.11,17.0325,Poland,672929,36.91,49.21,25.73,3.7,"Eidsvolls plass, Eidsvolls plass, C.J. Hambro, Christian Fredrik, Johan Sverdrup"
Murcia,37.9861,-1.1303,Spain,672773,36.89,50.31,24.59,1.17,"Komtar Skywalk, Komtar Bus Terminal, Penang House of Music, Masjid Jamek Hj Wahab, TGV Cinemas"
Pinghu,30.7,121.0167,China,671326,36.88,50.3,24.59,5.47,"Burke, Neptune, Bristol Heritage Walk 1, Bristol Omnibus Company Travel And Chief Traffic Offices, 27, St Augustines Parade"
Guankou,30.988,103.647,China,671200,38,48.06,25.71,1,"笔架山, Great Wall of China, Great Wall of China, Great Wall of China, Great Wall of China"
Łódź,51.7769,19.4547,Poland,670642,36.87,50.28,24.58,2.33,"sanjay gandhi park, Old British Cemetery, Saharanpur City, jain bagh temple"
Yatou,37.1653,122.4867,China,670251,36.87,49.16,25.7,1.03,"Güzelevler Cami, Sahray-ı Cedit Cami, Hz. Ebubekir Cami, Mevlana Cami, Esentepe Camii"
Denpasar,-8.6717,115.2339,Indonesia,670210,37.95,47.99,25.67,1.2,"Renuka yellamma temple, Anjaneya swami temple, warangal, Sai Baba Temple, Sai baba temple, Ram Lingeshwara Temple"
Guntūr,16.3008,80.4428,India,670073,36.82,49.1,25.66,4.5,"남포 영생탑, Goguryeo tombs, Twin Column Tomb, Ryonggang Great Tomb"
Tolyatti,53.5089,49.4222,Russia,667956,37.93,47.97,25.66,1.1,"Church of God - Dasmariñas, Church of God - World Missions, Jehovah's Witness, Ang Dating Daan Coordinating Center, Two Hearts of Jesus and Mary Chapel"
Dayton,39.7805,-84.2003,United States,667936,36.78,50.16,24.52,1.8,"Mosque, Siliguri Town, Church of North India, Gurudwara, AirView More"
Ch’ŏngjin,41.7833,129.7667,"Korea, North",667929,36.78,50.15,24.52,1,"Masjid AlAQSA, Masjid AlRowda, masjid Rawda, Masjid AbuuHurayra, Masjid Mubarak"
Zhaodong,46.051,125.962,China,666532,35.6,51.18,24.48,1.3,"دوار الازهري, طريق كسب ام الطيور من دوار الأزهري, مفرق الى دوار الازهري من الشاطئ الأزرق, بستان البدي, مقبرة الفاروس"
Puyang Chengguanzhen,35.7004,114.98,China,666322,36.66,48.88,25.55,0,
Bulawayo,-20.17,28.58,Zimbabwe,665952,36.65,48.86,25.54,2.67,"Stone Sculptures on Yaowang Mountain, Yaoxianwen Temple, 闕, 闕, Yaozhou Kiln Museum"
Aracaju,-10.9111,-37.0717,Brazil,664908,36.56,48.75,25.48,2,"荷花广场, Battle of Red Cliffs"
Bacoor,14.4624,120.9645,Philippines,664625,36.55,48.74,25.48,1.63,"一之江水神社, Shunkaen BONSAI Museum, Lord Residence of Ichinoe, Ichinoe Nanushi Yashiki, 寿命院園福寺"
Rotterdam,51.92,4.48,Netherlands,664311,37.66,47.62,25.47,1.03,"Kingdom Hall of Jehovah's Witnesses, General Paulino Santos Museum, Life Way Park Bread of Life Ministries, United Evangelical Church, Sniper Shooter"
Tlaquepaque,20.6167,-103.3167,Mexico,664193,37.64,47.61,25.47,1.3,"Hama (Samian Ware Discovery Site), محل زبون, مر اسبوع الجاي, السواسسس, مخل"
Villavicencio,4.15,-73.6333,Colombia,664148,36.51,49.79,24.34,2.57,"Henry Lomb Memorial, Lyric Theatre, Roman Catholic Diocese of Rochester, former Beebee Station, Pont de Rennes"
Campo Grande,-20.4686,-54.6222,Brazil,663621,36.42,49.66,24.28,0,
Jingcheng,32.009,120.263,China,663408,36.4,49.63,24.26,1.13,"Christ Church, Salem, Raja Sabari Theatre, Muslim Cemetery, Thiruvalluvar Statue, Kottai Mariamman Temple "
Makhachkala,42.9825,47.505,Russia,662660,37.5,47.42,25.37,1.33,"Sidi Isa, Sidi Ghunaym, Sidi Said, مسجد أل- حمدان, Biyahmu"
Banjarmasin,-3.32,114.5925,Indonesia,662230,35.29,50.72,24.26,1.17,"Église Saint Jean, Majestic Ivoire, Église Evangile du Royaume, Centre évangélique EBEN-EZER, Eglise Bonne Nouvelle de la Grâce"
Kitwe,-12.8167,28.2,Zambia,661901,36.39,48.52,25.36,1.33,"Roman Catholic Diocese of Lokoja, Cenotaph, Anglican, Maigari's Palace, Lokoja Central Masjid"
Catia La Mar,10.6,-67.0333,Venezuela,661897,37.49,47.42,25.36,1.2,"Parroquia y Santuario de Nuestra Señora de Guadalupe, Teatro Municipal, Familia de la Fe, Capilla de Santa Teresita del Niño Jesús, Iglesia La Libertad Mty"
Nneyi-Umuleri,6.3333,6.8333,Nigeria,660821,37.45,47.37,25.34,1.07,"Parsana Büyük Cami, Musalla City cemetery (cemetery entry), Kalender Baba Türbesi, Haytaoğlu Parsana Cami, Haci Kemal Onsun Cami"
Al Hufūf,25.3608,49.5997,Saudi Arabia,660788,36.32,48.42,25.31,1.23,"Battle of Karbala, شعبه المهرجانات, Imam Husayn Shrine, مرقد الامام الحسين عليه السلام, Battle of the Karbala Gap"
Dali,25.6811,100.3003,China,660300,36.31,48.41,25.31,1,"الجنادله, شیخ خالد, ۱۴۰۰۲"
Jalingo,8.9,11.3667,Nigeria,660213,36.28,48.37,25.28,1.45,"Church of Parañaque historical marker, Father Pedro Dandan y Masangkay historical marker, Parañaque Cathedral, Manuel H. Bernabe historical marker, San Nicolas de Tolentino Chapel historical marker"
Sargodha,32.0836,72.6711,Pakistan,659862,38.42,46.11,25.25,1,"七台河群众艺术馆, 仙洞山, 矿工雕像, 佛宝寺, 佛宝寺"
Karaikandi,24.8309,92.6143,India,659260,36.22,48.3,25.25,1,"Keçikıran Nusratiye Cami, Bayrak Anıtı, Harman Yolu Cami, Huzur Cami, Mamak Köprübaşı Cami"
Ch’ŏnan,36.81,127.1475,"Korea, South",656583,36.21,49.38,24.14,1,GeTianYuan
Brampton,43.6833,-79.7667,Canada,656480,37.3,47.18,25.24,3.27,"Paseo de la Independencia 29, Zaragoza, Puerta de Santa Engracia, Post and Telegraph Building of Zaragoza, Edificio de las Mutuas Laborales, Monument to Joaquín Costa"
Cape Coral,26.6443,-81.9957,United States,656464,37.3,47.18,25.23,3.12,"Baogaishan Quarry Site, Wanshou Pagoda, 石狮城隍庙, 石狮市基督教堂, 斗美宮"
Haldwāni,29.22,79.52,India,656000,37.3,47.17,25.23,1.33,"静岡の由来の碑, 駿府銀座発祥の地町奉行所趾, 静岡市民ギャラリー, 里程元標趾, 静岡市オマハ市姉妹都市記念碑"
Abomey-Calavi,6.4486,2.3556,Benin,655965,36.17,48.22,25.21,1.33,"Apostolic Faith, Lasu Museum, St. Sabinas Catholic Church, Jesus In His Mightiness Global Church, Destiny Revival Church"
Yıldırım,40.11,29.0821,Turkey,655856,36.16,48.22,25.21,1.27,"Catedral de los Santos Pedro y Cecilia, Paseo Diagonal, Teatro Roxy - Radio City - Melany, Fuente Peatonal, Teatro Colon"
Dhūlia,20.8997,74.7697,India,655603,36.14,49.29,24.1,1.57,"光現寺, 普門寺, 国土安穏寺, 安穏寺, 小右衛門稲荷神社"
Zhongshu,27.7919,106.4013,China,655300,37.22,47.08,25.18,1.17,"Mosque, Vihara Bodhisatva Karaniya Metta, Vihara Kon Djim Thong, Clock Tower, St.Joseph Cathedral"
Durango,24.025,-104.6675,Mexico,654876,36.13,49.26,24.08,2.97,"آرامگاه دکتر حشمت, محمد رسوال‌ الله, مسجد سید ابو القاسم, مسجد چهل تن, مسجد چهاربرادران"
Songzi,30.174,111.757,China,654762,36.11,49.23,24.07,2.57,"star, Tashilhunpo Monastery, 扎什伦布, Shigatsé Mosque, Shigatse Dzong"
Tondo,14.617,120.967,Philippines,654220,36.09,48.11,25.15,1.4,"EPMB, ménagère (statue), Impact Centre Chrétien campus de Cotonou, Eglise Saint Michel Gbéto de Cotonou, Saint Michel Church, Benin"
Dayrūţ,27.5564,30.8106,Egypt,653847,36.06,48.08,25.13,1.1,"Masjid Al Ilyas, Masjid Agung, Stasiun Tasikmalaya, Stasiun Indihiang, Masjid Al Inaayah TMC"
Tlalnepantla,19.5367,-99.1947,Mexico,653410,36.02,49.12,24.01,1.03,"St. Mary's Syrian Church, St Sebastian's Church, Marampilly Temple, Bethala Devaswam Temple, pathum thirumala devasawam temple"
Xiping,25.6005,103.8166,China,652604,36.02,48.02,25.1,1.13,"Museo Bolivariano, Iglesia San Antonio de Padua, iglesia universal, Cementerio Central de Soledad, Cementerio Nuevo"
Osasco,-23.5328,-46.7919,Brazil,652593,36.01,48.02,25.1,1.85,"嵊州市基督教堂, 覆船山, Old buildings of Chongren Village, 鼓山, 独山"
Huế,16.4619,107.5955,Vietnam,652572,36.01,48.01,25.1,4.07,"Smetanamuseet, Bourse of Göteborg, Gothenburg City Hall, Göteborgs stadshus, Gustav II Adolfs staty"
San Jose del Monte,14.8139,121.0453,Philippines,651813,36,49.09,24,1.83,"Battle of Acapulco, Capilla Ecuménica La Paz, Plaza Álvarez, Parroquia La Guadalupana, Catedral Av. Universidad"
Denizli,37.7833,29.0964,Turkey,651200,35.99,47.99,25.08,2.14,"Hanuman Mandir, Makki Masjid, Bhim Temple, Gorakhnath Temple, Mahant Digvijaynath Smriti Bhavan"
Maturín,9.75,-63.183,Venezuela,647459,35.96,49.04,23.98,1,"مسجد امام حسن (ع), مسجد علی ابن ابی طالب (ع), آرامگاه حاج سید جعفر اصغری بهاری, آرامگاه شیخ محمد بهاری, مسجد فاطمیه (س)"
Honchō,35.6946,139.9826,Japan,644668,37.04,46.84,25.06,5.07,"The Grotowski Institute, 4 Przejście Garncarskie, Wrocław, Sukiennice 2, Sukiennice 1, 6 Przejście Garncarskie, Wrocław"
Wuxue,29.844,115.561,China,644247,35.89,48.94,23.93,3.33,"Jardines de la Universidad de Murcia, Monumento al Maestro Fernández Caballero (1835-1906), Palacio González Campuzano, Iglesia de San Bartolomé, Palacio Almodóvar"
Bhāvnagar,21.76,72.15,India,643382,35.88,48.93,23.92,2,"Shanghai–Kunming high-speed railway, Shanghai–Kunming high-speed railway, Battle of Chapoo, Shanghai–Kunming high-speed railway, Shanghai–Kunming high-speed railway"
Jinghong,22.009,100.797,China,642737,35.87,48.92,23.92,1.4,"马踏飞燕, Kuiguang Pagoda, 直升机游览, 都江堰文庙, 宝瓶口"
Wugang,26.7266,110.6319,China,640181,35.86,48.91,23.91,4.07,"Battle of Łódź, Freedom Square, Pomnik Tadeusza Kościuszki, Muzeum Kanału ""Dętka"", Fontanna Miłości"
Sha Tin,22.3802,114.1898,Hong Kong,640000,35.86,47.81,24.99,1,"海洋食品博览中心, 崂山, 发浪石, 草岛"
Provo,40.2457,-111.6457,United States,639820,36.91,46.68,24.97,1.2,"Bajra Sandhi Monument, Padmasana, Gereja Kristen Indonesia, Padmasana, Padmasana"
Chisinau,47.0228,28.8353,Moldova,639000,35.8,48.82,23.87,1.07,"Saraswathi Picture palace, SHIVALAYAM, ASTHALAKSMI DEVALAYAM, Pallavi&Keertana Theater, Mohana Ranganayaka swami temple"
Petaling Jaya,3.0833,101.65,Malaysia,638516,35.8,48.82,23.87,3.33,"Prometheus, Mourning Angel, герб Тольятти, Жертвам политических репрессий, Секрет"
Colorado Springs,38.8674,-104.7605,United States,638421,35.8,48.82,23.87,2,"Mary Avenue Park, Paradigm Industrial, Mount Calvary Independent Methodist Church, Dayton Fire Station No. 14, Memorial Baptist Church"
Tallinn,59.4372,24.7453,Estonia,638076,35.78,48.78,23.85,1.25,"함경북도허명사찌원, Kim Il-Sung monument, Fine Art Museum, Zoo Ch’ŏngjin, Chongjin Provincial Theater"
Noida,28.57,77.32,India,637272,36.83,46.58,24.92,0,
Las Palmas,28.1258,-15.4353,Spain,635000,37.88,45.46,24.9,1.56,"Xishuipo, 西水坡, 龙碑, 规划用地, 戚城历史陈列馆"
Mission Viejo,33.6096,-117.6551,United States,634674,35.69,48.67,23.8,1.2,"Alleluia Ministries International Bulawayo, Revival Centre, Church, Church Of Jesus Christ Of Latter-Day Saints, Bulawayo Railway Museum"
Bhāngar,22.58,88.42,India,634107,35.66,48.62,23.77,1.2,"Igreja Assembléia de Deus, Igreja Universal do Reino de Deus, Teatro Lourival Baptista, CCB. Amazonas, Aracaju"
Allentown,40.5961,-75.4756,United States,632175,35.59,47.45,24.8,1.64,"Battle of Zapote River, Zapote Battlefield historical marker, Zapote Bridge, Battle of Zapote, Zapote Bridge"
Benghazi,32.1167,20.0667,Libya,631555,36.62,46.32,24.77,3.27,"Gijsbert Karel van Hogendorp, Waalsekerk Hoogstraat, Rotterdam, De gestileerde bloem, The Husband off The Doll, Schotse kerk"
Chuxiong,25.033,101.5459,China,631530,35.48,47.31,24.73,1.13,"Parroquia de La Preciosa Sangre de Cristo, El Tapatio, Iglesia de Jesucristo ""Fuego Pentecostal"", Parroquia de San Miguel Árcangel, Parroquia Padre Nuestro"
Düsseldorf,51.2256,6.7767,Germany,631217,35.44,48.33,23.63,1,"Iglesia divino niño, La Vorágine, Parque del Hacha, Concha Acústica, Instituto Roberto Franco - Universidad Nacional"
Palermo,38.1157,13.3613,Italy,630167,36.51,46.17,24.7,1.8,"Horto Florestal, Índia Terena, Monumento aos Desbravadores, Teatro de Arena, Casa da Ferrovia"
Baton Rouge,30.442,-91.1311,United States,630063,35.39,47.18,24.66,1.55,"Battle of Jiangling, парк тут, Jiangyin Yangtze River Bridge, 小石湾明清古炮台, 江阴市军事文化博物馆"
Makati City,14.5567,121.0214,Philippines,629616,36.44,46.08,24.65,1.77,"Памятник В. И. Ленину, Г.Цадаса, Мечеть имама Шамиля, Погибшим милиционерам, Борцам революции"
Ndola,-12.9689,28.6325,Zambia,627503,36.39,46.02,24.62,1.33,"Floating Market, Masjid Raya Sabilal Muhtadin, Kompleks Masjid Raya Sabilal Muhtadin, Kelenteng Suci Nurani, Rumah Anno"
Ţūkh,30.3549,31.2011,Egypt,627290,35.31,48.15,23.54,1,"St. Catholic, St. Margaret UCZ, Dayspring Church, Atlas Copco Zambia, 16 Lufwanyama Rd"
Glasgow,55.8611,-4.25,United Kingdom,626410,37.44,44.93,24.61,1,"Capilla Nuestra Señora de Coromoto, Iglesia Sagrado Corazón de Jesús, Simón Bolívar, Iglesia Nuestra Señora del Carmen, Morrocoy"
Bazal’tove,50.6765,26.16,Ukraine,625543,36.35,45.98,24.59,1.5,"abbaye de Nsugbe, norsworthy Hill"
Al Qaţīf,26.5196,50.0115,Saudi Arabia,625092,35.26,48.08,23.5,1.7,"Abdul Razzaq al-Arab Museum, مسجد المويلحية, First School (House of Culture), مقبرة المزروعية, Suq al-Qaysariyah"
Bhilai,21.21,81.38,India,624700,37.36,44.83,24.55,1.73,"Dali–Lijiang railway, 鸡冠山, Dali–Lijiang railway, Dali–Lijiang railway, Dali–Lijiang railway"
Mangalore,12.8717,74.8425,India,623841,36.28,45.89,24.55,1.33,"Roman Catholic Diocese of Jalingo, Dinba, Acha"
Kaihua,23.387,104.233,China,623772,36.27,45.88,24.54,1,"Ghala Mandi, Markazi Jama, khayam chowk, khayam cinema, Rehmania"
Irkutsk,52.2892,104.28,Russia,623736,37.34,44.81,24.54,0,
Ogden,41.2279,-111.9682,United States,623688,37.34,44.81,24.54,1.13,"CGV천안, Cheonan Daehak-ro Art Cinema, Oryong-dong Catholic Church, Sisters of The Blessed Korean Martyrs Daejeon Province, 원성동성가성당"
Meilan,19.999,110.403,China,623667,37.31,44.78,24.52,1.67,"Christ Church Anglican, Brampton, Heritage Theatre, Beaux-Arts Brampton Gallery and Studios, Cenotaph"
Ansan,37.3167,126.8333,"Korea, South",623256,35.12,47.89,23.41,1.07,"Trinity Lutheran Church, Living Faith Church, Coral Ridge Cemetary, The Church of Jesus Christ of Latter-day Saints, German American Social Club of Cape Coral"
Barnaul,53.3486,83.7764,Russia,623057,36.18,45.75,24.47,1,"Heeranagar Shiv Mandir, Golu Devta Temple, Central Methodist Church, Kalu Sai Baba, IBEX"
Bazhou,39.1333,116.3833,China,622975,35.08,47.84,23.39,1,"Paroisse Saint Antoine de Padou, Voyage afrique benin, Église Protestante Baptiste d'Abomey Calavi, Mosquée centrale Aganmadin, Paroisse Sainte Josephine Bakhita"
Turpan,42.9512,89.1895,China,622903,35.05,47.8,23.37,1.13,"Sarıalan Cami, Uludağ Cami, Nebeviyye Cami, Uludağ National Park, Bakacak"
Jos,9.9167,8.8903,Nigeria,622802,37.17,44.61,24.43,1,"Malegaon Road Kabrastan, Gurudwara, Laling Fort, Laling Grasslands"
Langzhong,31.558,106.005,China,622667,35.03,47.76,23.35,1,中央红军鲁班场战斗遗址陈列馆
Qufu,35.5819,116.9862,China,621971,36.08,45.63,24.41,1.57,"Museo de la Ciudad, Palacio del Conde del Valle de Súchil, Ganot-Peschard Museum of Archeology, Tunel de Minería, Cathedral Basilica of the Immaculate Conception, Durango"
Al Manşūrah,31.05,31.3833,Egypt,621953,35,46.67,24.39,0,
Tengyue,25.0167,98.4833,China,620000,36.05,45.6,24.39,1.37,"dandan xtn, Kingdom Hall of Jehovah's Witnesses, Kingdom Hall of Jehovah's Witnesses, 612 franco 7gatang, Iglesia Evangelica Metodista en las Islas Filipinas"
Leipzig,51.34,12.375,Germany,619879,36.02,45.56,24.37,2,"Sidi Abd al Qadir, Sidi Ahmad Salman, Sidi Abd Allah al Sawi, Sidi Abu Harun, Kom el-Nana"
Ḩalwān,29.8493,31.3327,Egypt,619293,34.94,47.65,23.3,1.2,"Teatro Algarabia, Catedral de Corpus Christi, Iglesia Ceylan, Iglesia de Guadalupe, Iglesia"
Tân An,10.905,106.6994,Vietnam,618984,35.93,45.44,24.3,2.57,"Shanghai–Kunming high-speed railway, Shanghai–Kunming high-speed railway, Guiyang-Kunming Railway, Guiyang-Kunming Railway, Guiyang-Kunming Railway"
Port-Bouët,5.2568,-3.963,Côte d’Ivoire,618795,34.85,47.52,23.23,1.2,"Christian Congregation in Osasco, Dimitri Sensaud de Lavaud Museum, Shalom Osasco - Capela São José, Ecomuseu de Osasco, Igreja Presbiteriana Renovada de Osasco"
Izhevsk,56.8333,53.1833,Russia,618776,34.85,47.52,23.23,1,"Provincial Culture and Information Centre, BHD Star Cineplex, Thua Thien Hue Caodaism Temple, Chùa Huyền Không Sơn Hạ, Nightmarket"
Knoxville,35.9692,-83.9496,United States,618226,34.84,47.51,23.23,1,"Bethel Pentecostal Church, Holy Garden Memorial Park, Iglesia ng Dios kay Kristo Hesus, Parokya Ni San Jose de Obrero, San Jose Del Monte Cemetery"
Jurong,31.946,119.164,China,617706,35.89,45.39,24.28,1.1,"Cami, Üçgen Cami, Yeşil Cami, Cami, Cami"
Arusha,-3.3667,36.6833,Tanzania,617631,35.87,45.37,24.27,2.87,"Simón Bolívar, Iglesia San Simón, The Mister Empaques, Iglesia de la Santa Cruz, Museo Mateo Manaure"
Bihtā,25.5619,84.87,India,617427,34.79,46.38,24.25,1.2,"三田浜塩田発祥の地, 創価学会 船橋平和会館, Konko Church of Funabashi, Citizen's Culture Hall, 西向地蔵尊"
Yuhuan,28.1277,121.2288,China,616346,35.84,45.32,24.24,3.5,"Tongling copper mine ruins museum, Tongling copper mine ruins"
Khabarovsk,48.4833,135.0833,Russia,615570,35.81,45.29,24.22,2.19,"Takhteshwar Temple, Akshardham Temple, Shree Ram Mantra Mandir, Ayurvedic College, Ganga Deri Mandir/Ganga Chhatri"
Etimesgut,39.9458,32.6694,Turkey,614891,35.81,45.29,24.22,1.1,"Tropical Flower and Plants Garden, Zongfosi, night market - street food, night market - street food - dai barbecue- gao zhuang, Dai Show Theatre"
Changping,40.2248,116.1944,China,614821,34.74,46.32,24.21,1,Yunshan
Chimalhuacán,19.4131,-98.9839,Mexico,614453,35.8,45.27,24.21,1.87,"Sha Tin Park, Amiphitheater, MOVIE TOWN, Hong Kong Bible Research and Education Centre, Hong Kong Heritage Museum"
Kandahār,31.62,65.7158,Afghanistan,614254,34.73,46.31,24.21,3.1,"The Church of Jesus Christ of Latter-day Saints, Varsity Theater, Royden G. Derrick Planetarium, The Church of Jesus Christ of Latter-day Saints, Statue of Massasoit"
Oujda-Angad,34.6867,-1.9114,Morocco,614000,34.7,47.32,23.14,2.93,"Kilometrul Zero, Organ Hall, Chişinău City Hall, Bustul lui Mihai Eminescu, Clădirea Fostei Bănci Ruso-Asiatice (1913)"
Ruiming,25.886,116.027,China,613894,35.75,45.21,24.18,1.1,"Good Shepherd Lutheran Church, Malaysia Baptist Convention, Surau Al-Islah, Surau Al-Akhlaqiah, Surau Al-Islah"
Serang,-6.12,106.1503,Indonesia,613356,34.65,47.25,23.1,1.13,"Signal Hill, Holy Cross Lutheran Church, Rustic Hills North, Rustic Hills Baptist Church, Colorado Oriental Mission Church"
Ulyanovsk,54.3167,48.3667,Russia,613334,34.64,47.24,23.09,4.07,"Vanalinn, Siege of Tallinn, Town Hall Square, Town Hall, Old Thomas"
Shenzhou,38.002,115.56,China,613000,36.7,44.04,24.12,1.33,"Ski India, Mall of India, Sector 18, Sector 18 Gurudwara, Pedestrian Bridge, BIG Cinemas TGIP"
Jambi,-1.59,103.61,Indonesia,612162,34.6,47.19,23.07,1.6,"Pirámide de hierro, Bunker de La Minilla, Cementerio del Puerto de La Luz, Capilla Anglicana, Loma del Ingeniero Salinas"
Hasanpur,28.72,78.28,India,611533,34.57,46.1,24.1,1.2,"Mission Viejo Christian Church, Peace Obelisk, Edwards Cinema Viejo, The Rock, Calvary Chapel Mission Viejo"
Grand Rapids,42.9619,-85.6562,United States,611480,35.58,45,24.07,1.37,"Vipat Tarani Mandir, Geological Survey Of India, Central Park, Unnayan Bhavan, Broadway"
Yukarıkaraman,36.9167,30.6833,Turkey,608675,34.5,46.01,24.05,2.5,"Albertus L. Meyers Bridge, St. Matthew's Lutheran, St Paul's, Discover Lehigh Valley, Rialto Theatre"
Kuantan,3.83,103.32,Malaysia,607778,34.5,47.04,23,1.53,"Second Battle of Benghazi, Fourth Battle of Benghazi, First Battle of Benghazi, Combat de Benghazi (2013), Benghazi exhibition Commercial"
Gold Coast,-28.0167,153.4,Australia,607665,35.53,44.94,24.04,2,"Guangtong-Dali Railway, Guangtong-Dali Railway, Guangtong-Dali Railway, Guangtong-Dali Railway, Guangtong-Dali Railway"
Kawaguchi,35.8077,139.7241,Japan,607373,35.47,44.85,23.99,3.2,"Alleestraße 42, Wilhelm Marx House, Alleestraße 26, Ecke Elberfeldstraße in Düsseldorf, Warenhaus Tietz, Gürtler’sches Geschäftshaus"
Dashiqiao,40.6167,122.5167,China,607098,35.4,44.77,23.95,3.37,"UCI Palermo, Quattro Canti, Palazzo Costantino, Chiesa di San Giuseppe dei Teatini, Palazzo Guggino"
Las Piñas City,14.45,120.98,Philippines,606293,34.28,46.75,22.85,1.2,"Rebel Drive-In, Our Lady of Mercy Catholic Church, Magnolia Theatre & Performing Arts Pavilion, Battle of Baton Rouge, Church of the Way"
Cuttack,20.5236,85.7881,India,606007,34.27,46.73,22.84,1.63,"Ninoy Aquino Monument, Ninoy Aquino Monument, The Insular Life Assurance Company, Ltd. historical marker, Philipine Stock Exchange Fountain, The Shang Grand Tower"
San Miguel de Tucumán,-26.8167,-65.2167,Argentina,605767,34.26,46.72,22.84,1.41,"Roman Catholic Diocese of Ndola, Ndola Baptist Church, Radha Krishna Mandir, Apostolic Church, Kansenshi Cemetery"
Ar Rayyān,25.25,51.4,Qatar,605712,34.26,46.72,22.84,1.5,"شارع البرديني, Bta, BTA, Pyramid of Athribis, Nisf Atrib"
Riga,56.9475,24.1069,Latvia,605273,36.2,43.44,23.79,5.59,"George Square, Lamp Standards, Scott Monument, Sir Walter Scott column, George Square, Thomas Campbell"
Columbia,34.0378,-80.9036,United States,605083,34.06,46.45,22.71,1.7,"Придорожня каплиця, Тарас Григорович Шевченко, Horodotskyi Park, Monastery of Saint Nicholas, Horodok, Острів"
Salīmpur,26.3,83.9167,India,604483,34.05,46.43,22.7,1.4,"Almallaha Cemetery, مقبرة حلة محيش, كورنيش القطيف, Al Jish Cemetery, مسجد الإمام الحسن ع"
Malanje,-9.5333,16.35,Angola,604215,36.08,43.3,23.71,1.5,"Shiv Mandir, Gurudwara Shri Guru Ramdas Ji, Jama Masjid Bhilai, Kala Mandir, jama masjid"
Kryvyi Rih,47.91,33.39,Ukraine,603904,34.02,46.39,22.68,1.73,"Cinepolis, Prabhath Talkies, Adoration Monastery of the Sisters of St-Clare, Suchitra Talkies, Idgah Mosque"
Djibouti,11.5944,43.1481,Djibouti,603900,33.98,46.33,22.65,1,"燃灯寺, 大西门（旧址）, 文山州民族博物馆, 罗汉山陵园, 十字街（旧址）"
Zhuozhou,39.485,115.974,China,603535,34.98,44.24,23.66,2,"Часовня памятник на месте разрушенного Казанского собора, Kazanskiy Cathedral in Irkutsk, Музей истории Иркутского лингвистического университета, Mikhail Speranskiy, Main fountain"
Tianchang,32.6811,119.0137,China,602840,34.97,44.23,23.66,3.33,"Weber Stake Tabernacle, Treehouse Childrens Museum, Tabernacle Park, The Church of Jesus Christ of Latter-day Saints, Ogden Utah Temple"
Albany,42.6664,-73.7987,United States,602242,33.93,46.26,22.62,2.83,"Hainan Provincial Museum, Hainan International Friendship Park, Haikou City Museum, Temple of Five Lords, Five Ministers temple"
Bacolod,10.6765,122.9509,Philippines,600783,33.92,46.25,22.61,1,"Lotte cinnema, Danwon Exhibition Hall, 시계탑, 안산성마리아성당, 소금밥교회"
Garoua,9.3,13.4,Cameroon,600000,35.97,43.16,23.63,2.47,"А.Н. Черглецов, Altai State Academy of Culture and Arts, Нулевой километр, Памятник В.И. Ленину, Altai Regional Drama Theatre"
Bamenda,5.9614,10.1517,Cameroon,600000,34.92,44.17,23.63,0,
Bafoussam,5.4667,10.4167,Cameroon,600000,34.91,44.15,23.61,1.53,"Bageri Cemetery, Turpan Museum, Turpan Museum, The Qing Dynasty old barn, Night Market"
Haifa,32.8192,34.9992,Israel,600000,33.87,46.18,22.58,1.07,"Jos Museum, Jos zoological garden, Church of Christ In Nations headquarters Jos, Winners Chapel, St. Finbarr's Catholic Church"
Raurkela,22.2492,84.8828,India,600000,35.9,43.08,23.59,2.6,"Hanguang Tower, Fengshui museum, Chongqing–Lanzhou railway, 锦屏山, IMPERIAL exam hall"
Tunis,36.8064,10.1817,Tunisia,599368,34.86,44.09,23.58,3,"孔子六艺城, 崇信门, 仰圣门, 仰圣门, Temple of Confucius"
Tumkūr,13.34,77.1,India,599078,35.86,43.03,23.57,1.36,"Battle of Al Mansurah, Al-Saleh Al-Sagheer Mosque, Habib Mosque, Dar ibn Luqman, Bazat mosque"
Balikpapan,-1.2768,116.8277,Indonesia,598043,34.84,44.06,23.57,1.23,"Laifengshan National Forest Park, White Pagoda, Lookout, Graveyard of the National Heroes, Museum of Yunnan-Burmese Anti-Japanese War"
Somolu,6.5408,3.3872,Nigeria,597400,33.81,46.1,22.54,5.07,"Runderker (Kopie) Grimmaische Straße 17, Untergrundmessehaus, Königshaus, Museum of City History Leipzig, Grimmaische Straße 2-4"
Şanlıurfa,37.1583,38.7917,Turkey,596637,34.83,44.04,23.56,1.8,"Evangelical, Maqdaset Yaken Mosque, Japanese Gardens, Japanese Gardens, Japanese Garden Mosque"
Dortmund,51.5139,7.4653,Germany,595471,34.81,44.02,23.55,1.03,"Quan Đế Miếu, Đình Tân Thới, Hội quán 99, Giáo xứ Lái Thiêu, Nghĩa trang Lái Thiêu"
Al Mukallā,14.5333,49.1333,Yemen,594951,34.76,43.97,23.52,1,"Centre Pilote de Port-Bouet, Statue Akwaba, Église assemblee de Dieu, Église Notre-Dame d'Afrique, Église Notre Dame d'Afrique"
Xinji,37.943,115.218,China,594628,35.74,42.89,23.49,2.5,"Памятник сталеварам, World War II memorial to Izhevsk steelmakers, NPC Springs, Царь-пушка, Долгий мост"
Melikgazi,38.7167,35.5,Turkey,594344,34.71,43.9,23.48,2.3,"Knoxville College, Belmont Heights Baptist Church, Virginia Avenue United Methodist Church, Beaumont Avenue Baptist Church, McMillan Chapel"
Kagoshima,31.5969,130.5572,Japan,593754,34.69,43.87,23.46,1,"句容大剧院, 怡静园公墓, 九华山公墓"
Wenchang,31.0358,116.9367,China,593629,33.65,45.88,22.43,1.2,"Arusha Community Church, Church, Arusha Declaration Museum, St. James Anglican Church, FATHER BABU"
Sihui,23.3265,112.7338,China,593400,34.6,43.75,23.4,3.2,"Maner Tank, Mir Ashraf Jama Mosque and Pucca Well and ablution tank, Bari Dargah, Datiana sculpture and images, Maner mound and brick walls near survey plot 399"
Irapuato,20.6667,-101.35,Mexico,592953,33.55,45.76,22.37,1.03,"玉环剧院, 灯台山, 三合潭文化遗址, 玉环龙潭寺, 玉环龙泉寺"
Dublin,53.3497,-6.2603,Ireland,592713,35.58,42.7,23.38,1.37,"Мост любви, Памятник Пушкину в Хабаровске, А.С. Пушкин, Musical Theatre of Khabarovsk Krai, Картинная галерея имени Федотова"
Al Maḩallah al Kubrá,30.9667,31.1667,Egypt,592573,33.43,45.58,22.29,1.03,"Etimesgut Merkez Cami, Çarşı Camii, Etiler Camii, Ulubatlı Hasan Cami, Camii"
Sialkot City,32.4925,74.5311,Pakistan,591668,34.43,43.54,23.29,1.2,"Beijing Waxworks Palace of Ming Dynasty, 李自成雕塑, 保利影院, RES, Ying Yang"
Vladivostok,43.115,131.8853,Russia,591628,33.41,45.55,22.27,1.17,"Museo del Guerrero Chimalli, Guerrero Chimalli, Fundadores de Chimalhuacán, Monumento a Tlalcaélel, Réplica de Coyolxauhqui en el suelo"
Luocheng,30.99,104.25,China,591115,33.41,45.55,22.27,1.53,"Battle of Kandahar, Battle of Kandahar, Fall of Kandahar, Kandahar Provincial Museum, د جنرال عبدالرازق مقبره"
Pereira,4.8143,-75.6946,Colombia,590554,33.38,45.52,22.26,1.37,"Cimitière Sid el Mokhtar, Mosquée Al Barkani, Colisée, Al Beith Al Islami, Cinéma Vox"
Gaza,31.5069,34.456,Gaza Strip,590481,34.39,43.49,23.26,1.75,"Shazhouba Revolutionary Sites, 中华苏维埃共和国中央革命军事委员会旧址, Building of 1st Kommunist Party HQ, Dam, Dam"
Reynosa,26.0922,-98.2778,Mexico,589466,33.37,45.5,22.24,1.4,"Masjid Agung Serang, Serang Station, Masjid Man 2 Kota serang, Banten Girang, Al-Ikhlas"
Zāhedān,29.5025,60.8558,Iran,587730,34.36,43.46,23.24,2.23,"А.М. Аблукову, храм Покрова Пресвятой Богородицы, И.Я. Яковлеву, храм во имя Сошествия Святого Духа на Апостолов, Simbirsk Chuvash teacher's school"
Essen,51.4508,7.0131,Germany,586608,33.34,45.46,22.23,1,深州市法尊寺
Cimahi,-6.8712,107.5548,Indonesia,586580,34.33,43.42,23.23,1.4,"Masjid Seribu Tiang, Masjid Raya Magatsari, Monumen Pejuang TP, Gereja Katolik S. Teresia, Ikhsaniyyah Mosque"
Wenlan,23.3961,103.3649,China,585976,35.31,42.38,23.21,1,"Masjid Kala Shaheed, Jama Masjid, Shiv Mandir, Masjid Gehri Wali, Jama Masjid Hasanpur"
Itabashi,35.7667,139.6833,Japan,584483,34.3,43.38,23.2,2.83,"Voight House Historical Marker, Central Reformed Church, Heritage Hill Historic District, The Castle Historical Marker, DeCommer Fine Art"
Shah Alam,3.0667,101.55,Malaysia,584340,32.28,46.4,22.19,1.03,"Süleymaniye Camii, Veysel Karani Camii, Mezarlık, Yeşiltepe Irmak Cami, Ulus Camii"
Suginami-ku,35.6994,139.6364,Japan,583609,33.26,45.35,22.17,1.07,"Bukit Sekilau, Pahang Buddhist Association, Golden Screen Cinemas, MBO Cinemas, Tokong Kiew Tian Kong"
Jaboatão dos Guararapes,-8.1128,-35.015,Brazil,581556,33.24,45.33,22.16,1.73,"Gold Coast Potters & Sculptors Corner, Surfers Paradise Anglican Church, Gold Coast Botanic Gardens, Regional Arboretum, Australian Defence Force Memorial Grove"
Vilnius,54.6872,25.28,Lithuania,581475,34.22,43.28,23.15,1.87,"Steel Knight, Asahi Hikawa-jinja Shrine, Yakurinji Temple, Kawaguchi Art Gallery Atlia, Former Tanaka Family Residence"
Kingston,17.9714,-76.7931,Jamaica,580000,34.22,43.28,23.15,4.5,"Battle of Tashihchiao, Jinniushan"
Al Mafraq,32.3399,36.2052,Jordan,580000,36.19,40.21,24.12,1.17,"Masjid Dar' Annadwah, Vista Cinemas, Member Church of GOD International Coordinating Center, Dating Daan Coordinating Center, Bethel Seventh-Day Adventist Church"
Aţ Ţā’if,21.2667,40.4167,Saudi Arabia,579970,33.16,45.22,22.11,1.83,"Dhabaleshwar Temple Complex, Dhabaleshwar Temple, ସିଦ୍ଧେଶ୍ଵର ମନ୍ଦିର, କଟକ, ବାଲି ଭୁଆସୁଣୀ ପୀଠ, GadaGadia Temple"
Port Sudan,19.6158,37.2164,Sudan,579942,33.16,45.21,22.1,2.3,"Casa Museo de la Ciudad, Musema (Museo Histórico-Seminario Mayor Arquidiocesano), Parábola, Todobulon, Museo Universidad Nacional de Tucumán"
Nha Trang,12.245,109.1917,Vietnam,579000,34.16,43.2,23.11,1.07,"مسجد, 19 nour, Taher Doha home, saloon, mama sister home"
Tuxtla,16.7528,-93.1167,Mexico,578830,34.15,43.19,23.1,3.43,"Rolands, Rīgas mākslas telpa, House of the Blackheads, Jakša nams, Old Riga"
Bakersfield,35.3529,-119.0359,United States,578542,34.14,43.18,23.1,1.07,"Macedonia Cemetery, Enon Church, Capital City Baptist Church, Beulah Cemetery, Primera Iglesia Bautista Hspn"
Dehra Dūn,30.345,78.029,India,578420,34.13,43.16,23.09,5,"Extensive mound, Long low mound of ruins"
Bremen,53.0758,8.8072,Germany,577026,34.11,43.13,23.07,1.5,"Roman Catholic Archdiocese of Malanje, Catedral, Cemiterio Municipal, Serra de Tala Mungongo"
Fu’an,27.1,119.6333,China,577000,33.01,45.02,22.01,2.2,"95th Quarter, Kiss place, TEZ Tour, Stela of Heroes, Kryvyi Rih, Пам’ятник загинувшим воїнам АТО"
Mymensingh,24.7504,90.38,Bangladesh,576927,35.01,42.01,23,1.5,"Djibouti, Aquarium Tropical de Djibouti, Masdjid Al Sada مسجد الصدى, Odeon Cinema, عماره سكنيه شقق مفروشه"
Hachiōji,35.6664,139.316,Japan,575721,33.99,42.98,22.99,3.33,"Zhuozhou Twin Towers, Lousangmiao Sanyigong, 三义宫, 沿村娘娘庙, 琉璃河大桥"
Iloilo,10.72,122.57,Philippines,574000,34.96,40.95,23.97,0,
Puente Alto,-33.6167,-70.5667,Chile,573935,34.95,41.94,22.97,1.73,"Capital City Seventh-day Adventist Church, Emmaus United Methodist Church, Steamer No. 10 Theater, Pine Hills Theatre, Madison Theater"
Botou,38.0833,116.5833,China,573842,31.95,45.93,21.96,1.67,"Negros Occidental Provincial Capitol, Capitol of Negros Occidental historical marker, Capitol Park and Lagoon, Negros Museum Cafe, Negros museum"
Rabat,34.0209,-6.8416,Morocco,572717,33.93,42.91,22.95,1.27,"Ebua's Residence, Saint Theresia, Masjidun Nou, Central Mosque, Musang Baptist Church"
Sincan,39.9594,32.5767,Turkey,572609,33.92,42.9,22.95,2.27,"Paintings, Elijah the Prophet Church, Archeparchy of Haifa and the Holy Land, St. Louis the King Cathedral, Exodus monument"
Kabinda,-6.13,24.48,Congo (Kinshasa),572000,32.91,44.87,21.94,1.39,"Jaganath Temple, Maa Vaishno Devi Temple, Roman Catholic Diocese of Rourkela, sacred heart Cathedral Cgurch, sacred heart Cathedral Church"
Kottayam,9.5916,76.5222,India,571856,32.9,44.87,21.94,1.2,"Mosquee de Banengo, Église Evangélique du Cameroun, Paroisse Saint Albert Le Grand de Tamdja, Église Adventiste du 7ème Jour, Monument Wanko"
Kahramanmaraş,37.5833,36.9333,Turkey,571266,33.9,42.87,22.93,1.17,"Roman Catholic Archdiocese of Garoua, Second Battle of Garua, First Battle of Garua, Mosquée Du Lamido, Mosquée De Katargo"
Shibīn al Qanāţir,30.3127,31.3202,Egypt,570868,33.86,42.82,22.9,3.27,"مسجد, جامع نهج مرسيليا, جامع الفتح, Currency Museum, Jardin Habib Thameur"
Tonalá,20.6167,-103.2333,Mexico,569913,33.84,42.8,22.89,1,"Prashanth, Krishna, Gayathri, Masjid, Masjid"
Abū Ḩummuş,31.0931,30.3142,Egypt,569157,32.83,44.76,21.88,1,"Masjid At Taqwa, Mushola Ash Sholihin, Masjid Baitul Ghufron, Muslim Cemetery, Monumen Perjuangan Rakyat Balikpapan"
Irbid,32.55,35.85,Jordan,569068,32.82,44.76,21.88,1.03,"Deeper Life Bible Church, The Redeemed Evangelical Mission, Unilag Central Mosque, Chapel of Christ Our Light, College Central mosque"
Jin’e,29.3394,105.2875,China,568900,32.8,44.72,21.86,1.17,"Peygamber Cami, Kurtuluş müzesi, Independence Museum, Sanliurfa Museum, Kamberiye Cami"
Macau,22.2006,113.5461,Macau,568700,33.78,42.72,22.85,2.47,"City, Gedenktafel für das Alte Rathaus, Krüger-Passage, Europa auf dem Stier, Alter Markt"
Xinxing,39.8667,124.15,China,568566,33.74,42.67,22.83,1,"Masjid Bin `Alawi, مسجد المشهور, Masjid `Umar, Masjid Ba Zira`ah, Masjid an Nur"
Surrey,49.19,-122.8489,Canada,568322,33.7,42.63,22.8,2,"Qingli Temple, Shiji Passenger Line"
Yaroslavl,57.6167,39.85,Russia,567443,33.7,42.62,22.8,1.1,"Kayseri Archaeological Museum, Mehmet Zengi Türbesi, Kalem Kırdı Camii, Seyyid Burhanettin Hz. Türbesi, Emir Erdoğmuş Türbesi"
Qionghu,28.945,112.598,China,567159,33.65,42.55,22.76,1.8,"Fudankoin, 陽山美術館, 鶴丸城跡, Tsurumaru Castle Goromon, Kagomma Onsen"
Dresden,51.05,13.74,Germany,566222,33.62,42.52,22.74,1,"特大树310, 大树群落370, 悬崖, 悬崖, 大树群落350"
Xinmin,41.997,122.823,China,565634,33.54,42.42,22.69,2.67,"中共三大会址纪念馆(四会红色文化传播基地), Guangzhou-Maoming Railway, 贞山, Guangzhou-Maoming Railway, Guangzhou-Maoming Railway"
New Haven,41.3113,-72.9246,United States,565056,32.54,44.38,21.7,1.07,"FUENTE DE CARACOLES DE IRAPUATO, DON VASCO DE QUIROGA., Templo del Hospitalito, Monumento Ruta de la Independencia, Teatro de la Ciudad"
Antwerp,51.2178,4.4003,Belgium,565039,33.52,42.4,22.68,1.93,"Spire of Dublin, Nelson's Pillar, An Post Museum, James Joyce Statue, Cúchulainn"
Kuiju,36.8667,119.4,China,564501,33.51,42.38,22.67,1.64,"سينيما مصر غزل المحلة, كنيسة الانبا انطونيوس, كنيسة السيدة العذراء, مصر, شركه طيبه للتكيف وفلاتر المياه"
Āsansol,23.68,86.99,India,563917,33.49,42.36,22.66,1.03,"Allama Abdul Hakeem Qabristan, Tomb of Allama Abdul Hakeem, Chah Bagh, Shrine of Pir Manawar Ali Shah, Mian Bahawal"
Bokaro Steel City,23.67,86.15,India,563417,33.49,42.35,22.65,4.87,"Fighters for the Soviet Power in the Far East, Стела в память о присвоении Владивостоку звания ""Город воинской славы"", Svetlanskaya Street 29, Vladivostok, Building of Fishing Industry Institute, Vladivostok, Ussuri"
Jieshou,33.257,115.3746,China,561956,32.5,44.32,21.67,2.07,"Sanxingdui Museum, Sanxingdui Museum, Sanxingdui Ruins, Chengdu–Lanzhou Railway, Chengdu–Lanzhou Railway"
Bello,6.3333,-75.5667,Colombia,561955,34.45,41.34,22.64,1.13,"Naked Bolívar, RoyalFilms, Catedral de Nuestra Señora de la Pobreza (Pereira), El gran Hombre, CinePub"
Kolhāpur,16.6917,74.2333,India,561489,33.47,42.32,22.64,1.13,"Qubbaa Al Jadded Mosque, El Tawabeen Mosque, رمزون السامر, مصلى الهدى, Al-Naser Cinema"
Wencheng,19.617,110.7551,China,560894,32.48,44.29,21.65,1.07,"Cine Brasil, Reynosakatedralen, Parroquia De Nuestra Señora De Guadalupe, El Águila, Old Hidalgo Pumphouse"
Miluo Chengguanzhen,28.761,113.16,China,560725,33.46,42.31,22.63,1.07,"مسجد امام جعفر صادق, مسجد حضرت ابوالفضل, هیئت متحده رضوی, Sunni Friday Prayers, مسجد"
Lanxi,29.208,119.458,China,560514,33.42,42.26,22.61,4.29,"Postbank, Friedhof am Kettwiger Tor, Postbank-Hochhaus, Postbank-Hochhaus, Steile Lagerung"
Zhenzhou,32.2723,119.1848,China,560258,33.42,42.26,22.6,1.03,"Mesjid Nur Al Rahman, Masjid Jami Nurul Huda, Masjid Jami Raudhatusy Syifaa, Masjid Baiturrahman, Masjid At-Taqwa"
Des Moines,41.5725,-93.6105,United States,560170,34.38,40.27,23.58,2.3,"Honghe Prefectural Museum, Jade Emperor Pavillion, 周家旧宅, 望云传统文化博物馆, Pagoda"
Nava Raipur,21.161,81.787,India,560000,31.41,45.16,21.6,1.33,"Itabashi Science and Education Hall, 昌玲寺, 稲荷神社, 延命寺, 常楽院"
Gaizhou,40.4,122.35,China,559271,32.39,44.16,21.59,1.2,"Nirvana Tang Villa, Crematorium, Hindu Cemetery, Nirvana, Shah Alam Memorial Park"
Leling,37.73,117.232,China,559166,32.32,44.07,21.55,1.3,"天桂寺, エホバの証人の王国会館, 海雲寺, 成宗須賀神社, 天祖神社"
Genoa,44.4072,8.934,Italy,558745,34.23,41.07,22.49,1.1,"Instituto Istórico, Battle of Guararapes, Igreja Evangélica Congregacional, Ruínas da Antiga estação de trem de Jaboatão, Igrena Nsa Sra do Rosário"
Ensenada,31.8578,-116.6058,Mexico,557430,32.24,43.96,21.49,1.8,"Chapel of Saint Alexander Nevsky, Vilnius, Vincas Kudirka, Vincas Kudirka square, Jano Kupalos atminimo lenta, House of Puglu"
Herāt,34.3419,62.2031,Afghanistan,556205,33.2,41.99,22.46,1.43,"Theatre Royal, The Ward Theatre (1912), Kingston Parish Church (1911), The Coke Memorial Methodist Church, Marcus Garvey"
Uyo,5.0333,7.9275,Nigeria,554906,32.19,43.9,21.46,1,"Al Dalabih, Al Jundi, مسجد بلال بن رباح, الزيتات رسم قديم, الزيتات رسم قديم"
Hamadān,34.8064,48.5161,Iran,554406,33.15,41.92,22.42,1.08,"Battle of Taif, مقبرة عبد الله بن عباس رضي الله عنهما, Maktab Abdullah bin Abbas, نايت للاجنحة المفروشة - الطائف, Rose factory"
Chiclayo,-6.763,-79.8366,Peru,552508,34.1,40.92,22.41,1,"الجـــامع الكــــبير - بورتسـودان, Mosque of Ibn Masood, Church, Coptic Church, مسجد شهداء الأقصى"
Surakarta,-7.5667,110.8167,Indonesia,552118,33.12,41.89,22.4,1.13,"Giáo xứ Bắc Thành, ㅇㅇ, Christ the King Cathedral, Nhà Thờ Chánh Tòa Nha Trang, Roman Catholic Diocese of Nha Trang"
Ajmer,26.4499,74.6399,India,551101,34.07,40.88,22.39,1.2,"Catedral de San Marcos, General Joaquin Miguel Gutierrez Canales, Museo del Cafe Chiapas, La Iglesia de Nuestra Señora Guadalupe, Iglesia de San Pascual"
Braunschweig,52.2667,10.5167,Germany,551000,34.06,40.87,22.38,1.43,"South Chester Drive-In, Harvest Foursquare Church, First Congregational Church of Bakersfield, Redeemer Lutheran Church, New Bethel Missionary Baptist Church"
Nānded,19.15,77.3,India,550439,33.08,41.84,22.38,1.03,"Music School Hall, Rose Bowl, S. R. Das Sculpture, Art and Media Center, mandir"
Wuhai,39.655,106.794,China,550000,32.11,43.78,21.4,6.1,"Bremer Marktplatz, Roland, Am Markt, Am Markt, Town Hall and Roland on the Marketplace of Bremen"
Palma,39.5667,2.65,Spain,550000,32.1,42.8,22.37,1,"天堂禅寺, 东岳道观, 望江阁, 白云禅寺, 三清殿"
Rustenburg,-25.6667,27.2428,South Africa,549575,33.06,41.81,22.37,1,"Mymensingh cantoment, Mymensingh Markaz Mosque, Cantonment Cinema Hall, Darussalam Jame Mosque, AMC Mosjid"
Amrāvati,20.9258,77.7647,India,549370,33.06,41.81,22.36,1.43,"多賀神社, Ryōhō-ji, 日吉八王子神社, マスジド アル タウヒード八王子 Masjid Al-Tawheed Hachioji, 善能寺"
Lisbon,38.7122,-9.134,Portugal,548703,32.07,43.74,21.38,1.53,"Puerto real de Iloilo Chapel, Iloilo School of Arts and Trade historical marker, Aglipay Church, Philippine-American Cemetery, Lopez Heritage House"
Yanji,42.9,129.5,China,548700,33.98,40.77,22.33,1,"Nacera El Sol de Justicia, Parroquia San Esteban, Iglesia Evangelica Asamblea de Dios en Chile, Iglesia Evangélica Asamblea de Dios en Chile, Iglesia Evangelica Asamblea de Dios en Chile"
The Hague,52.08,4.31,Netherlands,548320,32.99,41.72,22.32,3.5,"Botou Mosque, Bolian Temple"
Hannover,52.3667,9.7167,Germany,548186,32.99,41.72,22.31,3.73,"Bab el Had, Bab El Had, Mosquée Sidi Lghandour, Cimetiere Juif, Seqqaia Souika"
Sevastopol,44.605,33.5225,Ukraine,547820,32.98,41.71,22.31,1.13,"Karaşükrü Mezarlığı, Barbaros Camii, Nefise Andiçen Cami, Kütükçüoğlu Pazar Cami, Malazgirt Cami"
Palm Bay,27.9631,-80.6593,United States,547659,31.98,43.61,21.32,2,Roman Catholic Diocese of Kabinda
Manchester,53.479,-2.2452,United Kingdom,547627,32.93,41.64,22.27,1.07,"sree rama temple, Gandhi Statue, thirunakkara temple aalthara, the indian pentecostal church of god zion tabernaclei, Thirunakkara Temple gopuram"
Nellore,14.4431,79.9861,India,547621,31.93,42.57,22.25,1.27,"Battle of Marash, Kazancı Cami, Nuh Cami, Şekerli Cami, Divanlı Cami"
Poznań,52.4083,16.9336,Poland,546859,33.84,40.61,22.24,1.17,"شارع البرديني, Leontopolis (Heliopolis), Sidi Uthman, Sidi an Najdi, مرقد الصحابي مالك الاشتر"
Ibagué,4.4333,-75.2333,Colombia,546003,31.87,43.46,21.25,1,"Parroquia de La Divina Providencia, Templo Sagrada Familia, Parroquia de Santiago Apostol, Parroquia Todos los Santos, Santuario del Sagrado Corazón de Jesús"
Wancheng,18.8,110.4,China,545992,32.83,41.52,22.21,1.33,"Tall Bisintaway, مسجد المرادني, Iuliopolis, Kidwet al Garya, Kom al Diba al Bahari"
Tomsk,56.5,84.9667,Russia,545391,32.77,41.44,22.17,1.07,"كنيسة الروم الكاثوليك, Alfayha, Irbid Great Mosque, اشارة الاسكان, Irbid Archaeological Museum"
Sungai Petani,5.6497,100.4793,Malaysia,544851,31.78,42.37,22.15,1.6,"隆昌石牌坊群, 至圣先师, Chuandong Ecology Zoo, Chengdu–Chongqing Intercity Railway, Chengdu–Chongqing Intercity Railway"
Xinshi,31.1333,113.1167,China,544843,33.69,40.43,22.14,2.3,"Lou Lim Ieoc Garden, Tea Museum, 塔石藝文館 A Galeria Tap Seac, 聖味基墳場 Cemitério de São Miguel Arcanjo, 聖彌額爾小堂 Capela de S. Miguel"
Kemerovo,55.3667,86.0667,Russia,544600,32.72,41.38,22.13,1,"军标洞口, 象鼻山"
Naberezhnyye Chelny,55.6833,52.3167,Russia,544383,31.75,43.29,21.16,1.23,"Nautilus, Blankets: in use, Blankets: waiting, Blankets: stored, Rainbow Crosswalk"
Valledupar,10.4833,-73.25,Colombia,544134,31.74,43.29,21.16,2.87,"John the Baptist Church at Tolchkovo, Bozhedomka Church, ""Дикий пляж"", Церковь Адвентистов, Миллениум"
Muntinlupa City,14.38,121.05,Philippines,543445,33.66,40.39,22.12,0,
K’ebrī Beyah,9.0833,43.0833,Ethiopia,543272,33.66,40.39,22.12,3.4,"Badergasse, Dresden, Altmarkt 4–6, Haus Altmarkt, Palais Vitzthum-Schönburg, Wasserspiele am Altmarkt Dresden"
Luofeng,37.359,120.396,China,543127,32.68,41.33,22.11,0,
Ghulja,43.9,81.35,China,542507,32.66,41.3,22.09,2.93,"St. Mary's Church (New Haven, Connecticut), New Haven County Courthouse, Saint Mary's Church, Woolsey Hall, Slifka Center for Jewish Life"
Ixtapaluca,19.3186,-98.8822,Mexico,542211,31.69,43.22,21.13,3.33,"Dagbladmuseum, MoMu, Madonna, Augustijner Theater, Siege of Antwerp"
Fuding,27.2,120.2,China,542000,31.64,43.15,21.09,1,"姜氏祠堂, 黄元御故居, 昌邑市老年公寓(原址), 昌邑市城建档案馆, 艰苦岁月"
Heroica Matamoros,25.8797,-97.5042,Mexico,541979,33.55,40.26,22.05,1.5,"Shri Guru Nanak Gurdwara Ushagram Asansol, Sri Guru Nanak Gurdwara Asansol, Traffic Colony Durga Mandir, Dadi Mandir, Shayam Mandir"
Mbeya,-8.9,33.45,Tanzania,541603,31.63,43.13,21.08,1,"Kali Mandir, Chhatt Ghat, Gurdwara Sri Guru Singh Sabha Bokaro Steel City, Ram Mandir, madina majid"
An Nāşirīyah,31.0439,46.2575,Iraq,541600,32.58,41.2,22.04,2,Zhengzhou–Fuyang High-Speed Railway
Al Ḩillah,32.4833,44.4333,Iraq,541034,34.49,38.32,22.99,1.2,"Mirador el Plan, La preciosa sangre, Iglesia de dios ministerial de jesucristo internacional, Casa Museo Marco Fidel Suarez, Capilla de Hato Viejo"
Lingyuan,41.25,119.4,China,540832,31.61,43.1,21.07,1.53,"Shri Swami Samarth Mandir, Shri Siddhivinayk Mandir(Odyavarcha Ganpati), Uma Talkies, Parvati Multiplex Cinema, Keshavrao Bhosale Natya Gruha"
Juiz de Fora,-21.7642,-43.3503,Brazil,540756,31.56,43.04,21.04,1,"Старая часть города Вэнчан, Храм Конфуция"
Guixi,28.2925,117.2454,China,540572,32.52,41.13,22,1,"屈原像, 普门寺"
City of Calamba,14.22,121.17,Philippines,539671,31.55,43.02,21.03,1.41,"兰溪市博物馆, 芥子园, 横山风景区, 兰溪城墙, 云山风景区"
São José dos Campos,-23.1789,-45.8869,Brazil,539313,31.51,42.97,21.01,1,"东岳庙, 天宁塔, 鼓楼, 仪征市博物馆, 城市展览馆"
Akron,41.0798,-81.5219,United States,538659,32.46,41.05,21.96,3.4,"Jordan United Methodist Church, Bethany Open Bible Church, Saint Anthony's Church, Fellowship Baptist Church, Southwest Fifth Street Bridge"
El Geneina,13.45,22.44,Sudan,538390,32.45,41.04,21.95,1.11,"Atal Park, Amphitheatre, Jungle Safari, rameshwaram mandir, Shadani Darbar"
Contagem,-19.9319,-44.0539,Brazil,538017,32.45,41.04,21.95,6,Xuanzhen Temple
Santa Cruz,28.4667,-16.25,Spain,538000,31.49,42.94,20.99,1,"乐陵市工人文化宫, 乐陵市影剧院, 千年枣林游览区"
Agadir,30.4214,-9.5831,Morocco,538000,32.44,41.02,21.94,3.3,"Piazza de Ferrari, Piazza de Ferrari, Genova, Palazzo Giulio Pallavicini, Palazzo della Regione Liguria"
Orenburg,51.7833,55.1,Russia,536862,32.41,40.99,21.92,1.03,"Epocas, Santuario de Guadalupe, Teatro Riviera, Monumento a Colón en la Riviera de Ensenada, Centro Social Civico y Cultural Riviera"
Nilüfer,40.2833,28.95,Turkey,536365,32.39,40.96,21.91,1.8,"Herat Great Mosque Park, Tomb of Ali Mowaffaq, Great Mosque of Herat, Noor Hall, Masjid Jamia Park"
Leeds,53.7975,-1.5436,United Kingdom,536280,32.37,40.94,21.9,1.2,"Roman Catholic Diocese of Uyo, Insight Bible Church, RCCG Zion Super Mega Parish Uyo, Full Life Christain Centre, Christ Embassy"
Kassala,15.45,36.4,Sudan,536009,31.42,42.84,20.95,3.93,"Baba Tahir Mausoleum, Hamadan, Ancient Site of Hegmataneh, Ekbatan square, hegmataneh, مسجد شالبافان"
Aksu,41.185,80.2904,China,535657,31.4,42.81,20.93,1.4,"Agua Viva, Iglesia Avivamiento, santa rosa de lima, Iglesia de Jesucristo de los Santos de los Últimos Días, Mercado de Brujo o Herbolario"
Salta,-24.7833,-65.4167,Argentina,535303,31.4,42.81,20.93,1.27,"House of Danar Hadi, Monumen Pers Nasional, Museum Radya Pustaka, Tumurun Private Museum, PGRI Monument"
Dispur,26.1397,91.7925,India,534872,32.34,40.91,21.88,3,"Ajmer Jain Temple, Roman Catholic Diocese of Ajmer, Tomb of Abdulla Khan and his wife, Akbar's Fort & Museum, Magazine Buildingin Akbar Fort"
Gulbarga,17.329,76.825,India,533587,32.34,40.9,21.88,3.93,"Astor Filmtheatre, St. Petri, Hahn auf der Petri-Kirche, Sporthalle Alte Waage, Eulenspiegelbrunnen"
Nansana,0.3639,32.5286,Uganda,532800,32.33,40.89,21.87,1.58,"Takhat Sachkhand Sri Hazur Abchalnagar Sahib, Sach-Khand, Nanded Fort, Kaleshwar Temple, Naroba Temple"
Kimhae,35.2342,128.8811,"Korea, South",531966,32.31,40.86,21.86,2.4,"Can Espanya-Serra, Cal Comte d'Espanya, Ca la Torre, Palau episcopal de Mallorca, Cal Marquès de la Torre"
Novokuznetsk,53.7667,87.1333,Russia,531186,31.35,42.75,20.9,1.14,"Xing Hai Temple, Buddha, 广场雕塑, Protection Seal, Gandeer Hill"
Beira,-19.8333,34.85,Mozambique,530604,32.26,40.8,21.82,1.03,"Holy Trinity Anglican Church, Gereformeerde Kerke, Dutch Reformed Church, Cornerstone Church, Lede in Christus Kerk"
Balashikha,55.8167,37.9667,Russia,530311,32.25,40.78,21.81,1,"Hanumaan Mandir, Shri Samarth Gajanan Maharaj Mandir, Shree Swami Samrth Mandir, Gurudwara, Hanuman Temple"
Yazd,31.8822,54.3397,Iran,529673,32.21,40.74,21.79,4.1,"Olisipo, São Jorge Castle, Dom Afonso Henriques, São Jorge Castle, Palácio Vila Flor"
Ardabīl,38.2517,48.2975,Iran,529374,32.19,40.71,21.77,1.27,"Roman Catholic Diocese of Yanji, 公园喷泉, Парк-зоопарк, 校训碑, 学脉碑"
Touba,14.8667,-15.8833,Senegal,529176,31.24,42.6,20.83,5.14,"Johan de Witt, Aleida van Poelgeest, Plaats 24, The Hague, Hollandia, Voormalig woonhuis in neo-gotische stijl"
Bīkaner,28.0167,73.3119,India,529007,31.21,42.56,20.81,3.63,"EFG Hannover-Linden, Lindener Marktplatz 2 (Hannover), Hannah Arendt, Lindener Marktplatz, Nachtwächter-Brunnen"
Gaobeidian,39.327,115.874,China,528903,31.17,42.5,20.78,2.7,"Cathedral of Intercession of the Theotokos, Девичье училище, Памятник адмиралу Н. Г. Кузнецову, ТоТ ещё театр, Памятный знак на месте гибели самолета Ил-4"
Mixco,14.6331,-90.6064,Guatemala,527828,33.05,39.66,21.72,1.03,"Cornerstone Assembly of God, River of Life Christian Center, Grace Bible Church, Joy Lutheran Church, Community of Christ"
Himeji,34.8167,134.6833,Japan,527596,32.07,40.56,21.7,5.77,"St Andrews Chambers, Carlton House, Oliver Heywood, Tampopo, William Ewart Gladstone"
Bandar ‘Abbās,27.1961,56.2878,Iran,526648,33,38.66,22.63,1.3,"Howrah–Chennai main line, Howrah–Chennai main line, Hanuman Temple, Vinayaka Temple, S2 cinemas"
Nuremberg,49.4539,11.0775,Germany,526091,32.05,40.54,21.68,4.73,"Old Market Square, Sołacz z parkiem Sołackim, Wielkopolskie Muzeum Wojskowe, Studzienka Bamberki, Museum of the Wielkopolska Uprising of 1918-1919"
Concord,37.9722,-122.0016,United States,525233,31.08,42.39,20.72,1.13,"Sagrado Corazon de Jesus, Antigua Locomotora, Sirena del Tren, Iglesia Cristiana Ejército de Salvación, Museo de Arte del Tolima"
Van,38.4942,43.38,Turkey,525016,32.96,39.56,21.66,1,"Entrance to the Dongshan Ling, Природный зоопарк на берегу озера Дуншаньху, Тропический парк, possible camp site, Кролики"
Port Said,31.2625,32.3061,Egypt,524433,31.08,42.38,20.72,3.4,"Monastery of the Theotokos and Saint Alexius in Tomsk, Памятник М.В. Октябрьской, Католическое кладбище Томска, Храм Успения Пресвятой Богородицы, Old Believer Church, Tomsk"
Kōtō-ku,35.6667,139.8167,Japan,523419,32,40.47,21.65,1,"Masjid Sultan Muzaffar Shah, mmCineplexes, Church Of Christ The King, I ♥ SP, Masjid Abdul Rahman"
Ciudad Apodaca,25.7817,-100.1886,Mexico,523370,31.99,40.46,21.64,0,
Kitchener,43.4186,-80.4728,Canada,522888,31.97,40.43,21.62,1.83,"Кузбасскино, Золотой пони, Парк Чудес, Погода в доме, Святая великомученица Варвара"
Agartala,23.8314,91.2869,India,522613,31.95,40.41,21.62,1.53,"Церковь в честь иконы Божией Матери Неупиваемая Чаша, Набережная им. Габдуллы Тукая, Памятная плита строителей дома 10/36/3, Изумрудный, Спорт"
Soacha,4.5872,-74.2214,Colombia,522442,32.85,39.42,21.59,1.13,"La Fuente, Academia de Historia del Cesar, La Concepcion, Curia Episcopal, Plaza Alfonso López Valledupar"
Buca,38.35,27.1667,Turkey,522404,32.83,38.45,22.51,1.07,"Church of Christ, Body of Christ Tunasan Church, Victory, SM Cinemas, Victory"
Maipú,-33.5167,-70.7667,Chile,521627,31.87,40.3,21.56,1,"Madrasa Islamic school, Madrasa Islamic school, Islamic school, Madrasa Islamic school, Islamic school"
Arāk,34.0914,49.6933,Iran,520944,30.92,42.17,20.62,1,luo shan national park
Lyon,45.76,4.84,France,520774,31.86,40.29,21.55,2.2,"速檀歪思汗麻扎, Old Town, Uighur Mosque, Tudahongbayi Court, Baitula Mosque"
Tultitlán de Mariano Escobedo,19.645,-99.1694,Mexico,520557,30.9,42.14,20.6,1.03,"Iglesia de Ixtapaluca, Parroquia de San Jacinto Ixtapaluca, Jardin de la Parroquia, Jardin de La Parroquia, Fuente danzante"
Ryazan,54.63,39.7425,Russia,520509,31.83,40.26,21.53,1.07,"小太姥, 太姥山风景区, 国兴寺, 天门寺, 仙人洞"
Meknès,33.895,-5.5547,Morocco,520428,31.82,40.24,21.53,1.83,"Battle of Matamoros, Catedral de Nuestra Señora del Refugio, Roman Catholic Diocese of Matamoros, Teatro de la Reforma, Museo Casamata"
Luanzhou,39.741,118.704,China,520102,31.8,40.22,21.51,1,"Mbeya old cemetery, Mwanjelwa Roman Catholic, Anglican Church Mbeya, Moravian Church Jacaranda, Karibuni Mission"
Al Fayyūm,29.3,30.8333,Egypt,519047,30.86,42.08,20.57,1.1,"كورنيش, جامع فالح باشا, حسين ارخيص الإبراهيمي, جامع سيد راضي, ساحة تمثال الحبوبي"
Utsunomiya,36.555,139.8825,Japan,518197,31.77,40.17,21.49,1.03,"جعفر بن نما, شارع الري, شارع التربية, مجمع الصفاء الطبي التخصصي, شارع الري"
Sheffield,53.3808,-1.4703,United Kingdom,518090,31.76,40.16,21.48,6,Niuheliang
Chānda,19.95,79.297,India,518000,32.68,38.28,22.41,1.67,"Igreja Catedral de Juiz de Fora, Forum da Cultura, Paço Municipal de Juiz de Fora, Museu de Etnologia Indígena e História Natural da Academia, Parque Halfeld"
Suez,29.9667,32.5333,Egypt,516959,31.74,40.14,21.47,2,"Shanghai–Kunming high-speed railway, Shanghai–Kunming high-speed railway, Shanghai–Kunming high-speed railway, Shanghai–Kunming high-speed railway, Shanghai–Kunming high-speed railway"
Heshan,22.7667,112.95,China,516500,31.73,40.13,21.47,2.03,"Liceo de Calamba, Calamba Banga, Calamba Claypot, Catholic Church of Calamba Baptistry historical marker, Saint John the Baptist Parish"
Loni,28.75,77.28,India,516082,31.73,40.12,21.46,1.63,"Igreja Internacional da Graça de Deus, Igreja Matriz, Obelisco MMDC, Deus é Amor, Assembléia de Deus Família Plena"
Jiaji,19.2431,110.4642,China,515700,29.82,42.86,20.5,3.03,"Akron Civic Theatre, Dome Theatre, Grace Reformed Church, Astor Theatre, Akron YMCA Building"
Qaraghandy,49.8028,73.1056,Kazakhstan,515632,30.74,41.92,20.5,1,"Azoom River, Jabal Kelinga, منزل الشريف تازورة, Jabal Abu Randi, Jabal Mukko"
Santa Marta,11.2419,-74.2053,Colombia,515556,31.64,40.02,21.4,1.2,"Community of Arturos, Casa da Cultura Nair Mendes Moreira - Museu Histórico de Contagem, Paróquia Santa Cruz, Jesus Cristo é o Senhor, Igreja Nossa Senhora da Glória"
Ujjain,23.17,75.79,India,515215,32.55,39.06,21.39,3.43,"Battle of Santa Cruz de Tenerife, Battle of Santa Cruz de Tenerife, Casa de las Tres Muñecas, Edificio Montes, Casa de los Grifos"
Abū Ţisht,26.1204,32.0954,Egypt,514535,32.55,39.06,21.39,1.47,"Mosquée Enahda, Mosquée Mohamed V, Église Catholique Sainte-Anne, Mosquée Mohamed V, Agadir Catholic Church"
Samarkand,39.6547,66.9758,Uzbekistan,513572,31.61,39.98,21.38,2.23,"Дмитриевский мужской монастырь, Yurov mill, Сова, Центральная соборная мечеть, П.И. Рычков"
Liverpool,53.4072,-2.9917,United Kingdom,513441,30.66,41.81,20.44,1,"Nilüfer Mahallesi Camii, Geçit Merkez Camii, Pekmezci Cami, Hoca Ahmet Yesevi Cami, Çağrışan Camii"
Macapá,0.033,-51.05,Brazil,512902,32.51,39.01,21.36,5.43,"8 And 9, Commercial Street, Thorntons, 1 and 3, Lands Lane, 36, 37 And 38, Commercial Street, 6, Lands Lane"
Benguela,-12.55,13.4167,Angola,512886,30.65,41.8,20.43,1,"مسجد التوفيق, Tajooj Theater, Kassala Grand Mosque, Al-Watanya Cinema, Gash Barka riverside picnic spot"
Cuito,-12.3833,16.9333,Angola,512706,30.62,41.76,20.41,1.5,"chines name tag, 阿克苏博物馆"
Al Fashn,28.8231,30.899,Egypt,512242,30.61,41.74,20.41,2.43,"Iglesia San Alfonso, Museo de Bellas Artes, Museo De Bellas Artes, Hoyts Salta, Museo de Arte Etnico"
Toulouse,43.6045,1.444,France,511684,31.53,39.87,21.33,1.27,"Rajdhani Masjid, Ganesh Mandir, Ganesh Mandir, Ganesh Mandir, KAILASH NAGAR sHIV MANDIR"
Al ‘Amārah,31.8333,47.15,Iraq,511500,32.4,37.96,22.22,1.27,"Saibaba/ Navagraha temple vidyanagar, Roman Catholic Diocese of Gulbarga, Madina Masjid, Sharana Basaveshwara Temple, Science Museum"
Carrefour,18.5333,-72.4,Haiti,511345,30.55,41.66,20.37,1,"Nansana Church of uganda, Kibwa COU, Lugoba Mosque, St. Joseph's Catholic Church, Mutesa Hill"
Campos,-21.7523,-41.3304,Brazil,511168,30.52,41.62,20.35,1.47,"수로왕릉, nepali church, Gimhae Catholic Church, 김해한옥체험관, 천주교부산교구 김해성당"
Cadaado,6.1393,46.6241,Somalia,510654,31.38,39.68,21.23,1.37,"Eramakov Nikolay monument, Поющий фонтан, Влюбленные, Скульптура ""Яблоневое дерево"", Скульптурная композиция ""Аисты"""
Meihekou,42.5407,125.7107,China,509336,30.45,41.52,20.3,4.87,"Roman Catholic Archdiocese of Beira, Uma igreja evangélica Pentecostal, De origem Assembleia de Deus, Pêro de Anaia High School, Casa dos Bicos, Escola de Artes e Ofícios (Beira)"
Kenitra,34.25,-6.5833,Morocco,507736,30.42,41.48,20.28,1.5,"Sky, В. И. Ленину, Бывшая фабричная казарма, Бывшая фабричная библиотека, К. Марксу"
Newcastle,-27.7464,29.9328,South Africa,507710,31.33,39.62,21.19,3.13,"Saheb Al-Amr Mosque, گلزار شهدای خیرآباد وعیش آباد, cinema jame jam, اورست, Mahdie mosque"
Mesa,33.4015,-111.7178,United States,507478,30.38,41.43,20.25,1.8,"مسجد پنج تن آل عبا - تبریزیان, مسجد تازه میدان, Ardabil Province, Bazaar, مسجد اقلیم شاه"
Jhānsi,25.4486,78.5696,India,507000,31.29,39.57,21.16,1.23,"Keur serigne moustapha saliou mbacke, Résidence s sidi mbacke, Grande Mosquée de Touba, Serigne Moustapha Darou, Monument Cheikh Binetou"
Matsuyama,33.8333,132.7667,Japan,506743,31.28,39.56,21.16,1.5,"Kote Gate, beautiful fine old havelis, Junagarh Fort, Havelis, King on his horse"
Ulhāsnagar,19.22,73.15,India,506098,32.2,37.72,22.08,3.5,"Ciyun Ge, 三义宫, Lousangmiao Sanyigong, Kaishan Temple"
Ribeirão Prêto,-21.1776,-47.8101,Brazil,504923,32.19,38.63,21.16,1,"Guerreros de Oración, Iglesia Evangélica Aposento Alto, Iglesia Profética de Cristo, Iglesia Bet Shalom, Iglesia de Cristo Casa del Alfarero"
Pohang,36.0322,129.365,"Korea, South",503780,32.18,37.69,22.06,1.73,"夜啼地蔵, Himeji Shijō Station, Himeji City Tegarayama Botanical Garden, Kameyama Station, Hontokuji Temple"
Duisburg,51.4347,6.7625,Germany,503707,30.34,41.37,20.22,1.2,"حسینیه کوثر, مسجد امام حسین, مسجد محمد رسول الله, مسجد امام جعفر صادق, مسجد امام علی"
Jammu,32.73,74.87,India,502197,30.31,41.34,20.21,3.97,"HIER-Stein, Synagogen in Nürnberg, Margarethe Engelhardt Denkmal, Prantlstein, Brunnen"
Ile-Ife,7.4833,4.5592,Nigeria,501952,31.18,39.44,21.1,1.07,"St. Agnes Catholic Church, First Lutheran Church, Baha'i Center, The Church of Jesus Christ of Latter-day Saints, Bethel Baptist Church"
Wichita,37.6895,-97.3443,United States,501760,31.15,39.39,21.07,1.6,"Şemsiye sokakı, Breakfast street, van devlet tiyatrosu, Mezarlık, Mezarlık"
Mazatlán,23.2167,-106.4167,Mexico,501441,31.13,39.38,21.06,1.55,"Saint Theresa Church, Port Said Martyrs Memorial, Suez Canal Authority Museum, Lotfy Shabara, The Italian House"
Uberlândia,-18.9189,-48.2769,Brazil,501214,30.2,41.19,20.14,1.27,"関東大震災横死者供養塔, 波除碑, Fuji Golf Driving Range, KAWADU Sakura cherry blossom, 東京イースト21"
Homyel’,52.4453,30.9842,Belarus,501102,31.11,39.34,21.04,1,"Parroquia de San Francisco de Asís, Placa de entrada, Iglesia San José, Parroquia San José Esposo de la Virgen María, cinepolis"
Farāh,32.3436,62.1194,Afghanistan,500000,30.15,41.11,20.1,1,"Strasburg Woods, Balzer Greenway, Moments, Fallowfield Park, Balzer Greenway Natural Area"
Belas,-8.9983,13.265,Angola,500000,32.8,36.44,21.86,1.3,"Laxminarayanbari, Lakshmi Narayan Temple, Agartala, Kalibari, Durgabari, Modern Club Shiv Mandir"
Talatona,-8.9167,13.1833,Angola,500000,30.06,41,20.04,1,"Cementerio de Soacha, Teatro Sua, Capilla de María Auxiliadora, Suacha 1600, Varon del Sol"
Nenjiang,49.11,125.13,China,500000,30.05,40.97,20.03,1.2,"Abil Efendi Camii, Cami, Cami, Cami, Buca Koop Cami"
Tuticorin,8.8056,78.145,India,500000,30.94,39.13,20.93,1.67,"Congregación Sagrada Familia, Iglesia Cristiana Fuente de Vida, Votive Temple of Maipú, Votive Temple of Maipú, Museo del Carmen"
Asaba,6.1833,6.7333,Nigeria,500000,30.93,39.12,20.93,1.53,"سرای مهر, سرای آقایی, مسجد حاج تقی خان, Arak Bazaar, حسینیه ساقی کوثر"
El Fasher,13.63,25.35,Sudan,500000,31.84,37.3,21.84,2.47,"Lyon (Samian Ware Productioncentre), Pont Wilson, Sadi Carnot, Jardin Général Delestraint, Pierre Dupont et sa muse"
Sukkur,27.7061,68.8483,Pakistan,499900,29.98,40.88,19.98,1.13,"Virgen de la fuente, Parroquia de San Antonio de Padua, Inglesia San Juan, Parroquia, Los Reyes, san escuela"
K’ebrī Dehar,6.7333,44.2667,Ethiopia,499500,31.79,37.24,21.8,2.17,"Здание Благородного собрания, Eupaty Kolovrat, Kilometre zero, Дом Михаила Шарова, Дом Салтыкова-Щедрина"
Harrisburg,40.2752,-76.8843,United States,499494,29.96,40.86,19.98,2.9,"ساحة المسيرة, Dawliz, Bab Bou Ameir, Bab bouamair باب بوعمير, Sidi Amar"
Taozhou,30.8956,119.411,China,499132,30.87,39.04,20.88,1,"关帝庙, 东城门, 滦河母亲, 大觉寺, Yan Mountain"
Anlu,31.2667,113.6667,China,498356,31.73,38.08,20.85,1.53,"الرسالة, مسجد الشبان المسلمين, Abgig, Kiman Faris, Obelisk of Senwosret"
Lapu-Lapu City,10.3127,123.9488,Philippines,497604,29.9,40.77,19.93,1.43,"二の丸土塁・堀跡, 東北不動尊, Battle of Utsunomiya Castle, Utsunomiya castle ruins park (Utsunomiya joshi koen), 清水門跡"
Matsudo,35.7876,139.9032,Japan,497514,30.78,38.93,20.82,3.93,"South Yorkshire Police Box, Police Box Adjacent To Town Hall, Surrey Street, Sheffield, Montgomery Theatre, Horse and Rider, Cinema House"
Johor Bahru,1.482,103.7281,Malaysia,497097,29.86,40.71,19.9,1.63,"Jama Masjid, Jayant, Ambedkar statue, Abhay Theatre, gandhi statue"
Purnea,25.778,87.476,India,496830,29.85,40.71,19.9,1.27,"Abrag Al-Safwa Fountain, Suez African And Indian Army War Cemetery, Suez War Memorial Cemetery, Battle of Suez, مسجد الاربعين"
Imus,14.4297,120.9367,Philippines,496794,30.67,38.79,20.75,1,"Gulao Ancient Water Village, 香泉岭, 爱丽丝城堡, 广东色色环球影城, 永安堂墓园"
Niterói,-22.8833,-43.1036,Brazil,496696,29.77,40.6,19.85,1.73,"shiv mandir, Nanak Sir, Park at Wazirabad, Wazirabad Bridge (Tughlaq Era), Shah Alam Tomb"
Lipetsk,52.6167,39.6,Russia,496403,30.66,38.78,20.74,1,"Baishiling (White Stone Ridge) Scenic Area, 登高岭, China (Hainan) Museum of The South China Sea"
Cheboksary,56.15,47.2333,Russia,496350,29.73,40.54,19.82,1.57,"Памятник фразе ""Где-где? В Караганде"", вечный огонь, Вечная слава монумент, Памятник Нуркену Абдирову, Памятник воинам-интернационалистам"
Staten Island,40.5834,-74.1496,United States,495747,29.72,40.52,19.81,1.5,"Action of August 1702, Capilla La Milagrosa, Parque Taikú, Virgen del Cundí, Cementerio San Miguel"
Likasi,-10.9833,26.7333,Congo (Kinshasa),495000,32.41,36.02,21.61,2.33,"Adinath Digambar Jain Temple, Iscon Temple, shiv mandir, Sai temple, Hanuman temple"
Xiangyang,34.2995,108.4905,China,494887,31.49,37.78,20.69,2.33,"Al Karnak, Sidi Abdalla, Jabal al-Ṭārif, Sidi Muhammad al Kilhi, Pyramid of Sinki"
Jiangshan,28.7361,118.625,China,494412,29.68,40.47,19.79,1.43,"Registan, Registan square, Осорхонаи ёдгории Садриддин Айнӣ, Khoja Muhammad Katanghu Grave, Grave of Hazrat Imam Muhammad bin Jafar"
Duyun,26.2594,107.5186,China,493574,32.35,35.94,21.56,5.37,"Liverpool Town Hall, K2 Telephone Call Box Outside Liverpool Town Hall, K6 Telephone Kiosk Adjacent To Liverpool Town Hall, Liverpool, London and Globe Building, Nelson Monument"
Pindi Bhattian,31.8958,73.2761,Pakistan,493222,29.59,40.36,19.73,1.93,"Casa do Artesão, Anfiteatro da Fortaleza, Revelin, Fortaleza de São José de Macapá, Baluarte Madre de Deus"
Nyala,12.05,24.8833,Sudan,492984,29.58,40.34,19.72,1.76,"Igreja da Nossa Srª da Graça, Igreja JOSAFAT, Igreja Nossa Senhora do Populo, Igreja Universal, Largo da Peça"
Ichikawa,35.7219,139.9311,Japan,492749,31.35,36.73,21.5,2,Roman Catholic Diocese of Kwito-Bié
Villa Nueva,14.5269,-90.5875,Guatemala,492480,31.35,36.73,21.5,1.08,"El Hiba, Sidi Umar, Mighaz al Azyar, عزبة مصطفى آغا, مصطفى آغا"
Kumul,42.8193,93.5151,China,492096,31.35,36.72,21.49,3.67,"Battle of Toulouse (439), Battle of Toulouse, Battle of Toulouse (458), Battle of Toulouse, Tolosa"
Toledo,41.6638,-83.5827,United States,492076,29.55,40.3,19.7,1.03,"Battle of Amarah, River sidewalk, عمارة الحاج ابو نور, عواشة, جسر الجمهورية"
Bissau,11.85,-15.5667,Guinea-Bissau,492004,31.31,37.58,20.58,1,"jwi la vi, Église du Perpétuel Secours, Eglise Lumiere, Eglise Baptiste de la Grace, kay yèyène"
Accra,5.5461,-0.2067,Ghana,491817,29.51,40.24,19.67,2.07,"2ª Igreja Batista, Coreto à Praça Barão do Rio Branco, Complexo ""Quadrilátero Histórico"", Coreto à Praça Barão do Rio Branco, Liceu de Humanidades de Campos"
Kota Bharu,6.12,102.23,Malaysia,491237,29.5,40.23,19.67,0,
Higashi-ōsaka,34.6794,135.6008,Japan,490819,29.49,40.21,19.66,0,
Larkana,27.5583,68.2111,Pakistan,490508,31.23,37.48,20.52,1.13,"Mosquée Lalla Khadija, Masjid, Masjid ZamZam, Masjid Al Chakirin, Mosqueé Saida Aicha"
Xingcheng,40.6167,120.7333,China,490300,29.44,40.14,19.62,1.43,"Newcastle Magistrates Court, Fort Amiel, Bergsig, Moeder Gemeente - Newcastle, Drakensberg Vallei"
‘Ajmān,25.4136,55.4456,United Arab Emirates,490035,29.41,40.11,19.61,1,"The Church of Jesus Christ of Latter-Day Saints, Community Church-New Thought, Venture Out, The Church of Jesus Christ of Latter-Day Saints, Velda Rose United Methodist Church"
Ciudad López Mateos,19.55,-99.2833,Mexico,489937,29.39,40.08,19.59,1.57,"31 AD, Elite, Nandini Cinema, Khilona Cineplex, Jeevan Shah cemetry"
Kaliningrad,54.7003,20.4531,Russia,489584,29.37,40.05,19.58,2.3,"薬師寺, 蓮福寺, Shikidō, 坊ちゃん列車ミュージアム, Ferris wheel"
Yueqing,28.12,120.96,China,488980,31.13,36.46,21.34,1.27,"Trimurti Math Mandir, shivala, Swan Sculpture, Chaliha sahib sindhi mandir, Birla Mandir"
Penza,53.2,45,Russia,488299,29.34,40.01,19.56,2.83,"St. Sebastian Cathedral, Ribeirão Preto, Igreja Metodista, Palácio Episcopal, Igreja Evangélica Congregacional, E.E. Doutor Guimarães Júnior"
Belgaum,15.85,74.5,India,488157,29.32,39.99,19.55,1.1,"Battle of P'ohang-dong, Mandeok Buddhism Exhibition Hall, 롯데시네마, Dongho Buddhism Exhibition Hall, Jungnimsa"
Edinburgh,55.95,-3.1833,United Kingdom,488050,29.29,39.95,19.53,2.2,"Sarah Seligmann, Simon Seligmann, Фонтан Меркатора (Дуйсбург), Mahnmal, Mercatorbrunnen"
Yucheng,36.934,116.638,China,488014,29.24,39.87,19.49,1.6,"Jamia Masjid Khatikaan Talab, Hari Theatre, St. Peter's Catholic Church, Raghunath Mandir, Ranbireshwar Temple"
Brookhaven,40.832,-72.9517,United States,487817,29.21,39.83,19.47,1.18,"Bronze Head from Ife, OLANREWAJU STREET MODAKEKE, OROLEYE JUNCTION MODAKEKE, OAUTHC Mosque, AFRIGIST (Ex. RECTAS)"
Worcester,42.2705,-71.8079,United States,487014,29.2,38.94,20.35,2.3,"Vietnam War Memorial, RiverWalk Church of Christ, Boeing Dome Theater, Exploration Place - Science and Discovery Center, Vietnamese American Community Memorial"
Nishinomiya-hama,34.7376,135.3416,Japan,487010,30.91,36.21,21.2,1.17,"Monumento a la Pulmonía, Teatro Antonio Haas, Parroquia San Carlos Borromeo, Monumento Al Pescador, Cristo Rey"
Karamay,45.5799,84.8892,China,487000,29.12,39.71,19.41,1.17,"Catedral Santa Terezinha, Museu de Minerais e Rochas, Museu de Biodiversidade do Cerrado, Sorveteria Bicota, Mercado Municipal de Uberlândia"
Kawachichō,34.6794,135.6008,Japan,486464,29.1,39.68,19.4,2.13,"Музей боевой и трудовой славы Гомсельмаша, Храм Дионисия Радонежского, Monument to workers of Gomselmash who died during the Great Patriotic War, Сова, Saint Nicholas monastery, Homieĺ"
Zhangshu,28.0546,115.5462,China,485649,29.1,39.68,19.4,2.14,"Sacred Hearts Cathedral, Roman Catholic Diocese of Tuticorin, St Charles Borromeo Church, Our Lady of Snows Shrine Bascilica, Holy Trinity Church, Thoothukudi"
Mingguang,32.7833,117.9667,China,485627,29.09,39.67,19.39,1.03,"Igreja-Futuras Instalações, Igreja Católica, Igreja Católica - Paróquia Santíssimo Redentor, Igreja Universal, Hospital da Fé"
Malatya,38.3486,38.3194,Turkey,485484,30.75,36.9,20.21,1,"Jehovah's Witnesses Association, Jesus Christo é o Senhor, Escritório da Supmil, CINEMAX, Igreja Messiánica Mundial de África (Sede Central)"
Garoowe,8.4,48.4833,Somalia,485000,28.98,39.52,19.32,1.12,"متحف علي دينار, Jebel Marfa´in, Jebel Qardud, Jebel Halluf, Jebel Nigia"
Vellore,12.9165,79.1325,India,484690,30.58,36.7,20.1,1.67,"4 way, Farah Bala Hisar, Kafar Qal`a"
Huanghua,38.372,117.33,China,484313,30.53,36.64,20.07,0,
Encheng,22.1833,112.3,China,483907,28.77,39.23,19.18,1.62,"Cathedral Basilica of the Most Holy Trinity, Roman Catholic Archdiocese of Onitsha, 63 BDE CENTRAL MOSQUE ASABA, GD POST NUMBER 2 GATE TANGO 4, Tower"
Lianran,24.919,102.478,China,483753,28.75,39.21,19.17,1,"Mustfai masjid Micro Tower sukkur, New Pind GraveYard, Public Mosque, Adam Shah Kalhoro, Masjid Bait ul Mukaram"
Kartal,40.8872,29.19,Turkey,483418,32.23,33.11,21.78,1,"WFP Kebredahar SO, Kebridahar Logs Hub"
Cuiabá,-15.5958,-56.0969,Brazil,483346,30.47,35.7,20.9,3.67,"National Theatre, Rialto Theater, Susquehanna Art Museum, Pennsylvania National Fire Museum, Broad Street Market"
Akhmīm,26.5667,31.75,Egypt,482666,28.72,39.16,19.14,1.22,"蚂蚁山, Taiji Cave, 笄山, 小鸡罩山, 凤凰山"
Az Zarqā’,32.0833,36.1,Jordan,481300,28.7,39.13,19.13,1,打锣山
Mālegaon,20.55,74.55,India,481228,29.52,37.33,19.97,1.07,"Birhen sa Regla Church, VDR Prayer Room & Convent, KymJah Rivera, General Milling Corp., PH0700265"
Feira de Santana,-12.2669,-38.9669,Brazil,480949,30.37,35.58,20.83,1.1,"池田弁財天, Shinmei Shrine, 不動明王像, Iwayama Inari Shrine, 富士獄浅間大神"
Hailun,47.4667,126.9667,China,480216,28.62,39.02,19.08,1.33,"Istana Bukit Serene, Royal Crown Arch, Sundial, Amphitheater, Pusat Kokurikulum Johor"
Valletta,35.8983,14.5125,Malta,480134,30.34,35.54,20.81,2,Roman Catholic Diocese of Purnea
Kolwezi,-10.7167,25.4667,Congo (Kinshasa),480000,28.59,38.98,19.06,1.53,"General Licerio Topacio y Cuenca historical marker, Diocese of Imus, Pilar Lodge No. 15, F&AM historical marker, Cathedral of Imus historical marker, Imus Cathedral"
Jāmnagar,22.47,70.07,India,479920,30.31,35.51,20.79,2.27,"Igreja Batista Nacional em Niterói, Morro da Boa Vista, Igreja São Lourenço dos Índios, Igreja de São Lourenço dos Índios, Morro do Abacate"
Sylhet,24.9,91.8667,Bangladesh,479837,32.03,32.9,21.64,2.83,"Мемориал липчанам - Героям Советского Союза, Вечный огонь, Saint Eudoxia of Moscow Church, 1 сентября, Евдокиевское кладбище"
Ananindeua,-1.3658,-48.3719,Brazil,478778,30.28,35.46,20.76,2,"Художественный салон, Cheboksary Alcohol Plant, П. Е. Егорову, Часовня Федоровской иконы Божией Матери, Mother Patroness Monument"
Berbera,10.4396,45.0143,Somalia,478000,28.52,38.89,19.01,3.7,"Heyerdahl Ruins, LaTourette House, Battle of Staten Island, Staten Island Range Lighthouse, The Crimson Beech"
Chiniot,31.7194,72.9842,Pakistan,477781,30.24,36.29,19.87,1,"Cimetière, Paroisse du Sacré-Coeur, Buluo"
Asunción,-25.2945,-57.6435,Paraguay,477346,28.51,38.88,19.01,3.25,"Qingfan Temple, Xingping Pagoda, Xingping Mosque, 汉武帝茂陵, Maoling Mausoleum"
Chengjiao,35.3984,114.0649,China,476867,30.23,35.42,20.73,1.53,"基督教江山堂, 西山殿, 西山, 老虎山, Jiangshan Museum"
Bārdoli,21.12,73.12,India,475963,28.47,38.82,18.98,0,
Bratislava,48.1447,17.1128,Slovakia,475503,30.19,36.22,19.84,1,Pindi Bhattian
Kurashiki,34.585,133.7722,Japan,474862,30.18,35.35,20.7,1,"Nyala cinema, Nyala Grand Mosque, Jebel Nyala, Jebel Momu, Jebel Sigara"
Ōita,33.2333,131.6067,Japan,474804,28.44,38.78,18.96,1.53,"不知森神社, Yawata no Yabushirazu, 改耕碑, Zennikkei Hall, 浅間山東昌寺"
Al Jubayl,27.0046,49.646,Saudi Arabia,474679,30.14,35.31,20.67,1,"Iglesia de Cristo Ministerios Llamada Final, Iglesia Pentecostés Cordero de Dios, Mara Atha Asambleas de Dios, Iglesia Hermandad Bíblica, Asamblea de Dios Filadelfia"
Worthing,50.8147,-0.3714,United Kingdom,474485,30.14,36.17,19.81,1.3,"Mosque, Komul Museum, Hāmì Kings Mausoleum, Hāmì Kings Mausoleum, Mosque"
Gaya,24.75,85.01,India,474093,28.41,38.74,18.94,1.23,"Bethel Apostolic Temple, Bethlehem Baptist Church, New Covenant Church of the Living God, Greater New Light Baptist Church, Church of the Living God"
Port St. Lucie,27.2796,-80.3884,United States,473733,32.68,31.82,21.5,2.27,"Ponte-cais de Bissau, Antiga ponte-cais de Bissau (1910s), Antiga Alfândega, Restaurante Pelicano, Pelicano"
Xiulin,29.7209,112.4254,China,473707,30,35.15,20.57,2.03,"Presbytarian Church Resurection, Kwame Nkrumah Memorial Park, Kwame Nkrumah Mausoleum, Kwame Nkrumah Mausoleum, Anglican Diocese Of Accra"
Shekhupura,31.7111,73.9878,Pakistan,473129,28.26,38.54,18.84,1.27,"Sultan Yahya Petra Bridge, Masjid Pasir Pekan, 吉兰丹佛教会, Surau Al-Musafir, Kota Bharu Bandar Raya Islam"
Piura,-5.2,-80.6333,Peru,473025,29.97,35.11,20.55,1,"平和の女神像, ライティホール, 春日神社, 春日若宮神社, 東大阪市立荒本人権文化センター"
Vila Velha,-20.3364,-40.2936,Brazil,472762,28.25,38.52,18.83,1,"Sucarno Tower PPP Tower, Qamiya Jamia Mosque, LARKANA (لاٹکانہ), Mujahid Masjid, Masjid"
Ar Ruşayfah,32.0178,36.0464,Jordan,472604,29.96,35.95,19.69,1.43,"city wall of old town of Xingcheng, city wall of old town of Xingcheng, Xingcheng Old Town, city wall of old town of Xingcheng, 般若讲寺"
Kirov,58.6,49.6833,Russia,471754,29.96,35.95,19.69,1.07,"Ajman Museum, Masjid Abdullah Omran Street, ajman beverage, مسجد عثمان ابن عفان, junk Removal service dubai"
Morogoro,-6.8242,37.6633,Tanzania,471409,28.22,38.48,18.81,1,"Cinepolis, Cinepolis, Acceso Chiluca Escultura, Espiritu Santo, Espiritu Santo"
San Juan,-31.5342,-68.5261,Argentina,471389,29.92,35.05,20.52,1.59,"Рыбак, Корабль, Смотровая площадка на барк Крузенштерн, Ratshof Church, Николая Чудотворца"
Mykolaiv,46.975,31.995,Ukraine,470011,29.9,35.88,19.65,1,"中雁荡山杨八洞景区, Yuzeng Peak, Yandangshan scenic area, Jade Steamer Peak Scenic Area, Middle Yandang Mountain, West Waterfalls Scenci Area, Middle Yandang Mountain"
Yicheng,31.721,112.257,China,469417,29.88,35,20.49,1.73,"45 меридиан, Роликс, Пенза, Мемориал погибшим в ВОВ, Памятник погибшим в годы ВОВ"
Fengcheng,40.45,124.0667,China,469376,29.02,36.7,19.63,1.07,"Fatima Cathedral, Roman Catholic Diocese of Belgaum, Lakshmi Mandir MLIRC, Camp Church, Military Mahadev Zoo"
Mazār-e Sharīf,36.7,67.1167,Afghanistan,469247,29.87,35.85,19.63,5.13,"Edinburgh, 30-34 St Mary's Street, Edinburgh, 16-28 St Mary's Street, St Mary's Hall, Edinburgh, 36-42 St Mary's Street, Edinburgh, 44-50 St Mary's Street, Edinburgh, 240 Canongate, 2 Chessel's Court"
Xiaoyi,36.0833,111.5167,China,468770,28.17,38.41,18.78,2.14,"老汽车站所在地, Yuwang Pavilion, 禹王亭博物馆, Shiji Passenger Line, Shiji Passenger Line"
Ba‘qūbah,33.7447,44.6436,Iraq,467900,28.15,38.39,18.77,1.8,"Carmans River Pine Barrens State Forest, Presbyterian Cemetery, Community Church, Community Baptist Church Of Gorden Heights, Community Baptist Church Of Gorden Heights"
Katlehong,-26.3333,28.15,South Africa,467890,28.1,38.32,18.74,6.07,"Thomas F. Doran Three-Decker, Elm Park, William Trowbridge Forbes House, Lincoln Estate-Elm Park Historic District, John Riordan Three-Decker"
Tel Aviv-Yafo,32.08,34.78,Israel,467875,29.79,34.9,20.43,1.23,"茂松禅寺, アミティホール, Main Hall, エホバの証人の王国会館, Main Hall"
Jiangshandicun,28.7412,118.6225,China,467862,29.78,35.74,19.57,2,"克拉玛依博物馆, Kuytun–Beitun Railway, Kuytun–Beitun Railway, Kuytun–Beitun Railway, Kuytun–Beitun Railway"
Little Rock,34.7256,-92.3577,United States,467846,29.77,34.88,20.42,1,"平和の女神像, ライティホール, 春日神社, 春日若宮神社, 東大阪市立荒本人権文化センター"
Qingzhen,26.5704,106.4687,China,467438,29.77,34.88,20.42,6,Zhuweicheng Site
Buraydah,26.3664,43.9628,Saudi Arabia,467410,30.62,34.02,20.41,0,
Kupang,-10.1702,123.6077,Indonesia,466632,28.07,38.27,18.71,1.07,"İsmet İnönü Heykeli, Söğütlü Camii, Yeni Cami, Yeşil Sinema, Kiğılı Camii"
Tula,54.2,37.6167,Russia,466609,28.02,38.21,18.68,1,"Masjodka Xaaji Cali, Sahaba Mosque, Barxada, Masaajidka"
Ambattūr,13.1143,80.1548,India,466205,29.68,34.77,20.35,1.5,"Malathi Movie, Thirupathi Devathanam, Alankar, St. John's Church, Vellore, Apsara"
Nakhon Ratchasima,14.9806,102.1,Thailand,466098,30.51,33.9,20.34,1,Guodi City
Tân Uyên,11.0508,106.7636,Vietnam,466053,28.82,36.44,19.49,1,"恩平市博物馆, 鳌峰山公园大门, 鳌峰山, 香家堡梦幻花世界, 石眼村"
Astrakhan,46.35,48.035,Russia,465524,30.5,33.89,20.34,2.27,"安宁市博物馆, Anning Wenmiao, 九池连环, Kunyang Railway, Kunyang Railway"
Longjiang,27.5819,120.5489,China,464695,29.65,34.74,20.33,1.17,"Maarifi Sultan Camii, Kartal Belediyesi Hasan Âli Yücel Kültür Merkezi, Kartal Surp Nişan Armenian Orthodox Church, Kartal Merkez Cami, Akşemsettin Camii"
Leicester,52.6361,-1.1331,United Kingdom,464395,29.63,35.56,19.47,1.57,"Museu de Arte de Mato Grosso, Arquivo Público de Mato Grosso, Cine-Teatro de Cuiabá, Fonte Maria Inês França Auad, Casa Barão de Melgaço"
Rushan,36.87,121.505,China,464078,29.58,35.49,19.44,1.8,"Panopolis, Merritt Temple of Amun, Merritt Temple of Amun, Akhmim, Sidi Imran"
Shangzhi,45.207,127.965,China,463358,29.51,34.57,20.24,1.1,"Al Maktoum, Al Maktoum, Qasr Shabib, جامع الشيشان ( مسجد أبو بكر الصديق ), Qasr Shabeeb"
Angeles City,15.1472,120.5847,Philippines,462928,27.82,37.93,18.54,7,Malegaon fort
Kuqa,41.7156,82.9322,China,462588,26.93,38.71,18.52,3.6,"Teatro Maestro Miro, Cemitério da Piedade, Catedral Metropolitana de Sant'Ana, Monumento ao Caminhoneiro, Coreto da Praça da Matriz"
Kanazawa,36.5611,136.6564,Japan,462479,27.76,37.85,18.51,0,
Manado Light,1.4858,124.8347,Indonesia,461636,31.96,31.12,21.02,3.79,"Guido de Marco, Embassy, Pope Pius V, Great Siege Monument, Malta Law Courts"
Manado,1.4931,124.8413,Indonesia,461636,27.7,37.78,18.47,1,"Pont du Savoir, Chapelle Sainte Agnes, Cimetière des Sapins, Cathédrale Saints Barbe et Eloi, Eglise catholique Saint Antoine de Padoue"
Kaiyuan,42.546,124.038,China,460927,27.67,37.73,18.44,1.47,"Shiv Temple, Nilkanth Mahadev, Church, lights at lakhota lake view points, Pancheshwar tower"
Cranbourne,-38.0996,145.2834,Australia,460491,29.34,35.21,19.28,1.23,"Sylhet Central shahid Minar, Shah Gowhor Jame Mosque, Hazrat Shahjalal (R:) Jame Masjid, Mazar of Hazrat Shahjalal, Hazrat Shahjalal (R:) Mazar"
Jalgaon,21.004,75.568,India,460468,29.33,34.36,20.11,1.03,"Auditório do Centro Nacional de Primatas, Recintos de exposição do Centro Nacional de Primatas, Casa do Felipe, Geomargran, Igreja IEQ"
Madison,43.0822,-89.393,United States,460255,29.31,34.34,20.1,1.03,"Moslem cemetary, Muslim cemetary, Dhegcarmo hotel, Dahabshil money transfer, Sta"
Chhatarpur,24.55,79.3527,India,459943,27.62,37.67,18.42,1.1,"Noor (Taghlighi), Omar Hayat Mahal, Khadeja Tulkubra, Al Rubat Al Noor, Abandoned Bara Temple"
Fukuyama,34.4858,133.3622,Japan,459576,27.62,37.67,18.42,1.23,"Cristo Luz, Iglesia de Dios Jesucristo Rey de Reyes, Inmaculada Concepción, Parroquia Inmaculada Concepción, Museo del Cabildo"
Juba,4.83,31.58,South Sudan,459342,29.29,34.31,20.09,4,"Bigan Temple, Tagang Railway Station"
Lanús,-34.7,-58.4,Argentina,459263,27.61,37.65,18.41,0,
Spokane,47.6671,-117.433,United States,458988,29.27,34.29,20.07,2.33,"Dni Kyjeva, kaplnka zaniknutá, St. James' Chapel, Tripland, Slovenská sporiteľňa"
Ta‘izz,13.5789,44.0219,Yemen,458789,27.6,37.63,18.4,1.93,"倉敷市歴史民俗資料館, 倉敷ホーリネスチャーチ, Battle of Mizushima, 岡山ハナ教会, 大山名人記念館"
Long Beach,33.7977,-118.167,United States,458491,28.41,35.94,19.22,1.77,"大友宗麟候, 聖フランシスコ・ザビエル, 寂静寺, 100年の樹, 光西寺"
Kikwit,-5.0386,18.8181,Congo (Kinshasa),458000,27.52,37.52,18.34,1.22,"Masjid Ammar, Royal Commission, Omar Bin Abdulaziz Mosque, Historical Mounament, Mosque"
Pyeongtaek,36.9922,127.1128,"Korea, South",457873,30.84,31.68,20.84,4.53,"Worthing (Samian Ware Discovery Site), Worthing Tabernacle, Worthing War Memorial, Worthing Museum and Art Gallery, Former Worthing Library, Museum And Art Gallery"
Kurnool,15.83,78.05,India,457633,27.49,37.48,18.32,1.27,"Rishu Home, Brahmajuni Hill (Buddha 3rd Sermon - Fire sermon), Buddha´s first speech, Maa Mangla Gauri Temple, Vishnupad Temple"
Marikina City,14.65,121.1,Philippines,456059,29.98,33.31,19.99,1,"Faith Congregational Church, Del Rio Fellowship Church, Episcopal Church of the Nativity, Treasure Coast Baptist Church, All Villages Presbyterian Church"
Kâğıthane,41.0719,28.9664,Turkey,455943,29.11,34.94,19.13,0,
Amagasaki,34.7333,135.4,Japan,455555,29.08,34.07,19.94,1.35,"Regal Cinema, Gala Mandi Masjid, Sheikhupura Fort, Ahlahadess Masjid and madrassa, Saddar Chowk"
Melaka,2.2064,102.2465,Malaysia,455300,29.06,34.04,19.93,1.47,"Teatro Manuel Vegas Castillo, Bologneci, Iglesia de Jesucristo de los Santos de los Últimos Días, Capilla Inmaculada Concepción, Monumento Al Heroe Miguel Grau"
Denton,33.2175,-97.1418,United States,455152,29.04,34.01,19.91,1.43,"Galeria Eugênio Pacheco de Queiroz, Teatro Municipal Elio de Almeida Vianna, Busto de Américo Bernardes, Busto de Duque de Caxias, Igreja Prebisteriana"
Ciudad General Escobedo,25.7933,-100.1583,Mexico,454967,27.36,37.31,18.24,1.07,"مسجد امنة بنت وهب, Al Zumlatayn, Tall al Mashtalah, أبو صياح, Rujm Durayk"
Reno,39.5497,-119.8483,United States,454814,29.02,33.99,19.9,2.37,"Воскресенский собор, Дом М.Т. Окулова, Kirov Local History Museum, Museum of local lore, Приказная изба"
Manizales,5.0675,-75.51,Colombia,454494,27.35,37.3,18.23,1,"Ahmadiya Mosque, Morogoro Mosque, KKKT Dayosisi ya Morogoro, Usharika wa Mji Mpya, Kanisa Anglikana, Kanisa Kuu la Utatu Mtakatifu, Khoja Shia Ithna-Asheri"
Bornova,38.4697,27.2211,Turkey,454470,29.81,33.12,19.87,3.27,"Cruce de los Andes, Museo Celda Histórica de San Martín, Santo Domingo, Convento de Religiosos de San Juan de la Frontera, Casa Natal de Francisco Narciso de Laprida"
Puerto La Cruz,10.2,-64.6333,Venezuela,454312,28.97,33.93,19.86,2.93,"На згадку про учасників Миколаївського Євромайдану, Героям-десантникам, М. М. Аркасу, Собор святого Григорія Великої Вірменії, Героям-Ольшанцям"
Kahama,-3.8375,32.6,Tanzania,453654,28.93,33.89,19.84,0,
Hsinchu,24.8167,120.9833,Taiwan,453536,31.38,30.55,20.64,1.64,"Fenghuang Mountain, Fenghuang Mountain, 凤凰山, Ertaizi Station, 攒云峰"
Gaoping,35.798,112.924,China,453054,27.23,37.13,18.15,1.45,"Fall of Mazari Sharif, زیارت اخرین امیر بلخ, خانه ینگه, مسجد ریس باشی, کباب"
Batman,37.887,41.132,Turkey,452157,29.64,32.93,19.76,3.43,"Battle of Huoyi, 时代华纳国际影城, 鼓楼, Tiefo Temple in Linfen, Yaomiao"
Demiryol,37.887,41.132,Turkey,452157,28.78,33.72,19.74,1,"تقاطع البلدة, مكتب بعقوبة, المحافظه, فلكة العنافصة, فلكة نصب الفلاحة"
Erköklü,37.887,41.132,Turkey,452157,28.78,33.71,19.73,1.2,"Blessings In Faith Apostolic Church, St Manche Masemola Anglican Church, Vosloorus Cemetary, Lds Church, Alberton Methodist Church"
Avcılar,40.9792,28.7214,Turkey,452132,27.1,36.96,18.07,2.8,"Holocaust Memorial, Tel Aviv Bauhaus Heritage: Architect Sam Barkai, Heichal Me'ir Central Synagogue, Masaryk square, Yitzhak Rabin Memorial"
Kota Kinabalu,5.98,116.11,Malaysia,452058,30.38,31.21,20.53,1.5,"基督教江山堂, 西山殿, 西山, Shanghai–Kunming high-speed railway, Shanghai–Kunming high-speed railway"
Katsushika-ku,35.7333,139.85,Japan,451772,28.73,34.47,18.88,1.2,"Boyle Park, Saint Theresa of Jesus Monastery, Saint Theresa of Jesus Monastery, Capitol City Freewill Baptist Church, New Life Christian Covenant"
Udaipur,24.58,73.68,India,451100,27.08,36.93,18.06,1.97,"Chaofeng Temple, Shanghai–Kunming high-speed railway, Shanghai–Kunming high-speed railway, Shanghai–Kunming high-speed railway, Shanghai–Kunming high-speed railway"
Mogi das Cruzes,-23.5228,-46.1931,Brazil,450785,28.7,34.44,18.86,1.2,"مسجد الشبعان, مسجد الجربوع, جامع الراجحي, قصر التوحيد, مسجد الأمير عبد الإله بن عبد العزيز"
Stavropol,45.05,41.9833,Russia,450680,28.69,34.43,18.85,1,"Bundaran Eltari, Patung El Tari, Tanah Milik Bank BI, Gereja Kristen Perjanjian Baru (GKPB) Graha MDC, Patung Komodo"
General Trias,14.38,120.88,Philippines,450583,29.46,32.73,19.64,3.3,"Мосин, Church of Presentation, Kuchin House, Культурно-выставочный комплекс «Л. Н. Т. », Metallistov Street, 18"
Warder,6.9667,45.35,Ethiopia,450400,26.98,36.8,17.99,1.17,"Divine Mercy Church, CSI Christ Church, CSI Church Ambattur, Dr. BR Ambedkar Statue, St. Josephs Church"
Sirājganj,24.45,89.7167,Bangladesh,450000,26.98,36.79,17.98,1.37,"Wat Payap, ศาลเจ้าพ่อเจ้าแม่หลักช้างเผือก, อนุสรณ์วีรชน, Tempel, Chinese temple"
Wāpi,20.372,72.917,India,450000,28.61,33.51,19.62,1.13,"An Tam Factory, Chợ quang vinh 1, Nơi đáng để đi, Đan viện Cát Minh Phú Cường, Nhà thờ Giáo xứ Bến Sắn"
Bắc Giang,21.2667,106.2,Vietnam,450000,28.6,33.5,19.61,2.1,"Вечный огонь, Неизвестному солдату, Пречистенские Ворота, Пречистенская надвратная колокольня, Kinoteatr Kosmos"
Boise,43.6005,-116.2308,United States,449428,28.51,33.4,19.55,0,
Zürich,47.3744,8.5411,Switzerland,448664,26.88,36.65,17.92,4.27,"Clock Tower, The Thomas Cook Building, Sporting Success, Former Eastgates Coffee House, Blackman's"
Constantine,36.35,6.6,Algeria,448374,28.47,34.16,18.71,1,乳山市万安公墓
Nam Định,20.42,106.1683,Vietnam,448225,29.26,32.52,19.51,0,
Eslāmshahr,35.5386,51.2228,Iran,448129,28.44,34.13,18.69,1.23,"Iglesia ni Cristo - Lokal ng Santa Teresita, Iglesia ni Cristo - Lokal ni F. Manalo, St Isidore Chapel, Iglesia Ni Cristo - Locale of Hensonville, Apung Mamacalulu Chapel"
Rājshāhi,24.3667,88.6,Bangladesh,448087,29.24,32.49,19.5,1.94,"Reste Mosque, 克黑墩烽火台, Kuche Grand Mosque, Kuqa King Palace, Qiuci palace museum"
Piraeus,37.943,23.6469,Greece,448051,28.43,33.3,19.5,2.07,"Kanazawa Catholic Church, まる, 日本基督教団金沢教会, Kanazawa Noh Art Museum, 21st Century Museum of Contemporary Art, Kanazawa"
Matadi,-5.8167,13.4833,Congo (Kinshasa),448000,28.4,33.27,19.47,1.07,"Monumen Dotu Lolong Lasut, Tugu Peringatan Worang, Gereja Sentrum, Zero Point, Monumen Lilin"
Zebediela,-24.31,29.27,South Africa,448000,28.32,33.18,19.42,1,"GPdI Pusat, GMIM Paulus Titiwungen, GMIM Kristus, Borgo Cemetery, Zero Point"
Shah Latif Town,24.8806,67.1625,Pakistan,447993,28.32,33.17,19.42,1,辽宁农民手工造空客A320
Tanbei,35.088,112.951,China,447487,28.31,33.16,19.41,1.43,"Avenue of Honour, Avenue of Honour, Cranbourne Cemetery, Blue Hills Chapel, Hilltop Nature Reserve"
Londrina,-23.31,-51.1628,Brazil,447065,28.3,33.97,18.6,1.12,"Hanumaan Mandir, Ichadevi Mandir, Omkareshwar Temple, Gandhi Teerth, fountain"
Ado-Ekiti,7.6211,5.2214,Nigeria,446749,28.3,33.16,19.41,4.24,"Old Executive Mansion, Mansion Hill, Langdon Street Historic District, Quisling Towers Apartments, Verex Syzygy"
Bonita Springs,26.3558,-81.7859,United States,445500,26.68,36.39,17.79,0,
Esenler,41.0339,28.8903,Turkey,445421,28.29,33.14,19.4,2.4,"Ines Fukuyama, 国際聚蔵館（歌舞藍）, いまこそ未来, 史跡 福山城跡, 福山城"
Sochi,43.5853,39.7203,Russia,444989,26.57,36.23,17.71,1.03,"Point of interes, Full Gospel Church Worlwide, Jacuzzi, Nyakuron Exhibition Center, Jehova's Witness Compound"
Santiago de Cuba,20.0217,-75.8294,Cuba,444851,26.54,36.18,17.69,1,"Iglesia Cristiana Evangélica, Iglesia Nueva Apostolica, Iglesia Nuevo, Iglesia Evangelica Bautista, Iglesia del Puente"
Rodriguez,14.72,121.12,Philippines,443954,26.53,36.17,17.68,1.77,"Grace Baptist Church, Salem Lutheran Church, Christ the Redeemer Church, In Memory of All Law Enforcement Officers, West Central Abbey"
Chauddagram,23.2244,91.3731,Bangladesh,443648,28.12,32.94,19.28,1.17,"جامع الروضة, جولة حوض الأشراف, جولة الأخوة, National Museum Taiz, جامع الخير"
San Nicolás de los Garza,25.75,-100.2833,Mexico,443273,26.48,36.11,17.66,1.23,"Signal Hill Park, Calvary Light Assembly of God Church, Signal Hill, Chittick Field, Oil Well"
Taoyuan District,24.9913,121.3143,Taiwan,443273,26.48,36.11,17.65,1.05,"Monastère Notre Dame de l’Emmanuel, Cathedrale, Saint François Xavier, Pungu (ECC 35e CUEBC), La bonne semence, Eglise Kimbangu"
Kissimmee,28.3041,-81.4169,United States,442790,26.46,36.09,17.64,1.63,"평택시청분수광장, 비전동성체성혈성당, 소사벌교회, Primus Cinema, Dongsan Church"
Baisha,29.4896,119.337,China,442709,26.46,36.08,17.64,1.37,"Coles Centennial Telugu Baptist Church, Konda Reddy Fort, Abdul Wahab Gumbaj, Syed Shah Kareemullah Shah Qadri Dargah, K. Vijaya Bhaskar Reddy Statue"
Ndjili,-4.4089,15.3775,Congo (Kinshasa),442138,28,32.8,19.2,1,"Aglipayan Cemetery, Marikina Public Cemetery, Seventh Day Adventist Church, Our Lady of Guadalupe Church, Immaculate Conception Parish"
Mathura,27.4925,77.6736,India,441894,27.94,32.73,19.16,1.23,"Cami, Sadabat Cami, KAĞITHANE HACI BEKTAŞ VELİ EĞİTİM VE KÜLTÜR DERNEĞİ KAĞITHANE CEMEVİ, Cami, Flower"
Meicheng,30.631,116.581,China,441224,27.94,32.73,19.16,1.1,"松原神社, 興禅寺, 火の見櫓, 七松八幡神社, space marumaru"
Lembok,-8.565,116.351,Indonesia,441147,27.93,32.72,19.15,1.53,"Melaka Monorail, ST. THERESA'S CHURCH, MELAKA, Kampung Morten, Trees and varang seeing, Malacca Seventh-Day Adventist Church"
Korhogo,9.4578,-5.6294,Côte d’Ivoire,440926,27.93,32.72,19.15,1.7,"Mounts-Wright House, Mounts House, Lipscomb-Doggett House, Scripture-Deavenport House, The Village Church Denton"
Pasay City,14.5439,120.995,Philippines,440656,27.12,34.3,18.34,1,"VFJ Fountain, Jardines de Juan Pablo, Parroquia de San Francisco de Asís, Parroquia San José Esposo de la Virgen María, Iglesia San José"
Beipiao,41.801,120.771,China,439998,26.28,35.84,17.52,1.7,"Rancho San Rafael, The N, Keystone Canyon Non-Motorized Recreation Area, The Basque Sheepherder Monument, Wilbur D. May Museum"
Jiannan,31.3333,104.2,China,439958,27.85,32.63,19.1,1.47,"Parque Fundadores, Juan XXIII, Monumento a los Fundadores, TEATRO FUNDADORES, Centro Cultural y de Convenciones Teatro los Fundadores"
Halifax,44.6475,-63.5906,Canada,439819,27.81,32.57,19.07,1.37,"Atatürk Büstü, Şehitler Camii, Laletepe Camii, Bornova merkez, Atatürk anıtı"
Fujisawa,35.35,139.4667,Japan,439728,27.78,32.55,19.05,1.07,"Puerto Teatro, Galería Municipal Arte Moderno, Cerro Magüey, Cerro Monte Cristo, Anfiteatro"
Augusta,33.3645,-82.0708,United States,439361,27.78,32.54,19.05,1.08,"Kahama anglican church, Kahama anglican church, Kahama Anglican Church, Kahama lutheran church, Kahama Lutheran Church"
Ulan-Ude,51.8333,107.6,Russia,439128,27.75,32.51,19.03,1.47,"福德宮, 耶穌基督後期聖徒教會, 土地公廟, 真福地, 普宏精舍"
Springfield,42.1155,-72.5395,United States,438889,26.15,35.66,17.43,3.19,"Battle of Changping, 高平市博物馆, 千佛造像碑, Jinfeng Temple, 高平市露德圣母堂"
Laval,45.5833,-73.75,Canada,438366,26.13,35.64,17.42,1.07,"Aydınlar Camii, Bahçelievler Camii, Tillo Mescidi, Yıldız Camii, Muhammed Veysel Camii"
Oakland,37.7904,-122.2166,United States,438072,27.71,32.46,19,1.07,"Aydınlar Camii, Bahçelievler Camii, Tillo Mescidi, Yıldız Camii, Muhammed Veysel Camii"
Jinchang,38.5214,102.188,China,438026,27.68,32.43,18.98,1.07,"Aydınlar Camii, Bahçelievler Camii, Tillo Mescidi, Yıldız Camii, Muhammed Veysel Camii"
Sunch’ŏn,39.4167,125.9333,"Korea, North",437000,27.67,32.41,18.97,1.13,"Yıldız Fıskiye, Avcılar Merkez Ulu Camii Külliyesi, حاتم للعقارات, H. Ahmet Tükenmez Cami, Mezarlık"
Nehe,48.4833,124.8833,China,436906,26.07,35.55,17.38,1.2,"Kota Kinabalu Seventh-Day Adventist Church, St. Simon Catholic, Old Chinese Cemetery, Chapel, Surau"
Kursk,51.7167,36.1833,Russia,436678,27.62,32.35,18.94,1.43,"正覺寺, 川端稲荷神社, 川端諏訪神社, 原稲荷神社, 眞禅寺"
Sāngli,16.853,74.583,India,436639,26.03,35.5,17.35,1.6,"Hanuman Ghat Temple, Gangaur Ghat, Daiji Bridge Pol, Bagore-ki-Haveli, Ambrai Ghat"
Lobito,-12.35,13.5464,Angola,436467,27.61,32.34,18.93,1.73,"E.E. Coronel Almeida, Paróquia Sant'Ana, Igreja Internacional da Graça de Deus, Centro de Cultura e Memória Expedicionários Mogianos, Museu Histórico e Pedagógico Visconde de Mauá"
Jeju,33.513,126.523,"Korea, South",435413,28.35,31.5,18.9,1.8,"Stavropol Local Museum, Theater of the Mesnyankin Brothers, Ставропольская краевая филармония, Памятник Купцу, Краевая филармония, Театр"
Zhuangyuan,37.3056,120.829,China,435405,29.88,29.1,19.66,1.4,"Plaza Arnaldo, General Trias Unida Church, The Church of Jesus Christ of Latter-day Saints, ADD Locale Gen Trias, Diego Mojica historical marker"
Davangere,14.4666,75.9242,India,435125,27.51,32.22,18.86,1,"Mosque, Talaalaha, Qudhacle "
Jian’ou,27.0333,118.3167,China,434451,27.49,32.21,18.85,1.09,"Den Pagoda, ATK, Ngo Gia Tu Park (Cong Vien Ngo Gia Tu), Xuong Giang Temple, Truc Lam Phuong Hoang Zen Monastery"
Machida,35.5542,139.4431,Japan,434414,27.49,32.2,18.85,2.38,"The Chapel of Our Lady of Rosario, Bom Jesus Church, The Church of Our Lady of Remedios, Fort, Jampore Beach"
Winston-Salem,36.1029,-80.261,United States,434231,27.39,32.08,18.78,1,"Malsapara graveyard, Sirajganj Central Jame Mosque, Kodom Fountain, মুক্তির সোপান, Central Bus Stand Mosque"
Sanghar,26.0442,68.9536,Pakistan,434087,27.38,32.08,18.78,2.33,"Sacred Heart Catholic Church, Congregation Ahavath Beth Israel Synagogue, Morris Hill Cemetery Mausoleum, Morris Hill Cemetery, Bowden Park"
Chang’an,29.4768,113.4504,China,433200,28.16,31.28,18.77,2.82,"Kloster Oetenbach, Stadtmodell Zürich Heute, WOW Museum, Rudolf-Brun-Brücke (Uraniabrücke), Felix-und-Regula-Brunnen"
Al Marāghah,26.6998,31.6046,Egypt,432678,27.31,31.99,18.72,1.43,"Emir Abdelkader Mosque, مسجد حداد, مسجد السيدة زينب, Ibn Badis Cemetery, Mosquée des Martyrs"
Bandung,-6.912,107.6097,Indonesia,432557,27.29,31.97,18.71,1.15,"Bảo tàng dệt may Việt Nam, Chùa Vọng Cung, Bảo tàng tỉnh Nam Đinh, Nhà thờ lớn, Lotte Cinema"
Shahe,36.8549,114.5033,China,431746,26.48,33.48,17.91,1.48,"مسجد امام جعفر صادق, مسجد امام حسین(ع), مسجد حسین ابن علی, حسینیه حضرت رقیه, حسینیه حسین بن علی"
Calicut,11.2588,75.7804,India,431560,27.25,31.93,18.69,1.33,"Zero Point, Shaheb Bazar Boro Masjid, Sonadighi Mosjid, Rajshahi College, Oddvar Munksgaard Park"
Windhoek,-22.57,17.0836,Namibia,431000,27.23,31.9,18.67,2.03,"Remains of building and courtyard for Dionysus' worshipers, Traces of Hippodamian development, Municipal Theater of Piraeus, Bust, Ελευθέριος Βενιζέλος"
Joinvile,-26.3039,-48.8458,Brazil,429604,25.67,35,17.11,1.25,"ENA RDC OUEST COMMUNAUTÉ Belvédère, Complexe missionnaire, Église catholique, Monument for the bearers, Eglise neo-apostilique"
Ismailia,30.5833,32.2667,Egypt,429465,27.22,31.89,18.66,1,Matome
Cusco,-13.525,-71.9722,Peru,428450,27.2,31.86,18.65,1,"Masjid o Imam Bargha Hurr, Jamia Masjid Sohrawaedia, Jamia Masjid Al-Umar, Jamia Masjid Aqsa, Makka Masjid"
Veracruz,19.1903,-96.1533,Mexico,428323,26.42,33.42,17.87,7,"天宁寺三圣塔, Beida Mosque"
Sokoto,13.0833,5.25,Nigeria,427760,27.2,32.63,17.87,1.6,"Universal do Reino de Deus, Palacete da Família Garcia, Museu de Arte Moderna de Londrina, Museu Histórico de Londrina Padre Carlos Weiss, Igreja Presbiteriana"
Kashiwa,35.8676,139.9758,Japan,427603,28.75,29.52,19.42,1.11,"Roman Catholic Diocese of Ekiti, Ansarudeen Mosque, St Patrick Catholic Church Cathedral, catholic, Palace of Paise Youth Province 9 Headquarters"
Al Bājūr,30.4305,31.0368,Egypt,427017,25.62,34.94,17.08,1.47,"Hope Lutheran Church, Bonita Springs Seventh Day Adventist Church, Everglades Wonder Gardens, Harvest Church, Seventh Day Adventist Church of Bonita Springs"
Yan’an Beilu,44.0144,87.2674,China,426253,27.93,31.03,18.62,1.13,"Çukur Çeşme, Güngören Yeşil Camii, Altıntepsi Su Terazisi, Davutpaşa Yıldız Camii, Üsküp Camii"
Mothīhāri,26.65,84.9167,India,426158,27.13,32.55,17.83,1.45,"Стелла ""Сочи - город-орденоносец"", Олененок, Singing fountains, Olympic Rings, Olympic Mascots"
Aomori,40.8228,140.7469,Japan,425962,25.56,34.85,17.04,1.27,"Museo Municipal Emilio Bacardi Moreau, Monumento a Carlos Manuel de Céspedes, Museo de Ambiente Histórico Cubano, Tienda Veneración. ARTEX, Grand Hotel roof terrace"
Tepic,21.5083,-104.8931,Mexico,425942,27.1,31.75,18.59,1.23,"Holy Family Sub-Parish, Iglesia Ni Cristo @ Empire Extension QC, Iglesia ni Cristo - Lupang Pangako Extension, Ina ng Lupang Pangako Church, urban wet market"
Akola,20.7,77,India,425817,25.54,34.83,17.03,1,"West Alaka Jame Mosque, Trishna WLS, Jame Masjid Chondipur জমে মসজিদ চন্ডিপুর, Chauddagram Masjid, Chauddagram Central Jame Masjid চৌদ্দগ্রাম কেন্দ্রীয় জামে মসজিদ"
Mandaluyong City,14.58,121.03,Philippines,425758,27.07,31.71,18.56,1.13,"東昇福德祠, 統領in89, Taoyuan Railway Pavilion, 厚德福德宮, 六藝展覽坊"
Aves,41.3703,-8.4101,Portugal,425411,25.44,34.69,16.96,1,"Dulce Nombre de Maria, San Nicolas Tolentino, Puerta Abierta, Iglesia San Jorge, Teatro de La Ciudad"
Sihŭng,37.3799,126.8029,"Korea, South",425184,26.98,31.6,18.5,1.6,"Church of Christ of Kissimmee, Saint Johns Episcopal Church, The Church of Jesus Christ of Latter-day Saints, First Baptist Church of Kissimmee, Saint James African Methodist Episcopal Zion Church"
Burco,9.5221,45.5336,Somalia,425000,26.97,31.6,18.5,1,"白栗尖, 太白山, 洋溪尖, 灵山, 紫培山"
Tver,56.8625,35.9242,Russia,424969,24.66,35.45,16.95,1,"EMEME, Eglise AVC, Eglise EMM, CESEA, La Parole du Christ"
Xalapa,19.54,-96.9275,Mexico,424755,28.49,29.26,19.25,2.87,"Kankali Tila tablet of Sodasa, Kankali Tila, Kankali Tila, Jain and Chaubara Mound, Government Museum, Mathura, Ancient Mound (Hathi Tila ) near Kishori Raman college"
Buenaventura,3.8772,-77.0267,Colombia,423927,26.95,31.57,18.48,2.75,"潜山电影院, 潜山市公墓, Sanzu Temple, Battle of Shiting"
London,42.9836,-81.2497,Canada,423369,26.9,31.51,18.44,1,"Masjid Penginem Lauk, Masjid Setiling, Masjid Nurul Jannah Aik Bukak, Masjid Mesoran Aik Bukak, Mesjid"
Piracicaba,-22.7252,-47.6493,Brazil,423323,26.88,31.49,18.43,1.25,"Roman Catholic Archdiocese of Korhogo, Cathedrale Saint Baptiste, Grand mosquée de Korhogo, Mon domicile, CNRA Direction Régionale de Korhogo"
Tétouan,35.5667,-5.3667,Morocco,422757,26.87,31.48,18.43,1.37,"Manuel Colayco historical marker, Derham Park, Art Render Industries, Philippine National School for the Blind, San Rafael Parish"
Yogyakarta,-7.8014,110.3644,Indonesia,422732,25.32,34.53,16.88,1,"北票博物馆, 惠宁寺"
Ciudad Bolívar,8.1219,-63.55,Venezuela,422578,25.32,34.52,16.88,1.86,"Chengdu–Lanzhou Railway, Chengdu–Lanzhou Railway, Chengdu–Lanzhou Railway, Chengdu–Lanzhou Railway, Chengdu–Lanzhou Railway"
Skopje,41.9961,21.4317,North Macedonia,422540,27.61,30.68,18.41,1.67,"Steps, Utility Tattoo/2b Theatre, Halifax North Common, Octagonal Posts, Windsor Street Campus (2002)"
Beining,41.6,121.8,China,422289,26.84,31.44,18.4,1.73,"Hongan-ji, 養命寺, おしゃれ地蔵, Kashiwayama Inari-jinja, 光妙寺"
Toyota,35.0824,137.1563,Japan,422106,26.83,31.43,18.4,1.2,"Kingdom Hall of Jehovah’s Witnesse, Rober Cemetery, Seclusaval and Windsor Spring, Johnsons Grove Church, Adams Grove Church"
Daloa,6.89,-6.45,Côte d’Ivoire,421871,26.82,32.19,17.63,2.7,"Museum of the History of Buryatia, Музей истории Бурятии им. Хангалова , МАУ «Молодежный художественный театр», T-34-86, пожарная автолестница"
Uijeongbu,37.7486,127.0389,"Korea, South",421579,25.28,34.47,16.85,1.23,"Saint Michaels Cemetery, Good Shepherds Brook, Zion Community Baptist Church, Trinity Lutheran Church, Springfield Church of God"
Hpa-An,16.8906,97.6333,Burma,421525,25.27,34.47,16.85,1.13,"Հայոց ցեղասպանության հուշարձան, Cosmodome, Carrefour Laval 6, Cinéma Cineplex Laval, Odeon Laval 2 Hypermarche"
Laohekou,32.359,111.684,China,420495,25.26,34.45,16.84,1.23,"Peralta Hacienda Park, Peralta Hacienda Historical, Christian Temple Church, Calvary Gospel Church, Church of Christ"
Rahimyar Khan,28.42,70.3,Pakistan,420419,27.55,30.61,18.37,1,"chin yingyang, 金水湖景区"
Ugep,5.8,8.0833,Nigeria,420000,26.75,31.34,18.34,2,"Battle of Sunchon, Hwasong-15 ICBM Launch Site Memorial"
Thái Nguyên,21.6,105.85,Vietnam,420000,26.7,31.28,18.31,0,
Seremban,2.7105,101.94,Malaysia,419536,27.42,30.47,18.28,2.7,"Kursk State Regional Museum of Archaeology, Палата бояр Рамодановских, Kurskiĭ gosudarstvennyĭ oblastnoĭ muzeĭ arkheologii, Holy Trinity Church, В. П. Лукину"
Kayapınar,37.95,40.1667,Turkey,419513,25.13,34.26,16.75,1,"HANUMAN TEMPLE, Hanuman Temple, Church, Shani & Hanuman Temple, Gokul Nagar Gurdwara Miraj"
Campina Grande,-7.2306,-35.8811,Brazil,419379,25.12,34.26,16.75,2.41,"Municipal Market, Colina da Saudade, Cine-Teatro Empérium, Igreja Católica, Portas do Mar"
Xicheng,23.3667,103.15,China,419314,26.64,31.21,18.27,1.4,"제주목관아 외례문, 제주목관아 영주협당, 제주목관아 중례문, Jeju Mokgwana, 화랑"
Kowloon City,22.3282,114.1916,Hong Kong,418732,26.62,31.18,18.25,1,"笏山, 陡崖子"
Santos,-23.9608,-46.3339,Brazil,418608,25.08,34.2,16.72,1,"Mothi Cinema, Lingeshwara Swamy Temple, Geetanjali, Ashoka Theatre Complex, Ashoka"
Tirana,41.3272,19.8186,Albania,418495,26.58,31.14,18.23,4.2,"Guangxiao Temple (Jian'ou), Jian'ou Tongxian Gate, Jian'ou Confucian Temple, Jian'ou Dongyue Temple, 归宗岩"
Kushtia,23.9,89.12,Bangladesh,418312,25.03,34.13,16.69,1.23,"Myōshōji Temple, D51 862, 町田ベテル教会, 創価学会 町田文化会館, 町田中央公園"
El Obeid,13.1833,30.2167,Sudan,418280,27.26,30.29,18.18,4.13,"Hoots Milling Company Roller Mill, Reynolds High School, Col. Jacob Lott Ludlow House, West End Historic District, Zevely House"
Mauá,-23.6678,-46.4608,Brazil,418261,26.47,31.01,18.15,0,
Xingren,25.435,105.1862,China,417919,26.45,30.99,18.14,2,Jingzhu Dashan
Takamatsu,34.35,134.05,Japan,417814,28.72,27.96,18.89,1.08,"Al Abu Stit mosque, Sidi Hasan, Sidi al Hudaywi, Sidi Yusef, Sidi Faraj"
Stockton,37.9765,-121.3109,United States,416005,27.19,30.21,18.13,1.13,"Taman Balai Kota, Taman Pers Malabar, Bandung Planning Gallery, Al-Ukhuwah, Taman Tongkeng"
Ajdābiyā,30.77,20.22,Libya,416000,24.92,33.98,16.61,1.5,"Zhenzeguan, Roman Catholic Diocese of Yongnian, Foguang Temple, Liuke Railway Station"
Callao,-12.0522,-77.1392,Peru,415888,26.41,30.94,18.11,1.13,"Kairali Sree, CSI Church Calicut, Sreekanteswara Temple, Amalapuri CMI Church, Mananchira Square"
Awsīm,30.1222,31.1333,Egypt,415735,26.4,30.92,18.1,2.37,"studio 77, Omba Art Gallery, Warehouse Theatre and bar, Curt von Francois Memorial, Namibia Craft Centre"
Shinagawa-ku,35.6,139.7333,Japan,415729,28.63,27.88,18.84,1.4,"Ruas das Palmeiras, Catedral de Joinville São Francisco Xavier, Palácio dos Príncipes de Joinville, Museu Nacional de Imigração e Colonização, Igreja da Família"
Paju,37.8667,126.8,"Korea, South",415345,24.86,33.89,16.57,1.48,"Coptic Catholic Eparchy of Ismailia, Suez Canal Museum, مسجد ابو بكر الصديق, Ismailia War Memorial Cemetery, Al-Ismaily Mosque"
Beylikdüzü,41.0011,28.6419,Turkey,415290,24.83,33.85,16.55,3.33,"Monumento de Miguel Grau Seminario, Mirador, José Quiñones, Historic Mural, Cusco Theatre of Indigenous Art"
Việt Trì,21.3,105.4333,Vietnam,415280,26.31,30.82,18.04,1.27,"Siege of Veracruz, Monumento de la armada, Parroquia del Perpetuo Socorro y San Francisco de Asis, Iglesia Evangelica Gil Gal, Luz del Mundo"
Santa Rosa,14.32,121.12,Philippines,414812,26.31,30.82,18.04,1.18,"Roman Catholic Diocese of Sokoto, Cathedral of the Holy Family of Sokoto, Mountain of Fire & Miracles church, Masallacin Nana Aisha, Living Faith Church Sokoto"
Nagqu,31.476,92.051,China,414554,24.79,33.8,16.52,1.23,"諏訪神社, Sunagawa Art & Craft Museum, 長全寺, ストーンサークル, Kashiwa-jinja"
Bettiah,26.8014,84.5028,India,414453,28.53,27.78,18.77,1.27,"Sidi Abu al Suud, مسجد الرحمة, مقابر المقاطع, المسجد البحرى, مسجد الشهيد"
Jhang City,31.2694,72.3161,Pakistan,414131,27.01,30.01,18.01,1,"昌吉恐龙馆, 飞马转盘, 亚心广场, 新疆大剧院"
Fujin,47.25,132.0333,China,414090,26.25,30.75,18,1,Motihari Court Building
Altındağ,39.9636,32.9033,Turkey,413994,27.75,28.5,18.75,1.43,"Jokoji 常光寺, 蓮華寺, 日本キリスト教団 青森教会, 二十三夜大神, 乃木神社"
Yuanping,38.731,112.711,China,413922,26.18,30.67,17.95,1.27,"Teatro Miguel Alemán, Museo Regional de Nayarit, Museo Regional del INAH, Centro Estatal de Culturas Populares e Indigenas (CECUPI), Centro de Arte Contemporáneo del Bicentenario Emilia Ortíz"
Talā,30.6798,30.9436,Egypt,413839,28.41,27.66,18.69,1.78,"Shyam Talkies, open aie theater, Nehru Park, Rigal Cinema, Dahihanda gate of outer city wall"
Ţalkhā,31.0592,31.3767,Egypt,413584,26.14,30.63,17.93,1.07,"Church Upon The Rock Methodist Church, Dambana ng mga Alaala, The United Church of the Good Shepherd, Kaban ng Hiyas, Garden of Life Park"
Boa Vista,2.82,-60.6719,Brazil,413486,26.11,30.59,17.91,1.53,"Mosteiro das Clarissas, Igreja Matriz de Vila das Aves, Parque Amieiro Galego, Mosteiro da Visitação, Mosteiro da Visitação"
Banjul,13.4581,-16.5786,"Gambia, The",413397,24.61,33.56,16.41,1,"장곡제일교회, Yeonseong Catholic Church, 한소망 교회, 천주교장곡성당, 법륭사"
Jayapura,-2.533,140.717,Indonesia,413283,26.83,29.81,17.88,1,"Dalwanaaje hotel, Cayngal, المسجد الرحمن, Masjidka bilaal, Laki cabdi maydhane ( ENG:Shibiin )"
Toyama,36.6959,137.2137,Japan,413028,26.07,30.54,17.88,3.77,"Saint Catherine Monastery, Tver, Tver, А. Дементьев, ц. Воскресения Христова, Saltykov-Shchedrin Literary Memorial Museum, Tver"
Sanandaj,35.3114,46.9961,Iran,412767,26.07,30.54,17.88,1.07,"Auditorio, Glorieta de la fuente, Agustin Lara, Semillas de Fuego, Divina Providencia"
Khon Kaen,16.4333,102.8333,Thailand,412758,24.58,33.52,16.39,1,"Iglesis de Bellavista, Lola Melona, Capilla del Jardín, Cementerio central, IDMJI CHURCH of a ministerial god of INTERNATIONAL JESUCRISTO"
Linghai,41.1667,121.35,China,412513,26.05,30.52,17.87,3.17,"Bank of London, London Music Hall, A. Chisholm Co. Building, The Spriet Family Theatre, Century Theatre"
Shorāpur,16.52,76.76,India,412291,26.02,30.48,17.84,2.03,"Catedral Santo Antônio, Passo da Via Sacra São Vicente de Paula, Capela São Benedito, Casa de Prudente de Moraes, Museu Histórico e Pedagógico Prudente de Moraes"
Koumassi,5.2972,-3.9675,Côte d’Ivoire,412282,26,30.45,17.83,2.6,"Tetouan Centre of Modern Art, Bab Rmouz, Bab Remouz, El Quds, Mosque Al Sunah"
Durham,35.9792,-78.9022,United States,411362,26,30.45,17.83,1.69,"Yogyakarta City, BNI, Bioskop Museum Sonobudoyo, Museum Sonobudoyo, Monument Serangan Oemoem 1 Maret"
Tinnevelly,8.7136,77.7567,India,411298,25.99,30.45,17.82,1.5,"Ciudad Bolívar, Iglesia La Milagrosa, Jimmie Angel, Avión de Jimmy Angel, Auditorio Las Nieves"
Pasto,1.2078,-77.2772,Colombia,410835,26.69,29.66,17.8,2.77,"Водоскоци, Alexander the Great Statue, Warrior on a Horse, Dame Gruev, Гоце Делчев"
Chattanooga,35.066,-85.2481,United States,410795,25.91,30.35,17.76,3.89,"Beizhen Catholic Church, Twin Pagodas of Chongxing Temple, Twin Pagodas of Chongxing Temple, 崇兴寺, Drum Tower"
Bellary,15.1,76.9167,India,410445,25.9,30.34,17.76,1.57,"日本福音ルーテル拳母協会, 安栖寺, 三河別院拳母支院, 津島神社, Toyota Municipal Museum of Art"
Bhāgalpur,25.25,87,India,410210,26.63,29.59,17.75,1.07,"Eglise Assemblée de Dieu Temple Espérance, Eglise Evangelique AME, Eglise Celeste, Eglise MIssion Evangélico, Ambassade des Miracles Daloa"
Danjiangkou,32.5401,111.5131,China,409940,25.89,30.32,17.75,1.07,"Ga-neung Church, 교회, Battle of Uijeongbu (1951), 돌고래 조각상, 감리교회"
Kisumu,-0.1,34.75,Kenya,409928,25.89,30.32,17.75,1.03,"ဖိုးလမင္း ဘားအံ, Ye Pagoda, ဂျာမေပလီ, Hpa-an clock tower, ဘားအံေခတ္သစ္"
Zhangjiakou Shi Xuanhua Qu,40.5944,115.0243,China,409745,24.4,33.27,16.26,0,
Maringá,-23.425,-51.9389,Brazil,409657,25.86,30.29,17.73,1,"Khwaja Bungalows, Tablighi Markaz Rahim Yar khan, Red Mosque/ لال مسجد, Rahim Yar Khan Wildlife Park, Rahman Pur"
Manampizha,9.2972,76.65,India,409271,25.84,30.27,17.72,1,"Nhà thờ Thái Nguyên, Nhà thờ xứ  Thái Nguyên, Bảo tàng Văn hóa các Dân tộc Việt Nam, nhà hàng beer 158, Gò Đình"
Kocasinan,38.7333,35.4833,Turkey,409005,25.83,30.26,17.71,3,Cross-Niger transition forests
Mataram,-8.5833,116.1167,Indonesia,408900,26.56,29.51,17.71,1.43,"Gun Hill, Masjid India Rahang, OUM Negeri Sembilan, Sri Bala Thandayuthapani Temple, St. Mark Church"
Magnitogorsk,53.3833,59.0333,Russia,408715,25.81,30.24,17.7,1,"Dünya Kavşak, Selehattin Eyyübi Kavşak, Bediüzzaman Camii, Hz. Ali Camii, Cebeli Nur Cami"
Greenville,34.8354,-82.3646,United States,408626,25.8,30.22,17.69,1.27,"Igreja São Viciente de Paula, Monumento de Adoração à Biblía, History and Technology Museum of Algodão, Casa de Davi Casa de Oração, Vergniaud Wanderley"
Zhijiang,30.426,111.761,China,408487,25.79,30.21,17.68,1,"Treasury China Buddist Temple, The Great Buddha's Hall, Copper Buddha Hall, Mount Dalianhua"
Zaria,11.0667,7.7,Nigeria,408198,25.77,30.19,17.67,2.13,"Olympic Garden, Sung Wong Toi Playground, Former Kowloon City Police Station Site, Lung Tsun Pier Site, Evangelical Free Church of China-Grace Church"
Lancaster,40.042,-76.3012,United States,408023,26.48,29.42,17.65,1.63,"Capela do Colégio São José, Cine Roxy, Catedral de Santos IURD, Igreja Católica Apostólica Ortodoxa São Jorge, Joaquim Xavier da Silveira"
Fenyang,37.2616,111.7699,China,407647,25.74,30.16,17.65,4.4,"Ministria Ficave (Tiranë), Ministria Financave, Skanderbeg Monument, Albania. Ministria së Bujqësisë, Bashkia e Tiranës"
Syracuse,43.0407,-76.1437,United States,407625,25.74,30.88,16.91,1,"DC Court Masjid, Shahid Minar Kushtia, Advocate Para Mosquea, Custom More Mosque Ashraf Rafiq, Church of Bangladesh, Kushtia Diosis"
Biñan,14.33,121.08,Philippines,407437,24.99,31.61,16.91,1.25,"Battle of El Obeid, Islamic cultural center, Roman Catholic Cathedral, Our Lady Queen of Africa Cathedral, Al-Ubayyid, مسرح عروس الرمال"
Gebze,40.8,29.4333,Turkey,407019,24.98,31.59,16.9,1.2,"Paróquia Imaculada Conceição, Multiplex Mauá Plaza Shopping, Salão do Reino das Testemunhas de Jeová, Getúlio Vargas, Teatro Municipal Anselmo Haraldt Walendy"
Shashemenē,7.2,38.6,Ethiopia,407000,25.71,30.85,16.9,0,
Fangting,31.127,104.167,China,406775,24.97,31.58,16.89,1.83,"中櫓跡, 中川櫓跡, 高松城天守閣跡, 地久櫓跡, 矩櫓跡"
Shulan,44.4059,126.9655,China,406744,24.23,33.04,16.15,1.1,"Long Theatre, Spirit Rocks, Spirit Rocks, Talking Pillars, Faye Spanos Concert Hall"
Wanyuan,31.9833,107.9667,China,406685,24.23,33.03,16.15,1.03,"مسجد البقيع, جامع, مسجد الاسراء, مسجد القدس, مسجد أم القرى"
Jiexiu,37.027,111.917,China,406517,27.85,27.12,18.32,1.2,"Enafer Perú, Inmaculada Concepción, Iglesia Cristiana Linaje Real, Iglesia Cristiana Evangelica, Jesus Rey de Reyes"
Hat Yai,7.0167,100.4667,Thailand,406513,25.65,30.04,17.59,1.23,"Letopolis, Bortos, جامع عمر بن الخطاب, مسجد عبدالله المصري, عجينه"
Bağlar,37.9167,40.1833,Turkey,406471,27.84,27.11,18.32,1.27,"星薬科大学薬用植物園, 西光寺, 大福生寺, 光福寺, Shinagawa Historical Museum"
Sham Shui Po,22.3307,114.1622,Hong Kong,405869,26.34,29.26,17.56,1.63,"문산한진2차아파트, CGV, Munsan Catholic Church, Tongilgongwon, 육탄십용사충용탑"
Santa Fe,-31.6333,-60.7,Argentina,405683,25.54,29.92,17.51,1.13,"Batı İstanbul Sergi Salonu, Beylikdüzü Atatürk Kültür ve Sanat Merkezi, Mardin Taşından Çeşme, McPro Productions, Arslan şimşek camii"
Delhi Cantonment,28.6,77.1333,India,405633,26.25,29.17,17.5,1.07,"Viet Tri City (pop 280,000), Phong Châu, cầu Phú Hậu, Chùa Quế Lâm, Mo Bo Thanh"
Cumaná,10.4564,-64.1675,Venezuela,405626,25.48,29.85,17.47,1.2,"Terry Town Chapel, 7th Day Adventist Chapel, Santa Rosa Arch, Jose Rizal Monument, Museo ng Santa Rosa"
Fayetteville,36.0714,-94.1661,United States,405556,24,32.72,16,1,"孝登寺, xiaodeng si, sangdenglin nisi"
Barura,23.3683,91.0484,Bangladesh,405118,26.15,29.06,17.44,1.33,"Catholic Church, Roman Catholic Diocese of Bettiah, Udaipur WLS"
Kumi,36.1195,128.3444,"Korea, South",404691,26.14,29.04,17.42,1.27,"Christian Church, Fowara Chowk, Ketchary Chowk, Nawaz Chowk Jhang, Bilal Mosque"
Nagasaki,32.7447,129.8736,Japan,404656,25.29,30.35,16.62,0,
Al Ḩudaydah,14.8022,42.9511,Yemen,404062,24.56,31.06,16.61,1.07,"Camii, Site Kudret Camii, Kültür Camii, Sultan Cami, Şehitler Camii"
Pencheng,29.676,115.681,China,403655,25.99,28.88,17.33,0,
Salt Lake City,22.61,88.4,India,403316,25.26,30.31,16.6,1.25,"Sidi Hassan, Al-Sayeda Al-Azraa' Church, خالد الجميزي, طوخ دلكة, Sidi Omar al Shahid"
Qazvīn,36.2886,50.0069,Iran,402748,25.26,29.59,17.32,1.42,"Bazat mosque, Habib Mosque, Al-Saleh Al-Sagheer Mosque, Dar ibn Luqman, Battle of Al Mansurah"
Etāwa,24.18,78.2,India,402678,25.23,29.56,17.3,1.27,"Monumento do Garimpeiro, Igreja Cathedral, Igreja São Sebastião, Carlos Gomes, Monumento dos Pioneiros"
Sonīpat,28.99,77.022,India,402000,25.96,28.84,17.3,2.43,"Banjul Mosque, Gambia National Museum, New Perseverance Mosque, Arch 22 Restaurant, King Fahad Mosque"
Jundiaí,-23.1864,-46.8842,Brazil,401896,25.14,29.45,17.24,1.08,"Battle of Hollandia, Cathedral of Christ the King, XXI, Victory Agung Jayapura, McArthur"
Pensacola,30.4413,-87.1911,United States,401535,25.12,29.42,17.22,1.8,"Toyama City Hall, 富山県民会館美術館, 越中万葉の歌碑・歌石板①, 松川遊覧船乗降場, ルミエール"
Bogra,24.851,89.3711,Bangladesh,400983,25.11,29.42,17.22,2.4,"Pardis Cinema Bahman, Bahman cinema, IYCS OF SANANDAJ, Iranian youth cinema society of sanandaj, مسجد ملاویسی"
Brno,49.1925,16.6083,Czechia,400566,25.08,30.1,16.48,1,"Chao Pho Kasem, Northeastern Bible Seminary, Buddha Image, Hugz Mall, The Gospel Church Foundation of Thailand"
Öskemen,49.9833,82.6167,Kazakhstan,400142,25.08,29.38,17.2,0,
Gifu,35.4232,136.7608,Japan,400118,25.04,30.05,16.45,1,"Masjid-e-rahman, Madina Masjid, Jamiya Masjid, Makkah Masjid, Masjid-e-hasan (ahmadiyya Masjid)"
Montería,8.75,-75.8833,Colombia,400000,24.99,29.28,17.14,1,"Eglise Evangélique le Mont des Oliviers, Mosquée de la Miséricorde de Koumassi Remblais, Eglise Evangélique les Amis de Jésus, Mosquée Hamza, Mosquée Remblais"
Maungdaw,20.8167,92.3667,Burma,400000,24.97,29.25,17.12,3.23,"Stokesdale Historic District, Scarborough House, Hillside Park High School, B. N. Duke Auditorium, Mount Vernon Baptist Church"
Igboho,8.8333,3.75,Nigeria,400000,23.54,32.1,15.69,1.26,"Vinayagar Temple, Roman Catholic Diocese of Palayamkottai, Holy Trinity Cathedral, Palayamkottai, PVT Theater, Poornakala  Cinema Theater"
Yüreğir,36.9928,35.3764,Turkey,399910,24.94,29.22,17.1,1,"Nuevo punto, Museo del Oro, Templo de Nuestra Señora de Las Mercedes, Templo de San Sebastian - La Panadería, Iglesia de Nuestra Señora de Fátima"
Pingquan,41.0184,118.702,China,399378,25.61,28.46,17.07,1.4,"East Chattanooga Church of Christ, East Chattanooga United Methodist Church, Calvary Temple Assembly of God, Rivoli Theatre, Fairleigh Street Baptist Church"
Toyonaka,34.7833,135.4667,Japan,399263,24.88,29.15,17.06,1.1,"Muslim Burial Grounds, Church of El-Shaddai, Madeena Masjid, Madeena Masjid, Masjid E Mustafa"
Dera Ghazi Khan,30.0331,70.64,Pakistan,399064,26.24,26.95,17.73,1.38,"Statue of Vasupujya, Adbhut Hanuman Mandir, Kaali Mandir, dargah Shahbaaz rahmattullah aleh, Mirjanhat Durga Mandir"
Hatay,36.2025,36.1606,Turkey,399045,23.41,31.92,15.6,0,
Luhansk,48.5678,39.3031,Ukraine,397677,26.94,26.23,17.73,1.13,"Nyanza Picture Palace, Kisumu Lwangni Beach, ACK St Stephens Church, St. Stephen's Cathedral, St Joseph Catholic Church - Milimani"
Miyazaki,31.9078,131.4203,Japan,397476,24.11,30.49,16.31,1.71,"Roman Catholic Diocese of Xuanhua, 宣化博物馆, 大新门, 宣化天主教堂, Cathedral of the Holy Cross"
Dangyang,30.821,111.789,China,397465,26.9,26.19,17.7,1.4,"Nossa Senhora da Glória, Cúria da Arquidiocese de Maringá, Cathedral of Maringá, Igreja Adventista do Sétimo Dia Central Maringá, Primeira Igreja Presbiteriana Independente de Maringá"
Quilon,8.8932,76.6141,India,397419,23.35,31.84,15.57,1.07,"mulakuzha jama masjid, St.George Orthodox Catholicate Simhasana Church Piralassery, pattangattil devi temple, morya mar thoma church kotta, Karakkad Sree Dharmasastha(Ayyappa) Temple"
Mulangodi,9,76.6167,India,397419,25.47,28.3,16.98,1.17,"Plevne Cami, Cami, Sümer Cami, Cami, Hacı Kılınç Cami"
Munro Turuttu,9,76.6167,India,397419,27.59,25.47,17.69,1,"Masjid Al-Ikwan, Pura Merajan, Masjid Ar-Rahmah, Pura Pemeraman, Pura Muter"
Barinas,8.6333,-70.2,Venezuela,397279,25.47,28.3,16.98,2.5,"Сосновая, Площадка обозрения, 1. Quartal, Первый капитальный жилой дом Магнитогорска (Магнитогорск), Зеленцов"
Gwangju,37.3667,127.2833,"Korea, South",397269,26.87,26.17,17.68,1,"Flick Cinema, Sanctuary, Hope Presbyterian Church, Tree of Life Missionary Baptist Church, Camelot Cinemas"
Nangong,37.359,115.409,China,396718,26.86,26.15,17.67,0,
Hirakata,34.8167,135.65,Japan,396694,26.85,26.14,17.66,1.47,"Emir's Palace, Zaria, Zaria City Walls, War Memorial, Kufena Hill, Christ The King Catholic Church"
Sandakan,5.843,118.108,Malaysia,396290,25.41,28.23,16.94,4.17,"Conestoga Cork Works Building, Musser Park, Lancaster Museum of Art, Triangle Park, Jacob Bowman Tobacco Warehouse"
Szczecin,53.4325,14.5481,Poland,396168,23.29,31.76,15.53,3.75,"Wenfeng Pagoda, 玄天上帝庙, 汾阳五岳庙, 中阳楼"
Surgut,61.25,73.4333,Russia,395900,24.69,28.92,16.93,2.73,"Nicholas J. Pirro Convention Center, Everson Museum of Art, Central Technical High School, War Memorial Arena, Spanish War Memorial"
Yongji,34.867,110.448,China,394935,24.68,28.91,16.92,1.07,"San Vicente Ferrer Parish Church, Biñan Faith Bible Christian Church, Seventh-day Adventist Church, Church of the Latter Day Saint, Heaven's Park Memorial Garden"
Arlington,32.6998,-97.125,United States,394769,26.78,26.07,17.62,1.27,"Çoban Mustafa Paşa Camii, Cami, Sultan Orhan Cami, Cami, Cinebonus"
Karūr,10.9601,78.0766,India,394719,24.66,28.88,16.91,1,"St michael church, Mosque, Black Lion Museum, Mary Church, financial  area"
Betsiboka,-16.8667,46.95,Madagascar,394561,24.64,28.87,16.9,2,"Luohan Temple, Chengdu–Lanzhou Railway, Chengdu–Lanzhou Railway, Chengdu–Lanzhou Railway, Chengdu–Lanzhou Railway"
Ijebu-Ode,6.8208,3.9208,Nigeria,394246,24.63,29.56,16.19,1,"海慧寺, 森林公园, 红石砬子, 文化广场, 庙景山"
Al Jahrā’,29.35,47.6833,Kuwait,393432,24.6,29.52,16.17,0,
Tanga,-5.0742,39.0992,Tanzania,393429,24.6,28.81,16.87,4.33,"Wen Temple, Wuyue Temple, Jiexiu Chenghuang Temple, Houtu Temple, Zoroastrian Temple"
Diadema,-23.6858,-46.6228,Brazil,393237,26.67,25.97,17.55,1.17,"วงเวียนน้ำพุ, Clock Tower, Masjid Sahe Pakistan, Wat Thawon Wararam, วัดฉื่อฉาง"
Saurimo,-9.65,20.4,Angola,393000,23.15,31.57,15.43,1,"Nur Cami, Zümrüt Evler Cami, Yeniköy Asri Mezarlığı, Yeniköy Mezarlığı, Şeyh Said Efendi Cami"
Jālna,19.841,75.8864,India,393000,25.94,26.64,17.52,3.4,"Ap Liu Street Electronics Street, Ap Liu Street Electronics Street, Cheung Sha Wan Road Fashion Street, 269-271 Yu Chau Street, San Tai Tze / Pak Tai Temple"
Yola,9.23,12.46,Nigeria,392854,23.76,30.05,16.07,1.13,"Facundo Zuviría, Manzana Histórica de la Universidad Nacional del Litoral, Gral. Juan José Valle, Promenade, La salette"
Zhugang,28.1358,121.2264,China,392800,26.55,25.86,17.47,1.33,"St. Pauls Church, Delhi 1939-1945 War Memorial, Delhi War Cemetery, Air Force Auditorium, Gurudwara Shri Guru Singh Sabha"
Hejin,35.596,110.712,China,392561,24.43,29.32,16.06,1.73,"Cementerio General de Cumaná, Castillo de San Antonio de la Eminencia, Castillo de San Antonio, Santa María de la Cabeza castle, Iglesia Santa Inés"
Dunhua,43.3667,128.2333,China,392486,24.4,28.58,16.73,3.83,"Maple Street Overpass, The Church of Jesus Christ of Latter-day Saints, Blue Diamonds, University Baptist Church, Magnolia Company Filling Station"
Tāngāil,24.25,89.92,Bangladesh,392300,26.43,25.73,17.39,1.07,"Upazilla Mosque, Barura College Masjid, Thana Masjid, Thana Road Maszid, Barura Jame Masjid"
Khayelitsha,-34.0403,18.6778,South Africa,391749,25.02,27.8,16.68,1.03,"구미시 문화예술회관, 소공연장, 구미비전교회, 대공연장, 원평분수공원(WonPyeong Fountain Park)"
Ad Dīwānīyah,31.9892,44.9247,Iraq,391600,26.4,25.7,17.37,1.67,"出島共学顕彰薬園碑所在標, バドミントン伝来之地, Dejima, 長崎市, 史跡 出島和蘭商館跡"
Nnewi,6.0167,6.9167,Nigeria,391227,24.31,28.47,16.67,1.07,"Battle of Al Hudaydah, جامع المواصلات, Masjid al Kuwayt, جامع الكويت, مسجد عدنان"
San-Pédro,4.7704,-6.64,Côte d’Ivoire,390654,24.27,29.12,15.95,1,"Wanshougu Temple, Longyuan Temple"
Gujrat,32.5739,74.0789,Pakistan,390533,26.3,25.61,17.3,3.23,"Hanuman Mandir, Dhurjoti Bhawan, PVR, Green Verge, Lichubagan Radha Krishna Temple"
Huili Chengguanzhen,26.6333,102.25,China,390531,22.84,31.14,15.23,1.63,"Velayat, Shahid Babaei, Ghaem Al Mohammah Followers Mosque, 14th Masoom Mosque, Tejarat Tower"
Yokosuka,35,16,Japan,390275,22.83,31.14,15.22,7,Eran
Aurora,39.7083,-104.7237,United States,390201,24.22,28.37,16.61,3.9,"Rajpur Mughal Kos Minar, Bhram kumari ashram, Khwaja Khizr Tomb, Ganaur Mughal Kos Minar, Sonepat Mughal Kos Minar"
Asyūţ,27.1869,31.1714,Egypt,389307,24.9,27.67,16.6,4.34,"Museu Histórico e Cultural de Jundiaí, Solar do Barão de Jundiaí, Grupo Escolar Conde do Parnaíba, Acervo do Museu Solar do Barão, Esquadra"
Gwoza,11.0861,13.6914,Nigeria,388600,24.21,29.05,15.91,2,"First Missionary Baptist Church, The Church of Jesus Christ of Latter-day Saints, Saint Pauls Church, Siege of Pensacola, Archeological Properties of the Naval Live Oaks Reservation MPS"
Sampaloc,14.6031,121.0022,Philippines,388305,22.82,31.12,15.21,1.07,"Bogra Sadar Thana Jame Masjid, Baitul Rahman Central Masjid, Choksutrapur Jame Masjid, Bogra Central Boro Masjid, Bir Shrestho Chottor"
Saki,8.6667,3.4,Nigeria,388225,22.81,31.1,15.21,4.73,"Zelný trh 13, Markethall at Zelný trh, Malý Špalíček, Sochy světců na východní straně sloupu Nejsvětější Trojice na Zelném trhu v Brně, Holy Trinity column in Brno"
Bologna,44.4939,11.3428,Italy,387971,22.76,31.04,15.17,1.07,"Старое примыкание, Женщина с ребенком, Солнечные часы, Декоративное сооружение ""Любовь"", Атамановская"
Aqtöbe,50.2836,57.2297,Kazakhstan,387807,22.76,31.04,15.17,1.53,"瀬古写真館, 岐阜女子大学デジタルミュージアム, 無量壽院誓安寺, 弥八地蔵本堂, 水かけ地蔵"
Cilegon,-6.0027,106.0112,Indonesia,387543,24.13,28.27,16.55,1,"Myo U, Noya Para Jame Masjid, Lafar Ghona Jame Mosjid, Al-Jamia Al-Farukia Madrasah আল জামিয়া আল ফারুকিয়া মাদ্রাসা"
Uvinza,-5.1069,30.3839,Tanzania,387442,26.19,25.5,17.23,0,
Ḩafr al Bāţin,28.4337,45.9601,Saudi Arabia,387096,22.74,31.01,15.16,1,"San Jeronimo, Iglesia Testigos de Jehová, Iglesia Testigos de Jehová, Estatua San Juan Bautista De La Salle, Iglesia"
Elazığ,38.6744,39.2228,Turkey,387072,22.74,31.01,15.16,1.73,"İl Özel İdaresi Cami, Yeni Doğan Merkezi Cami, Sümer Camii, Mezarlık, Dervişler Cami"
Zanjān,36.6864,48.4953,Iran,386851,26.18,25.49,17.23,1,Pingquan bowuguan
Bairia,25.7583,84.1489,India,386745,22.73,31,15.16,1.13,"扇塚, 俳宗西吟之塔, 瑞輪寺, 千佛地蔵尊, 松江大明神"
Oyo,7.8417,3.9306,Nigeria,386723,24.09,28.91,15.83,1,"Main Mosque Model Town, DERA GHAZI KHAN (ڈیرہ غازی خان), Church, Hafiz Bagh Ali Wali Masjid, DG Khan Zoo"
Taytay,14.5692,121.1325,Philippines,386451,24.77,27.52,16.51,1.83,"Siege of Antioch, Hatay Archaeology Museum, St. Peter Orthodox Church, Battle of Antioch, Saramih Camii"
Kisenzi,-4.4094,15.3425,Congo (Kinshasa),386151,22.7,30.96,15.14,1.87,"I love Luhansk, Аллея зонтиков, Young Guard Park, Park monument of landscape art ""Skver imeni ""Moloda gvardija"", Будинки зі шпилем (Луганськ)"
Bhātpāra,22.87,88.41,India,386019,22.7,30.96,15.14,1.07,"岩切章太郎翁, 翔, 橘橋, 太陽と緑, 陽だまり～ねえ、おはなししましょうよ～"
Sintra,38.7974,-9.3904,Portugal,385606,24.07,28.88,15.82,6.5,"Guanling Mausoleum, Yuquan Temple"
Manisa,38.6144,27.4292,Turkey,385452,22.69,30.94,15.13,1.03,"mulachanthara devi temple, Khrisna Temple, bhuvaneshwari temple, munroe island dutch church, st alphonsa chapel,sinkarappally"
Sirūr,18.83,74.38,India,385414,22.69,30.94,15.13,1,"Veppalummood Temple, my house, Ammannada Bhadrakali Temple, St Thomas Evangelical Church of India, Pattathanam Sreekrishna Swamy Temple"
Tarlac City,15.4869,120.59,Philippines,385398,25.39,26.08,17.16,1.03,"mulachanthara devi temple, Khrisna Temple, bhuvaneshwari temple, munroe island dutch church, st alphonsa chapel,sinkarappally"
Okazaki,34.9543,137.1744,Japan,385376,22.64,30.87,15.09,1.17,"Catedral de Barinas ""Nuestra Señora de El Pilar"", Palacio Episcopal, Roman Catholic Diocese of Barinas, El Mortero, Palacio del Marqués"
Ceel Baraf,3.2072,45.7593,Somalia,384630,24.68,27.42,16.45,1.03,"백마산, 에덴교회, 시계탑, 드로아교회, 오포서광교회"
Lingxi,27.5036,120.3975,China,384390,22.61,30.84,15.08,0,
Ilesa,7.6167,4.7167,Nigeria,384334,24.62,27.36,16.42,1.2,"枚方市市民会館, 旧枚方宿問屋役人 小野平右衛門家, 宗左の辻, 京阪稲荷神社, 百済王神社"
Kākināda,16.9661,82.255,India,384182,22.57,30.78,15.05,1.8,"Basel Church Sandakan, Seventh-day Adventist Church, Christian cemetery, Goddess of Mercy Temple, St. Mary Cathedral Catholic Church"
Savar,23.8482,90.2577,Bangladesh,384093,25.98,25.29,17.09,3.9,"Pomnik Marynarza, Tenement house at Papieża Jana Pawła II 42 Avenue in Szczecin, Śląska 38, Jedności Narodowej 42, Tenement house at 38 Śląska Street in Szczecin"
Nuevo Laredo,27.4861,-99.5069,Mexico,384033,25.94,25.25,17.06,1.17,"Крестильный храм в честь святителя Каллиника, Патриарха Константинопольского, Храм святого великомученника Георгия Победоносца, Галактика, Храм Георгия Победоносца, Скульптурная композиция Памятник улыбке"
Lecheng,25.1333,113.3333,China,383498,24.57,27.3,16.38,1.17,"栲栳镇天主教堂, Wangu Temple, 普救寺, 纯阳上宫遗址, Pujiu Temple"
Bawshar,23.5777,58.3998,Oman,383257,25.89,25.2,17.03,1.03,"Mount Sinai Community Baptist Church, Advent Lutheran Church, First Church of Christ Scientist in Arlington, Johnsons Station Cemetery, Arlington Presbyterian Church"
Christchurch,-43.5311,172.6361,New Zealand,383200,23.82,27.9,16.33,1.19,"Sri Kalyana Pasupatheeswarar Temple, thinapa theater, ajantha elora, Saint Teresa Church, csi henry little memorial church"
Gusau,12.15,6.6667,Nigeria,383162,22.45,30.62,14.97,1,Eglise Proprestante
Hancheng,35.4667,110.4333,China,383097,23.8,27.88,16.32,3.75,"Roman Catholic Diocese of Ijebu-Ode, Sungbo's Shrine at Oke-Eri, Sungbo's Eredo, St. Paul's Anglican Church"
Zêtang,29.238,91.771,China,382610,25.16,25.84,17,1.07,"Red Fort, Hamad Mosque, jahara markaz, Rafie Mosque, Haif Sons"
Serekunda,13.445,-16.675,"Gambia, The",382096,24.47,27.18,16.31,1.4,"Masjid Ihsan, Assembly of God, Hindu Temple, Mosque Street no. 9, Clock Tower 1901"
Kanifing,13.4475,-16.6725,"Gambia, The",382096,22.41,30.56,14.94,1,"Paróquia Nossa Senhora da Imaculada Conceição, Renascer Diadema, Salão do Reino das Testemunhas de Jeová, Pentecostal da Biblia, Centro de Memória de Diadema"
Canberra,-35.2931,149.1269,Australia,381488,25.8,25.12,16.98,1,"Mama-Devi Mandir, Shivaji Chowk, Chaudhari Nagar"
Minamisuita,34.7594,135.5169,Japan,381238,22.41,30.56,14.94,1.29,"Roman Catholic Archdiocese of Saurímo, Igreja Assembleia de Deus Pentecostal, Casa de Dios, Igreja Universal - Jesus Cristo é o Senhor, edificio"
Malabon,14.66,120.96,Philippines,380522,22.4,30.54,14.93,1.09,"Mosque, Yola Mosque, St. Ignatius, mosque, mosque"
Neiva,2.9345,-75.2809,Colombia,380019,25.76,25.08,16.95,1.03,"兴福禅寺, 洪福寺, 玉环剧院, 玉环龙潭寺, 灯台山"
Hà Tĩnh,18.3333,105.9,Vietnam,380000,22.36,30.49,14.91,3,"真武庙, 古垛后土庙, Mount Longmen"
Huancayo,-12.0667,-75.2167,Peru,378203,22.33,30.45,14.89,3,"Bouddha de Dunhua, Liudingshan Ancient Tombs, Zhengjue Temple"
Celaya,20.5222,-100.8122,Mexico,378143,25.71,25.03,16.91,1.17,"JOYKALI MISTANNA BHANDAR, Boro Kalibari, Tangail Central Mosque, JOYKALI MISTANNA BHANDAR, Shahid Minar"
Ichinomiya,35.3039,136.8031,Japan,378108,25.68,25,16.89,1.07,"Andrew Losaba Memorial Church, 18 Gangster Museum, ***/97/AB-001, Saint Michael's Church, ***/BB-041"
Iquitos,-3.75,-73.25,Peru,377609,24.31,27.01,16.2,1,"جامع مُحيي الشريعه, مسجد محيي الشريعة, جامع محيي الشريعه, حسينة السيد نور الزاملي, جامع النور"
Pānihāti,22.69,88.37,India,377347,23.63,27.68,16.2,1.5,"Roman Catholic Diocese of Nnewi, Immanuel Anglican Church Ideani, Okide Traditional Shrine, Ideani, Archaeology of Igbo-Ukwu, St John's Catholic Church, Neni"
Lianzhou,24.781,112.377,China,377220,22.28,30.38,14.85,1.03,"Église Harriste Afhra, Moquée Seweke 2, Eglise du Christ, Mosquée de Seweke, Eglise Pentecote Saint Feu International EPDFI"
Cainta,14.57,121.12,Philippines,376933,24.23,26.92,16.15,1,"Akbari Fort, Rounti Wali Masjid, Jamia Masjid Bari Wali, Jamia Masjid Chowk Pakistan, Masjid Moti Bazra"
Helixi,30.6267,118.9861,China,376857,25.57,24.9,16.82,1,"钟鼓楼, 城门"
Madīnat as Sādis min Uktūbar,29.9361,30.9269,Egypt,376302,24.2,26.89,16.13,0,
Mamou,10.3833,-12.0833,Guinea,376269,24.87,26.22,16.13,1.07,"Saint Simeon Catholic Cemetery, Asante Iseal Ray (aka Tay Ray), Kanyon Lavely Reynolds, Windmill, Glove Two"
Scranton,41.4044,-75.6649,United States,375462,22.13,30.17,14.75,1.4,"جراجات الجامعة, المبنى الادارى, نافورة الجامعة, جراجات الجامعة, Rifaah Rafih El Tahtauwei Statue"
Itaquaquecetuba,-23.4864,-46.3486,Brazil,375011,24.13,26.81,16.09,1.75,"Bataille de Gwoza, Bataille de Gwoza (2014), bataille de Goshi, Disa Hills"
Cantonment,31.5167,74.3833,Pakistan,374872,22.1,30.14,14.73,1.4,"Vicente Cruz Chapel, St. Mark United Church, Iglesia Ni Cristo - Locale of G. Tuazon, Lotto, Chapel"
Rohtak,28.8909,76.5796,India,374292,25.43,24.76,16.73,1,"Celestial Church of Christ, Afoote, Shaki, St Luke's African Parish, Iganne Hill, Adoyan Hill, Ashabara Hill"
Māler Kotla,30.5167,75.8833,India,374000,22.08,30.11,14.72,4.53,"Battle of Bologna, porticoes of Bologna, Piazza Maggiore, Diocesan Museum of San Petronio in Bologna, City Art Collections"
Bhawana,31.5661,72.6461,Pakistan,373841,22.07,30.1,14.72,1.37,"Памятник Айтеке би, Эвакогоспиталь 3601, Regional Kazhak Drama Theatre Takhavi Akhtanov, Мемориальная доска Отемису Алдабергеновичу Алдабергенову, Памятник классикам казахской литературы Т. Ахтанову и К. Шангитбаеву"
Oxnard,34.1964,-119.1815,United States,373423,25.36,24.69,16.68,1,"Masjid Al-I'tishom, Mushalla Al-Hamim, Masjid Al-Hidayah, Masjid Al-Itihad, Masjid Hadikatul Abror"
Bryansk,53.2425,34.3667,Russia,373310,24.69,25.36,16.68,1.5,"Central Line, Kijiweni Uvinza, Moromvian, Pentecostal Church Uvinza, Salt mine Uvinza"
Lipa City,13.9411,121.1622,Philippines,372931,24.66,25.33,16.66,1,"مسجد الراجحي, Abdullah Ash-Shurai'a Mosque, مصلى العيد, البيت, البيت"
Butuan,8.948,125.543,Philippines,372910,21.99,29.99,14.66,1.27,"İzzet Pasha Mosque, Saray Camii, İhsaniye Camii, Armenian Evangelical Church, Elâzığ, Yıkık Kilise"
Dikirnis,31.089,31.5948,Egypt,372871,21.98,29.97,14.65,1,"مسجد نبی اکرم ص, تپه باستانی زنجان, دار القرآن, کارخانه کبریت, مسجد بیت رقیه"
Takasaki,36.3219,139.0033,Japan,372639,25.3,24.64,16.65,1,Jai Prakash Narayan (Surhatal) Bird WLS
Ambon,-3.6967,128.1783,Indonesia,372249,25.3,24.63,16.64,1.42,"Oyo-Ile, Deeper Regional HQ, Roman Catholic Diocese of Oyo, CAC, Deeper life Church"
Indio,33.7346,-116.2346,United States,371926,21.96,29.95,14.64,1.37,"Dolores Chapel, St. John the Baptist Parish Church, Church of Taytay historical marker, Simbahan ng Taytay, Taytay United Methodist Church"
Malakwal,32.5531,73.2067,Pakistan,371869,21.95,29.94,14.64,1,"Eglise Amour Divin, Salle du Royaume des Témoins de Jéhovah, A T C, Eglise Ado, Assemblée Chretienne CADC/Eglise du christ au Congo de Kisenso I"
Toyohashi,34.7692,137.3915,Japan,371507,24.6,25.94,15.96,3.73,"Kali Mandir, Kali Mandir, Rishi Bankim Chandra Chattopadhyay's Residence and Museum, Dutch Church, Chinsurah, Chinsurah clock tower"
Chitungwiza,-17.9939,31.0481,Zimbabwe,371244,23.93,26.59,15.95,4.4,"Chafariz do Paço Real, Pelourinho de Sintra, Igreja de Nossa Senhora da Misericórdia de Sintra, Antigo repuxo manuelino da Vila de Sintra, Sintra National Palace"
Panshi,42.95,126.0667,China,370238,25.25,24.59,16.61,1.5,"Sultanlar Türbesi, Yarhasanlar Camii, Dervişali Cami, SULTAN HAMAMI, Cami"
Az Zubayr,30.3892,47.7081,Iraq,370000,21.93,29.91,14.62,1,"Harishchandra Cinema, Ganesh Mandir, Bhavani Mata mandir"
Bharatpur,27.6833,84.4333,Nepal,369377,21.92,29.89,14.61,1.23,"Jose Rizal historical marker, Church of God, Corazon C. Aquino, Tarlac Cathedral, Iglesia Ni Cristo - Locale of Tarlac City"
Petare,10.4833,-66.8167,Venezuela,369000,23.89,26.54,15.92,1.27,"築山御前首塚, 祐傳寺, Okazaki City Kyodokan, 岡崎市郷土館, 本願寺三河別院"
Mardan,34.2012,72.0258,Pakistan,368302,21.88,29.84,14.59,1,"Xawaalo Cadde, Cali Maxamuud, Qurac Gudle, Cali Xuub, Siyad Lugoole"
Nagano,36.6486,138.1947,Japan,367184,21.88,29.84,14.59,1,"鹅峰道观, 周凯纪念馆, 玉苍山国家森林公园"
Bauru,-22.3147,-49.0606,Brazil,366992,25.18,24.52,16.57,1,Mosque
La Florida,-33.5333,-70.5833,Chile,366916,25.16,24.5,16.55,1.1,"రేచర్ల పేట, Jesus Calls Kakinada Prayer Tower, కాకినాడ రూమ్, Temple, park"
Nicolás Romero,19.5833,-99.3667,Mexico,366602,21.85,29.79,14.56,1,"Savar Bazar Jame Mosque, Savar Bazer Jame Masjid, Bilash Cinema Hall Market বিলাস সিনেমা হল মার্কেট, Rana Plaza (Collapsed), বাটাজোর মানিকদ্বারা সালেহা মফিজ জামে মসজিদ"
Jinshan,25.1475,101.9764,China,366512,21.84,29.78,14.56,2.2,"Gral. Esteban Baca Calderon, Gral. D. Vicente Guerreo, Fuente del Poeta, Centenario Revulocionario, Multicinemas México"
Bochum,51.4819,7.2158,Germany,366385,21.84,29.78,14.56,1,古佛洞天
Baguio City,16.4119,120.5933,Philippines,366358,25.11,24.45,16.52,1.2,"مسجد, Masjid Ar-Rahmah, Al Huda Mosque, Hillat Al Najd Mosque, Kalamandalam"
Cibinong,-6.485,106.842,Indonesia,365387,21.78,29.7,14.52,5,"John Robert Godley, Chalice, Chief Post Office, Christchurch, Regent on Worcester, ChristChurch Cathedral Columbarium"
Sivas,39.75,37.0167,Turkey,365274,25.05,24.39,16.48,0,
Kolga,22.35,82.68,India,365253,21.74,29.65,14.5,4.3,"韩城城隍庙, Hancheng Confucian Temple, 韩城大禹庙, 陕西黄河湿地自然保护区（省级）, Wenxing ge"
Korba,22.3458,82.6963,India,365253,21.74,29.65,14.5,1.61,"泽错巴寺, gadan quguolin, Gangpori, Nedong Tsetsokpa, Trabuling"
Qardho,9.5004,49.166,Somalia,365000,25,24.34,16.45,1.33,"St Theresse, Westfield Youth Monument, Masjid Bilal, Taekwondo, Trinity Methodist Church"
Rio Branco,-9.9781,-67.8117,Brazil,364756,21.71,29.61,14.47,1.33,"Westfield Youth Monument, St Theresse, Masjid Bilal, Taekwondo, Trinity Methodist Church"
Tecámac,19.7131,-98.9683,Mexico,364579,23.68,26.32,15.79,1.76,"Australians of the Year Walk, Captain Cook Memorial Jet, Katie Bender, Captain Cook Memorial Globe, Katie Bender"
Alanya,36.55,32,Turkey,364180,24.3,24.96,16.42,1.1,"吹田市文化会館 メイシアター, 泉殿宮, 浄光寺, 日本キリスト教団 吹田教会, 天照皇大神宮"
Mandaue City,10.33,123.93,Philippines,364116,21.67,29.55,14.45,1.3,"Our Lady Of Lourdes Eternal Park, Gregorio Sanciangco Shrine, Birthplace of Gregorio Sanciangco, Iglesia ni Cristo, San Antonio de Padua Parish Church"
Victorville,34.5277,-117.3536,United States,363596,23.63,26.26,15.76,1.17,"Antiguo Ferrocarril, Iglesia de Campo Nuñez, Edificio Nacional, Neiva National Telegraph and Post Office Building, Iglesia Nuestras Señora de Aránzasu"
Kocaeli,40.7625,29.9175,Turkey,363416,22.96,26.89,15.74,1,"Rạp 26-3, Tượng Đại liệt Sĩ, Đài tưởng niệm, Khu lưu niệm Bác Hồ, Đền Võ Miếu"
Warri,5.5167,5.75,Nigeria,363382,23.58,26.2,15.72,1.77,"Florero ornamental, Andrés Avelino Cáceres, La Iglesia de Jesucristo de los Santos de los Últimos Días, Iglesia Inmaculada, Iglesia de la Merced"
Victoria,48.4283,-123.3647,Canada,363222,21.6,29.45,14.4,1,"Columna de la Independencia, Bola de agua, San Francisco, Capilla de Nuestra Señora de los Dolores, Catedral de Celaya"
Wŏnsan,39.1475,127.4461,"Korea, North",363127,24.18,24.84,16.34,1.4,"三八市の市神堂旧地, 真清田神社二の鳥居跡, 一宮市道路元標跡, 金刀比羅社(一宮市本町), 一宮市道路元標"
Iligan,8.23,124.25,Philippines,363115,21.57,29.41,14.38,2.13,"Apostolic Vicariate of Iquitos, San Agustin, Cinestar, Iglesia Matriz San Juan Bautista, Iglesia Matriz de Iquitos"
Anguo,38.418,115.327,China,363091,23.52,26.14,15.68,2.93,"Gobinda Kumar Home, Khadi Pratishtan, Baro Mandir Ghat, Rathindra Cinema, Jora Sib Mondir"
Coventry,52.4081,-1.5106,United Kingdom,362690,21.53,29.36,14.36,0,
Trenton,40.2237,-74.7641,United States,362501,22.83,26.74,15.65,1.03,"LIFE Connect Cainta, Central Cainta SDA Church, Christian Bible Baptist Mission, Cainta United Methodist Church, The Messiah Community Church"
Keelung,25.1333,121.7333,Taiwan,362487,21.52,29.34,14.35,2.85,"Anhui-Jiangxi Railway, Anhui-Jiangxi Railway, Anhui-Jiangxi Railway, Anhui-Jiangxi Railway, Anhui-Jiangxi Railway"
Geita,-2.8714,32.2294,Tanzania,361671,21.49,29.3,14.33,1,"Mosque, مسجد, Mosque, Mosque, Al Rahma Mosque"
Ivanovo,56.9967,40.9819,Russia,361644,24.09,24.74,16.28,1,"Église protestante évangélique de Mamou, Mosquée"
Cuenca,-2.8974,-79.0045,Ecuador,361524,21.48,29.29,14.32,2.2,"Afa Gallery, Scranton Iron Furnaces, Gas House, Riviera Theatre, Artworks Gallery & Studio"
Caerdydd,51.4817,-3.1792,United Kingdom,361469,22.77,27.33,14.96,1.2,"A Igreja de Jesus Cristo dos Santos dos Últimos Dias, Salão do Reino das Testemunhas de Jeová, Cemitério Caminho do Céu, Fonte, Paróquia Santos Apóstolos"
Blumenau,-26.9189,-49.0658,Brazil,361261,21.46,29.26,14.31,1.07,"DHA Graveyard, Lahore, PAF Masjid, PAF Cinema, St. Mary Magdalene Church, 1857, Sacred Heart Cathedral"
Nanqiao,30.9167,121.4547,China,361185,23.4,26,15.6,1.62,"Shiv Mandir, Shiv Mandir, All Saint's Church, Ancient site at Khokra Kot, Sheela Talkies"
Hrodna,53.6667,23.8333,Belarus,361115,21.44,29.23,14.29,1,"Gurdwara Sahib Haw Da Naara, Gurdwara Sahib, gurudwara, dharmsala, smadh"
Florence,43.7714,11.2542,Italy,360930,21.43,29.22,14.29,1,"Bilal Mosque, Darbar Fateh Shah.."
Buurhakaba,2.7837,44.0833,Somalia,360795,24.01,25.3,15.57,1.2,"First Presbyterian Church, Oxnard Community Christian Church, Saint Paul United Methodist Church, Strand Theater, Foursquare Gospel Church"
Bengkulu,-3.7956,102.2592,Indonesia,360495,24.65,24,16.22,2.33,"Площадь Карла Маркса, Karla Marksa Square (former Krasnaya Square, Bryansk), В. И. Ленину и М. Горькому, Bryansk Regional Theater for Young Spectators, Тютчеву"
Caxias do Sul,-29.1678,-51.1789,Brazil,360419,23.34,25.93,15.56,1.5,"Archdiocese of Lipa, Lipa Cathedral, Fidel A. Reyes, Cathedral of Lipa, Archdiocese of Lipa"
Malmö,55.5833,13.0333,Sweden,360249,21.38,29.15,14.25,1.4,"Diocese of Butuan, Bell Tower, The Raising of the Philippine Flag in Mindanao, Saint Joseph Cathedral, Datu Silongan"
Shuanghe,30.3746,106.7903,China,360000,24.62,23.97,16.2,1,"Tariq Ibn Ziad, جامع أبو حلاوة, جامع العجمي, Al Kabeer, Belal"
Pétion-Ville,18.5098,-72.2856,Haiti,359615,21.37,29.14,14.25,1.33,"Takasaki City Hall, 群馬シンフォニーホール, Gunma Music Center, 高崎シティギャラリー, 日宮山光明寺"
Dengtacun,41.4333,123.3333,China,359401,21.35,29.12,14.24,1.2,"Al Fatah Mosque, Masjid Jami, Gereja Hok Im Tong, Tugu Trikora (Monolith), Masjid Al Mujahidin"
Huntsville,34.6981,-86.6412,United States,359389,21.3,29.05,14.2,1,"Trinity Baptist Church, People of Harvest Fellowship Church, Independent Evangelical Church, Fountain of Living Water Church, Cine-Mex Theatre"
Utrecht,52.0908,5.1217,Netherlands,359370,24.52,23.87,16.13,1,"Darbar Shareef Chak Saida, Sabri Darbar Kalas Shareef, Shrine of Hazrat Pir Saidan Shah, Gulzar-e-Saidan, SHRINE OF SYED SHAIR ALI SHAH KIRMANI"
Palu,-0.895,119.8594,Indonesia,359350,21.29,29.03,14.19,1.33,"豊橋カトリック教会, 中村道太碑, 到着櫓跡, 二の丸口門跡, 冠木門跡"
Sīkar,27.62,75.15,India,359293,23.83,25.12,15.46,1,"Salvation Army Church, ZAOGA FIF Zengeza 2 District, St Marys, Baptist Church, Glory Ministries International"
Umuahia,5.5333,7.4833,Nigeria,359230,24.45,23.81,16.09,0,
Wuppertal,51.2667,7.1833,Germany,358938,21.19,28.89,14.13,1.07,"مركز الاما الشافعي, مسجد الخال, جامع الاحسائية, جامع الزهيريه, جامع الدروازه"
Palmira,3.5833,-76.25,Colombia,358895,21.15,28.84,14.1,1,"Mandir, Shri Chitwan Kalika Mandir, Hanuman Mandir, Bharatpur Baptist chruch, Jeewan Dhital's home"
Alicante,38.3453,-0.4831,Spain,358720,24.35,23.71,16.02,1.47,"Cines Unidos, Parroquia San Juan Evangelista, Iglesia San Juan Evangelista, Cementerio de Petare, Iglesia Nuestra Señora Del Rosario"
São José do Rio Prêto,-20.82,-49.3789,Brazil,358523,21.1,28.78,14.07,1.07,"Defence Colony, Kashmir Smast, Nehar masjid / نہر مسجد, Dr. Abdul Qadeer Chowk, Sardar Ali Khan’s House"
Ash Shuhadā’,30.5968,30.8993,Egypt,358486,24.3,23.66,15.99,1.23,"菊屋稲荷社, 日本キリスト教団信州教会, 諏訪社, Anniversaire Nagano, 金属と樹液の距離"
Ondo,7.0833,4.8333,Nigeria,358430,21.04,28.69,14.03,3.2,"Quartel da Policia Militar do Estado de São Paulo Building, Cemitério da Saudade, Frontispiece of the Cemetery of Saudade, Cinepolis, Igreja Evangelica"
Vitsyebsk,55.1917,30.2056,Belarus,358395,21.03,28.68,14.02,1.1,"Augustinians, Chile, Iglesia la Florida, Santa's House, Iglesia Alianza Cristiana y Misionera, Seminario Verbo Divino"
Sasarām,24.95,84.03,India,358283,24.19,23.55,15.92,1,"Iglesia De San Martin, Los Kopicinos, Capilla del Espíritu Santo, Iglesia Espíritu Santo, Espiritu Santo"
Sultanbeyli,40.9683,29.2617,Turkey,358201,20.99,28.62,13.99,2,"Kunchuda High-speed Railway, Yubacun Railway Station, Kunchuda High-speed Railway, Kunchuda High-speed Railway, Kunchuda High-speed Railway"
Xunyang,32.8341,109.3653,China,357876,24.17,23.54,15.9,1.57,"Franziska Strauß geb. Reichenberg, Jacob Strauß, Glocke des Bochumer Vereins, Dr. Otto Ruer, Karl Klüner"
Taraz,42.9,71.3667,Kazakhstan,357795,24.13,23.5,15.88,1.33,"Youth Fountain, Bust of Daniel Hudson Burnham, Youth Fountain, Swan Boat, Rizal Monument"
Cubal,-13.0333,14.25,Angola,357618,22.21,26.65,14.59,1,"Mesjid, MASJID AL ITTIHAD, Masjid Al Ittihad, Masjid Jami Assyada LIPI, Mesjid"
Anda,46.424,125.352,China,357535,20.94,28.55,13.96,1.47,"Noterligig, Buruciye Medresesi, Paşa Cami, Tarihi Kale Cami, Sivas Congress and Ethnography Museum"
Luena,-11.7918,19.9062,Angola,357413,20.91,28.51,13.94,1,"SHIV MANDIR, KALI MANDIR, Sai MANDIR, RADHA KRISHNA MANDIR, VAISHNAV MANDIR"
Karnāl,29.686,76.989,India,357334,24.07,23.44,15.84,1,"SHIV MANDIR, KALI MANDIR, Sai MANDIR, RADHA KRISHNA MANDIR"
Gonaïves,19.4456,-72.6883,Haiti,356324,22.13,26.55,14.54,1.06,"Said mosque, Masjid Rahma, Majidu Al Huda, Masjid Abu Huraira, Bilal Mosque"
Vinnytsia,49.2333,28.4833,Ukraine,356303,20.8,28.36,13.87,1.6,"Praça dos Tocos, Catedral Nossa Senhora de Nazaré, Fonte, Praça dos Seringueiros, Palácio Rio Branco"
Minatitlán,17.9833,-94.55,Mexico,356020,23.95,23.32,15.76,1,"Reloj Tecámac, Virgen del sitio 168 de Tecamac, Cinépolis Tecámac, Campana Bicentenario, Parque Estatal Sierra Hermosa"
Linxia Chengguanzhen,35.6047,103.2422,China,355968,20.72,28.26,13.81,1.33,"Alanya Ataturk House Museum, Hacı Memişler Cami, Nezahat Tokuş Cami, Ali İmam Cami, Elaksa Cami"
Brahmapur,19.315,84.7941,India,355823,20.71,28.24,13.8,1,"ikthus Time Square, Upside Down World Cebu, San Jose Chapel, San Roque Parish, Mandaue City Cementery"
Modesto,37.6375,-121.0028,United States,355686,20.69,28.21,13.79,1.07,"High Desert Church, The Church of Jesus Christ of Latter-day Saints, Victor Valley Baptist Church, Saint Mary Coptic Orthodox Church, Christian Covenant Church"
Caucaia,-3.7328,-38.6558,Brazil,355679,21.92,26.3,14.4,1.73,"Nicomedia, İzmit Central Station, Atatürk Anıtı, Kocaeli Museum, old train"
Cabuyao,14.275,121.125,Philippines,355330,22.45,24.95,14.97,1.03,"Roman Catholic Diocese of Warri, St. Andrew's Anglican Church, Sacred Heart Cathedral, Jehovah's Witnesses, Assemblies of God Church"
Gedaref,14.0333,35.3833,Sudan,354927,23.67,23.05,15.57,4.27,"Victoria City Hall, British Columbia, The Hands of Time: Carrying Books, Victoria City Hall, Victoria Fire Fighter Memorial, City Hall Annex"
San Fernando,15.03,120.68,Philippines,354666,23.62,23,15.54,1.64,"Pashini-3 Train, Man Gyong Bong 92, 위대한 김일성동지와 김정일동지 동상, Wonsan Historical Museum, 송도원청년야외극장"
Kawagoe,35.9251,139.4858,Japan,354598,23.61,22.99,15.54,1.1,"Anahaw Amphitheater, City Church of Praise, City Church Of Praise - CCOP, Inc., Faith harvest, Redemptorist"
Pokhara,28.2097,83.9853,Nepal,353841,23.59,22.97,15.52,4.5,"Roman Catholic Diocese of Anguo, 安国药王庙"
Nice,43.7034,7.2663,France,353701,23.5,22.88,15.46,4.77,"Statue of Lady Godiva, Self Sacrifice (Lady Godiva), Broadgate Standard, Broadgate House, Levelling Stone"
Villahermosa,17.9892,-92.9281,Mexico,353577,24.09,22.24,15.44,2.37,"Mount Nebo Glorious Tabernacle, Iglesia Asamblea de Cristo, The Annex Friendship Baptist Church, Friendship Baptist Church, The Word Sanctified Church"
Wakayama,34.2333,135.1667,Japan,353299,23.44,22.83,15.42,1.2,"An-le Presbyterian Church, Catholic Sacred Heart of Jesus Church, 慈雲寺, 學校教堂, 通淮宮"
Mahilyow,53.9167,30.35,Belarus,353110,23.43,22.81,15.42,1.08,"Geita Roman Catholic church, Roman Catholic central church, Roman Catholic Nyankumbu, jimbo kuu geita, KB Hotel"
Osh,40.5333,72.7833,Kyrgyzstan,353080,23.37,22.76,15.38,3.5,"Гостиница «Покровские номера» Н.В. Дунюшкиной (Иваново), Dm. Semenovskiĭ, Кокуй и Покровская улицы, Склады (Иваново), Застройка улицы Советской"
Kita-ku,35.75,139.7333,Japan,353058,22.76,23.37,15.38,1.73,"monument to Abdón Calderón, Cuenca, Homenaje a Luis Vargas Torres, Catedral Vieja, Catedral de la Inmaculada"
Gimpo,37.7,126.6,"Korea, South",352683,23.36,22.74,15.37,5.2,"Pizza Hut, Burger King, Aneurin Bevan, Jian Chen's FINE ART, Wartime Shelters"
Corrientes,-27.4833,-58.8167,Argentina,352646,23.33,22.72,15.35,2.27,"Imóvel situado à Rua XV de Novembro, 1.050, Campanário da Igreja Matriz, Padre José Maria Jacobs, Igreja São Paulo Apóstolo, Teatro Carlos Gomes"
Thari Mir Wah,27.0683,68.6023,Pakistan,352491,21.49,25.17,14.73,1.4,"沈家花园旧址, 南橋无原罪始胎圣母堂, 张翁庙, 上海之鱼向日葵, 花米庄行"
Nara,34.6844,135.805,Japan,352377,21.48,25.78,14.12,1.69,"Battle of Grodno, First Battle of Grodno, Счастный И. А., Международное общество Сознания Кришны, Курбатов М. Т."
Vladimir,56.1286,40.4058,Russia,352347,23.24,22.63,15.29,3.17,"Colonna dell'Abbondanza, Colonna dell'abbondanza, chiesa di Sant'Andrea, Church <san Pier Buonconsiglio, Convent San Marco"
Sinŭiju,40.1,124.4,"Korea, North",352000,23.24,22.63,15.29,0,
Oruro,-17.9667,-67.1167,Bolivia,351802,23.24,22.63,15.29,1.13,"Mushola Fatimah An-Nur, Masjid Muhajirin, Masjid Muhajirin Kelurahan Kebun Gran, Masjid Munawwarah, Masjid Nurul Hudha"
Arkhangelsk,64.5431,40.5375,Russia,351488,23.2,22.58,15.26,1.3,"Estátua da Liberdade, Teatro Municipal, Catedral Diocesana de Caxias do Sul, Galeria Municipal de Arte, Museu Municipal de Caxias do Sul"
Batangas,13.83,121,Philippines,351437,23.16,22.56,15.24,3.13,"Västra Skrävlinge 4:1, Rosengård Centrum, Sankt Matteus kyrka, Sofielunds församling, Gurdwara Malmö Skäne Sweden"
Ahmadnagar,19.08,74.73,India,350859,23.16,22.55,15.24,1,"云顶山动物园, 银鼎山"
Varna,43.2114,27.9111,Bulgaria,350745,23.13,22.52,15.22,1.07,"Eglise de Jésus-Christ des Saints des Derniers Jours, Église Saint-Pierre, Artisans de Place Saint-Pierre, église St-Jean-Bosco de Pétion-Ville, Cabane Choucoune"
Tarsus,36.9165,34.8951,Turkey,350732,23.13,22.52,15.22,1,李兆麟将军纪念碑
Sarıyer,41.1669,29.0572,Turkey,350454,21.29,24.94,14.6,1.43,"Redstone Arsenal Post Chapel, First Seventh Day Adventist Church, Huntsville Botanical Gardens, Ward Mountain, Space and Rocket Center Grounds"
Semey,50.4333,80.2667,Kazakhstan,350201,23.09,22.48,15.19,3.57,"Homomonument in Utrecht, DOMunder, Traiectum, Verzetsmonument, De ondergrondse restanten van het Romeinse castellum Traiectum en van bouwwerken uit de latere middeleeuwen op het Domplein"
Holguín,20.8872,-76.2631,Cuba,350191,23.09,22.48,15.19,1,"Mesjid Jami, Masjid Al Ikhsan, Kantor, Mesjid Al Kautsar, Mesjid Agung Darussalam Palu"
Tungi,23.8915,90.4023,Bangladesh,350000,22.45,23.05,15.17,1.55,"Cinema Hall-1, Animals Zoo, LORD GANESH JI TEMPLE, Ali Masjid Surya Nagar, MAATAJI temple"
Godē,5.9527,43.5516,Ethiopia,350000,23.05,22.45,15.17,1.14,"Living Faith Church, St Peter's Anglican Church, Roman Catholic Diocese of Okigwe, St. Theresa (Chibugwumba Parish), Holiest of Holies"
Sawrān,36.6532,44.5441,Iraq,350000,23.05,22.44,15.16,4.72,"Arboretum Burgholz, Eben-Ezer-Kapelle, Wuppertal Schwebebahn, Schwebebahn station Loher Brücke, Unterbarmer Hauptkirche"
An Nhơn,13.917,109.083,Vietnam,350000,23,22.4,15.13,1,"Capilla, Salón del Reino de los Testigos De Jehová, Parroquia del Sagrado Corazón de Jesús, Centro Recreativo Comfandi Tablones, Museo de la Caña de Azúcar"
Olinda,-8.0089,-34.855,Brazil,349976,22.93,21.72,15.69,4.7,"Second siege of Alicante, Casa Campos Carrera, Església de Sant Nicolau, Palau de Die, Carrer Miguel Soler, 12"
Praia Grande,-24.0058,-46.4028,Brazil,349935,22.87,22.27,15.05,1.27,"Paróquia Imaculado Coração de Maria, Museu de Arte Naif, Museu de Arte Primitivista José Antônio da Silva, Monumento Aos Voluntários de 32, Cemitério da Ressurreição"
Shinjuku,35.7014,139.7097,Japan,349385,21.05,24.66,14.44,1.18,"Denshway Museum, طوخ دلكة, Ezbet Khadr, Sidi Hassan, Al-Sayeda Al-Azraa' Church"
Antofagasta,-23.65,-70.4,Chile,348517,21.04,24.64,14.42,1,"Hill, Hills, Hill, Central Mosque, St. Luke Anglican Church"
Meram,37.8364,32.4383,Turkey,348325,22.82,22.21,15.01,2,"статуя ""Лев Марко"", ""Piramida"" (The Pyramid), Павлин, Рояль, Глобус ""Витебск"""
Cascavel,-24.9558,-53.4553,Brazil,348051,22.78,22.19,14.99,2.9,"Sasaram Ashoka inscription, Pilot Baba Ashram, Tomb of Hasan Shah Suri, Gurdwara Sahib Chacha Phagu Mal ji Sasaram, Tomb of Sher Shah Suri"
Pamukkale,37.9167,29.1167,Turkey,347926,20.98,24.57,14.38,1,"Sultanbeyli Dumlupınar Cami, Dumlupınar Camii, Sultanbeyli cemetery, Fatih Sultan Mehmet Mezarlığı, Aycan turizm"
Canoas,-29.92,-51.18,Brazil,347657,22.77,22.17,14.98,0,
Takatsuki,34.8461,135.6175,Japan,347496,22.76,22.16,14.98,1.43,"Толе би, Койгельды, Погибшим полицейским, Погибшим полицейским, Рыскулбекову"
Yidu,30.378,111.45,China,347388,22.75,22.16,14.97,0,
António Enes,-16.2308,39.9105,Mozambique,347175,20.95,25.14,13.77,0,
Plovdiv,42.1434,24.751,Bulgaria,346893,22.74,22.14,14.96,2,Roman Catholic Diocese of Lwena
Central Coast,-33.3,151.2,Australia,346596,20.94,24.53,14.36,2.46,"Gurdwara Manji Sahib, Shri Krishna Mandir, Shiv Mandir, super mall movie times, Karnal city Kos Minar"
Honolulu,21.3294,-157.846,United States,346323,22.72,22.13,14.95,1.03,"Rond point, Madan kolo, Statut madan kolo, Madan kolo, Gonaïves Cemetery"
Karşıyaka,38.4594,27.1153,Turkey,346264,21.5,23.89,14.33,2,"Fountain ""ROSHEN"", Central Bridge, Центральний міст, АвтоМотоВелоФотоРадіо музей ретро-техніки, Жертвам Чорнобиля"
Shāhjānpur,27.88,79.91,India,346103,22.64,22.04,14.89,1,"Capilla Espiritu Santo, Iglesia Cristiana, monumento a Jose Maria Morelos y Pavon, Iglesia Semillero del Reino, San Pedro"
Gwagwalada,8.9392,7.0758,Nigeria,346000,22.56,21.97,14.84,1.03,"临夏州博物馆, 临夏民族大剧院, 尕庙台, 毛园清真寺, 摩天轮"
Āvadi,13.1147,80.1098,India,345996,21.34,23.72,14.23,1.5,"Roman Catholic Diocese of Berhampur, Gajapati Narayana Deva, Mahatma Gandhi, Paramjyoti, Bijupattnaik Park"
Tanch’ŏn,40.458,128.911,"Korea, North",345875,22.52,21.92,14.81,1.63,"Saint Paul Missionary Baptist Church, Saint Stanislaus Roman Catholic Church, Pentecostal Church of God, Modesto Theatre, Clinton African Methodist Episcopal Zion Church"
Greensboro,36.0956,-79.8271,United States,345858,20.71,24.26,14.2,1.23,"Primeira Igreja Batista de Caucaia, Igreja de Nossa Senhora dos Prazeres, Casa de Câmara e Cadeia, Estátua de Nossa Senhora do Prazeres, Anfiteatro de Caucaia"
Khānāpur,15.6394,74.5083,India,345839,22.46,21.87,14.78,1,"Locale of Cabuyao, ADD Cabuyao Coordinating Center, Ang Dating Daan Church, Pasture of Heaven, Cabuyao Cemetery"
Wad Medani,14.4,33.51,Sudan,345290,21.86,22.45,14.77,1,"Mosque, HASSAN EL BASHEER, Jabal Tawawi, Jabal Abayo, Jabal Saraf al Bowadra"
Fort Wayne,41.0888,-85.1436,United States,345279,22.44,21.85,14.76,1.67,"Sacred Heart Chapel, Tiburcio Hilario historical marker, Pedro Abad Santos historical marker, Jose Abad Santos historical marker, Santo Niño Parish Church"
Kūstī,13.17,32.66,Sudan,345068,20.04,25.35,13.56,1.53,"太田道灌公像, 川越城大手門跡, Sukaraza Theater, 神祠一新記, 本町稲荷神社"
Belfast,54.5967,-5.93,United Kingdom,345006,22.39,21.8,14.73,1,"Lakhan Thapa Magar sculpture, Kingdom Hall of Jehovah's Witnesses, Midtown Cinemas, Shiva Mandir, Shiva Mandir"
Cuddapah,14.47,78.82,India,344893,22.35,21.76,14.7,2.67,"Nice, la ville neuve née du tourisme, ou l’invention de la Riviera, Basilique Notre-Dame, Gaumont Pathé Paris, Square Notre Dame, Église adventiste"
Nakano,35.7074,139.6638,Japan,344880,21.7,22.29,14.66,1.5,"First Battle of Tabasco, Museo de Historia Natural José Narciso Rovirosa, Museo de Antropología Carlos Pellicer, Second Battle of Tabasco, Cathedral of the Lord, Villahermosa"
Yong’an,25.942,117.365,China,344793,22.27,21.68,14.65,1.3,"寄合橋, 南方熊楠生誕地碑文, 愛聖チャペル, 水門神社, Wakayama City Children's Museum"
Alamādi,13.1097,80.0972,India,344701,22.26,21.67,14.64,2.9,"Pieršamajskaja Street 83, Mahilioŭ, Пуцеправод па Першамайскай вуліцы, Илья Семёнович Бараночников, Александр Петрович Мельников, Church of the Three Holy Hierarchs in Mahilioŭ"
Carapicuíba,-23.5228,-46.8358,Brazil,344596,22.23,21.06,15.21,1.53,"Sulaiman-Too Sacred Mountain, View of Osh, Мечить, Zahiriddin Muhammad Babur's mosque on Sulayman Throne (Buratog), Sulayman-Too"
Anaheim,33.839,-117.8574,United States,344553,20.47,23.98,14.04,2.03,"正受院, 阿弥陀堂, 本智院, 金剛寺, Otonashi Water Park"
Brest,52.1347,23.6569,Belarus,344470,22.21,21.63,14.61,1.1,"Tongjin Catholic Church, 통진두레문화센터, 청룡사, Myodeoksa, Gimpo Auto Cinema"
Ōtsu,35.0167,135.85,Japan,343991,22.21,21.62,14.61,1.5,"Corrientes, Cinemacenter, Escuela Hogar, Iglesia Evangélica UEA, Capilla San Pablo"
Maseru,-29.31,27.48,Lesotho,343541,20.45,23.95,14.02,0,
Pavlodar,52.3,76.95,Kazakhstan,343091,22.18,21.6,14.59,2.1,"弥生時代前期の水田跡, 奈良県コンベンションセンター, Remains of HeijokyoSakyo Sanjo Nibo Palace Garden, 奈良市美術館, 東一坊大路"
Chon Buri,13.3611,100.985,Thailand,342959,22.18,21.59,14.59,1.83,"The building of the City Duma (Vladimir), Ленин В.И., Андрей Рублев, Панно ""Владимирская область"" на стене, Мастерская шоколада"
Naga City,13.6244,123.1864,Philippines,342769,22.18,21.59,14.59,2.12,"평안북도당위원회혁명사적지, Kim Il Sung Monument, Sinuiju Theatre, Sino-Korean Border Point, Amnok(Yalu) River Broken Bridge"
Vahdat,38.5531,69.0206,Tajikistan,342700,22.1,21.52,14.54,1.93,"El Minero, Museo Minero del Socavón, Iglesia Santo Domingo, Monumento a la Virgen Candelaria, Santuario de Socavón"
Florianópolis,-27.5933,-48.553,Brazil,342315,22.09,21.51,14.53,4.03,"Мираж Синема, Надворные флигели (Архангельск), Усадьба А.В. Прокопьева (Архангельск), Главный дом (Архангельск), Городская усадьба Прокопьева И.В. (1912)"
Paulista,-7.9408,-34.8728,Brazil,342167,22.09,21.5,14.53,1,"Kaliyos Chapel, Sir Dylan Place, Filipinas Memorial Park, Padre Pio Memorial, Lokal ng Inicbulan"
Sfax,34.74,10.76,Tunisia,341999,20.34,24.41,13.37,2.03,"Vaishnav Devi Mandir, Kinetic chauk, Gate near Niyamat Khan's Place, Old tomb near Changiz Khan's palace, City Museum"
Rājahmundry,16.98,81.78,India,341831,22.02,21.45,14.49,2.1,"Christian Evangelical Baptist Church, Джамия, St. Petka, Къща музей на Георги Велчев, Евангелска Баптистка църква"
Koshigaya,35.8911,139.7909,Japan,341784,22.01,21.43,14.48,1.8,"Danyal Peygamberin Türbesi, Mausoleum of Danyal, Kubat Paşa Medresesi, Tarsus Grand Mosque, Ancient Road"
Hongjiang,27.191,109.819,China,341706,22,21.42,14.48,1.33,"Ali Kethüda Camii, Sarıyer Yeni Merkez Camii, Nejat Uygur Sahnesi, Yenimahalle Camii, Aya Yani Rum Ortodoks Kilisesi"
Yeşilyurt,38.2961,38.2489,Turkey,341654,22,21.42,14.47,1.13,"Музей Турксиба, Памятник Кабанбай-Батыру, нгкенгег, Вагон смерти, Айгерим"
Vũng Tàu,10.3833,107.1167,Vietnam,341552,22,21.42,14.47,1,"Frexes, Obispado de Holguin, Iglesia Fraternidad Bautista, Cine Estatal 3D, Maison Alyn"
Jeonju,35.8167,127.15,"Korea, South",341545,21.99,21.41,14.47,1,"Gode mosque, Al-Nuur Mosque, church, Zonal Administrator House , Gode Masjid"
Alwar,27.5498,76.6355,India,341422,20.24,23.71,13.88,1,"Chùa Thiên Hưng, Thành Đồ Bàn, Hoang De Citadel, Canh Tien Tower, An Nhon Cao Dai Temple"
Huadian,42.972,126.746,China,341308,21.95,21.37,14.44,1,"Soran, Great Mosque of Soran, Galala Mosque, Saed Nursi Mosque, Chami Rezan Mosque"
Tokorozawa,35.7996,139.4686,Japan,341289,20.2,23.66,13.85,1,"Paschim Arichpur Jame Mosjid, Tongi Hospital Mosjid টঙ্গি হাসপাতাল মসজিদ, Anarkoli Cinema Hall, Champakoli Cinema Hall চম্পাকলি সিনেমা হল Tongi - Ghorashal Hwy, Shahi Darbar Masjid"
Sumqayıt,40.5961,49.67,Azerbaijan,341200,21.92,21.35,14.42,3.9,"Church of Saint John the Baptist of the Military, Espaço Ciência - Museu de Ciência, Igreja Nossa Senhora de Guadalupe, Church of Our Lady of the Rosary of the Black People, Museu do Carteano"
Vitória da Conquista,-14.8661,-40.8394,Brazil,341128,21.9,21.33,14.41,1.27,"Grupo Espírita União, Lar Espírita Paz e Amor, Morro Xixova, Parque Estadual Xixová-Japuí, Casa do Amigo"
Yamoussoukro,6.8161,-5.2742,Côte d’Ivoire,340234,22.46,20.73,14.4,1.33,"Tokyo Central Church, Kannon-an Temple, Goodnews DongKyeng Church, 東京中央教会, Mt. Hakone Yama"
Buôn Ma Thuột,12.6667,108.05,Vietnam,340000,21.86,21.29,14.38,2.63,"Teatro Pedro de la Barra, Escuela D-73, Lenka Franulic Zlatar, Casa de la Cultura Andrés Sabella, Adriana Zuanic"
Corpus Christi,27.7254,-97.3767,United States,339432,21.85,21.28,14.38,1,"Lalebahçe Cami, Kaynakçı Ömer Cami, Çalıklı Cami, Mezarlık, Lale Bahçe Çakılırmak Cami"
Fort Collins,40.5477,-105.0656,United States,339256,21.85,21.27,14.37,1.17,"Catedral Nossa Senhora Aparecida, Museu de Arte de Cascavel, Teatro Municipal de Cascavel, Museu de Arte de Cascavel, Parque Ecológico Municipal Paulo Gorski"
Mishan,45.5298,131.8466,China,339103,22.42,20.7,14.37,2.27,"pamukkale thermal pools- Turkish natural spa, Pamukkale Büyük Cami, Бесплатные травертины, Pamukale, Sunset viewpoint (open path)"
Makiivka,48.0556,37.9611,Ukraine,338968,21.83,20.69,14.94,1.1,"Congregação Evangélica Luterana Castelo Forte, A Igreja de Jesus Cristo dos Santos dos Últimos Dias, O Futuro, Museu Hugo Simões Lagranha, Praça do Avião"
Islip,40.7385,-73.1888,United States,338784,21.76,21.19,14.32,1.4,"地蔵菩薩, からころ, 永井山 淨因寺, 浄行寺, 貴船稲荷大明神"
Cuernavaca,18.9186,-99.2342,Mexico,338650,21.76,21.18,14.31,1.4,"文峰公园, 宜都剧场, 滨江公园, Baiyang Yangtze River bridge, 龙泉寺"
Markham,43.8767,-79.2633,Canada,338503,21.71,21.14,14.28,1,"Museu, Mesquita Central, Igreja Catolica, Mesquita, Praça dos Heróis de Moçambique"
Bielefeld,52.0211,8.5347,Germany,338410,19.94,23.93,13.1,2,"UTOPIA Art & Design House, Forum Odeon, Library of Philippopolis, Roman Forum, Forum of Philippopolis"
Bydgoszcz,53.1219,18.0003,Poland,337666,21.65,21.08,14.24,1.33,"Mangrove Mountain Union Church, Mangrove Mountain Cemetery, Mangrove Mountain, Tange Lookout, Serbian Orthodox Church"
Chinju,35.2,128.0833,"Korea, South",337230,21.65,21.08,14.24,3.37,"First Unitarian Church of Honolulu, Central Seventh Day Adventist Church, H. Alexander Walker Residence, Royal Mausoleum of Hawaii, Kapena Falls"
Reading,51.4542,-0.9731,United Kingdom,337108,22.2,20.49,14.23,1.59,"Süs Havuzu, Latife Hanım Memorial House, Hacı Osman Paşa Camii, Latife Hanım Memorial House, Zübeyde Hanım Anıt Mezarı"
Randburg,-26.0936,28.0064,South Africa,337053,21.61,21.05,14.22,0,
Iwaki,37.0505,140.8877,Japan,336111,21.58,20.44,14.77,1,"Christ Apostolic Church, Christ Apostolic Church, COCIN church, Chukuku Hill"
Oshawa,43.9,-78.85,Canada,335949,21.57,21,14.19,1.27,"Masilamaniswara Temple, Thirumullaivoyal, Full Gospel Telugu Baptist Church, pillayar temple, pillayar temple, Ramarathna Theatre"
Bonn,50.7353,7.1022,Germany,335789,21.54,20.97,14.17,0,
Sambalpur,21.47,83.97,India,335761,21.5,20.94,14.15,2.2,"Regal Cinemas, Benjamin Park Bog Garden, On the Fence, The Sundial, Tanger Bicentennial Gardens"
Santo Domingo de los Colorados,-0.2542,-79.1719,Ecuador,334826,19.75,23.7,12.98,1.5,"Jamia Masjid, Gajbarsab Sab Darga, Jama Masjid, Rajahamsagad (fort), Two Kadamba inscriptions dated Kaliyuga 4270 & 4272 in the temple of Narasimha."
Uruapan,19.4208,-102.0628,Mexico,334749,21.43,20.86,14.1,1,"مسجد شاطوط العتيق, مسجد التجانية, مسجد ود مدني السني, جامع العتيق, مسجد الدندراوية"
Lublin,51.25,22.5667,Poland,334681,21.43,20.86,14.1,2.3,"Wells Theatre, Dr. Martin Luther King Jr. Memorial Bridge, Helitec I, Sera, St. Vincent Villa Historic District"
Porto Velho,-8.7619,-63.9039,Brazil,334661,21.42,20.3,14.66,1,"Kosti Great Mosque, Mosque, Agbaat Church, Alkhatmia Mosque, الراوات"
Licheng,24.5,110.4,China,334527,21.41,20.85,14.09,1.83,"Queen Victoria Monument, Belfast City Hall, James Horner Haslett, Sir Daniel Dixon, Titanic Memorial"
Huichang,34.9073,112.7914,China,334213,21.4,20.84,14.08,1.37,"Murali theater, Ravi Sudha Prathap group theaters, C S I church, Vishwam Pedhannayya Jayasri theaters, Bhagwan Mahavir Government Museum"
Tampere,61.4981,23.76,Finland,334112,21.36,20.8,14.06,1.2,"nakano sunplaza hotel, 幸福の科学, 守護神, The Pocket, Gekijo MOMO"
Antioch,37.9787,-121.796,United States,333347,21.3,20.74,14.02,1,"白叶盂山, Tiandou Mountain, 天斗山"
Muzaffarpur,26.1225,85.3906,India,333200,21.25,20.69,13.98,1.2,"pillayar koil, pillayar temple, Murugan Temple, pillayar temple, Karumari Amman Koil"
Chita,52.05,113.4667,Russia,333159,21.23,20.67,13.96,1,"Primeira Igreja Presbiteriana Independente de Carapicuíba, Paróquia Nossa Senhora Aparecida, Salão do Reino das Testemunhas de Jeová, Assembléia de Deus, Salão do Reino das Testemunhas de Jeová"
Viña del Mar,-33.0244,-71.5517,Chile,332875,19.53,22.88,13.39,1.3,"Rio Vista Park, North Orange Christian Church, The Church of Jesus Christ of Latter-day Saints, Autonetics Monument, The Main Place Christian Fellowship"
Khipro,25.823,69.377,Pakistan,332833,21.16,20.61,13.92,1.53,"Оборонительная казарма Б-В, Форт № 8 (Б), Category:Orthodox church of Our Lady ""Joy of All Who Sorrow"" in Brest, Церковь всех скорбящих радость, могила Телепнева"
Asan,36.7836,127.0042,"Korea, South",332790,21.16,20.6,13.92,2,"Otsu City Museum of History, 光浄院客殿, 園城寺新羅善神堂, Enman-in, 弘文天皇陵"
Nukus,42.4667,59.6,Uzbekistan,332500,21.13,20.57,13.9,1.17,"St James Anglican Cathedral, grave yard, United Church, Old Post Office, Makoanyane Square"
Chak Jhumra,31.5667,73.1833,Pakistan,332461,21.13,20.02,14.46,1.2,"Т-34, Дом-музей Шафера, Художественный музей, Апполон, Памятник Баян — батыру"
Simferopol,44.9519,34.1022,Ukraine,332317,21.12,20.57,13.9,1.4,"Wat Yai Intharam, ฟอรัม, Wat Khruea Wan, Wat Klang, Wat Thep Phuttharam"
Konak,38.4189,27.1285,Turkey,332277,21.1,20.55,13.88,2,"San Francisco Church, Church of San Francisco historical marker, Fifteen Martyrs of Bicol historical marker, Plaza Quince Martires, Quince Martires"
Soledad de Graciano Sánchez,22.1833,-100.9333,Mexico,332072,21.07,20.52,13.86,1,"Ватани модар, Palace of the Cuture, Амфитеатр, Кинотеатри ""Ҳилолӣ"", Музеи кишваршиносӣ"
Şalālah,17.0197,54.0897,Oman,331949,21.05,20.49,13.85,2.5,"Igreja Grega São Nicolau, Primeira Igreja Batista, Igreja de Santo Antônio, Igreja Evangélica da Confissão Luterana, Associação das Irmãs"
Santarém,-2.4431,-54.7083,Brazil,331937,21.04,19.93,14.4,1,"Nossa senhora das Dores, Bem vindo a Paulista, Agamenon Magalhães, Bíblia;cinesistem paulista, Casarão Arthur Lundgren"
Yanbu‘,24.0523,38.1503,Saudi Arabia,331916,20.97,20.42,13.8,3.4,"Souk Kriaa, Borj Masouda, Sidi Ellakhmi Mosque, Bab Nahj El Bey, Bou Chouaicha Mosque"
Maebashi,36.3895,139.0634,Japan,331849,21.51,19.31,14.34,1.17,"Church, The Bread Of Life Church, Bible Mission Church, Bible Mission Church, Pentestu Church"
Kaluga,54.55,36.2833,Russia,331842,20.95,20.4,13.78,1.43,"八幡神社, Koshigaya Twincity, 浅間神社, 建長元年板碑, 越ヶ谷御殿跡"
Gəncə,40.6828,46.3606,Azerbaijan,331400,19.3,23.15,12.68,0,
Asahikawa,43.7667,142.3667,Japan,331392,20.93,20.38,13.77,1.13,"Mezarlık, Mezarlık, Mezarlık, Mezarlık, Mescid-i Takva Cami"
Jackson,32.3157,-90.2125,United States,331332,20.93,20.38,13.77,1.07,"Nam Dong Catholic Church, Chùa Dược Sư, Trung Dong Catholic Church, Cổng Khu du lịch Chí Linh, Cafe Giải Khát Ven Biển"
Kendari,-3.9907,122.5086,Indonesia,331013,20.89,20.34,13.74,1.5,"조경묘, Royal Portrait Museum, 어진박물관, Gyeonggijeon Hall, Jeonju History Archive"
Wŏnju,37.3417,127.9208,"Korea, South",330854,20.87,20.32,13.73,1.33,"Nehru park fountain, Stones and corrugated sheet, Atta Mandir, Hanuman ji, Hope Circus"
Birkat as Sab‘,30.6291,31.0824,Egypt,330847,20.84,20.29,13.71,1,Sumi Fortress
Lafia,8.4917,8.5167,Nigeria,330712,20.82,20.28,13.7,1.33,"C-46, Tokorozawa Aviation Museum, 航空公園発祥の地, C-46, Ririku 1911"
Dahūk,36.85,42.9833,Iraq,330600,20.81,20.26,13.69,1.27,"Ərəblinski adına Teatr, Musical Dramatic Theatre, Heydar Aliyev, Nəsimi Abidəsi, Art Gallery"
Nizhniy Tagil,57.9167,59.9667,Russia,330507,20.8,20.26,13.69,1.07,"Museu Pedagógico da Universidade do Sudoeste da Bahia, Museu Cajaíba, Centro de Cultura Camillo de Jesus Lima, Bíblia Sagrada, Igreja Batista Betel"
Finglas,53.3892,-6.2969,Ireland,330506,20.78,20.23,13.67,1.19,"Grande Mosquée de Yamoussoukro, Grande Mosquée de Yamoussoukro, Église CMA de N’zuessi et Institut Pasteur de Yamoussoukro, Église Saint-Augustin, Yamoussoukro Cathedral"
Kāmārhāti,22.6686,88.3704,India,330211,20.77,20.22,13.66,1.17,"Ethnographisches museum, Chùa Phổ Minh, Tượng Đài Chiến Thắng, Di tích nhà đày BMT, Di Tích Lịch Sử Nhà Đày Buôn Ma Thuộc"
Nicosia,35.1725,33.365,Cyprus,330000,20.72,19.63,14.18,1.17,"Claremont Park, Windsor Park Church of Christ, Windsor Park Baptist Church, Brookdale Park, Korean Grace Presbyterian Church of Corpus Christi"
Lengshuijiang,27.686,111.436,China,329912,20.7,20.16,13.62,1.1,"The Church of Jesus Christ of Latter-day Saints, Nelson Farm milk house, Drake Road Christian Church, Christ United Methodist, Cinemark Movie Bistro and XD"
Ribeirão das Neves,-19.7669,-44.0869,Brazil,329794,20.68,20.13,13.6,1,"弘法寺, Мишань"
Guédiawaye,14.7724,-17.3884,Senegal,329659,20.68,20.13,13.6,1.23,"Пам'ятник В. І. Леніну, Храм Архистратига Михаила, Меморіал ліквідаторам аварії на ЧАЕС, Young Spectator's Theatre in Makeevka, Паротяг Эр 760-94"
Ciudad Obregón,27.4939,-109.9389,Mexico,329404,20.65,20.11,13.58,1.6,"Christ Lutheran Church, Broadhollow Theatre, Orpheum Theatre, East Islip Theatre, Saint Mary's Roman Catholic Church"
Campīernagar,27.029,83.2668,India,329104,21.19,19.02,14.13,1.07,"Museo Robert Brady, José María Morelos, Carlos Pacheco Villalobos, Palace of Hernan Cortez, Museo Morelense de Arte Popular"
Phatthaya,12.9357,100.889,Thailand,328961,20.62,20.07,13.56,3.57,"Towne Theatre, Markham Village Town Hall, St. Andrew's United Church, Wedding Cake House, 40-44 Main Street North"
Minzhu,43.7238,127.3448,China,328925,20.52,19.98,13.5,3.93,"Rathaus, Old City Hall Bielefeld, Theater Bielefeld, Loft, Passione per l'arte, Stadttheater"
Belgorod,50.6,36.6,Russia,328482,20.51,19.97,13.49,4.43,"Stary Ratusz w Bydgoszczy, Pruski Pomnik Poległych w Bydgoszczy, Pomnik Fryderyka II w Bydgoszczy, Dzieci bawiące się z gęsią monument in Bydgoszcz, Czas bydgoski"
Gómez Palacio,25.5611,-103.4983,Mexico,327985,20.49,19.95,13.48,1.43,"Jeil Buddhism Exhibition Hall, Okbong Catholic Church, Bibongnu, Dae Catholic Church, Primus Cinema"
Bijāpur,16.83,75.71,India,327427,20.46,19.92,13.46,5.07,"10, Gun Street, 9, Gun Street, 11 And 12, Gun Street, 8, Gun Street, Group Of 4 Churchyard Tombs, East Of St Mary's Church"
Cabanatuan City,15.4908,120.9678,Philippines,327325,20.36,19.82,13.39,1.17,"Omega Fire Ministry Randburg, Chirst Embassy Randburg, Golden Harvest Seventh-day Adventist Church, Randburg Methodist, Christ Church Blairgowrie"
Si Racha,13.174,100.93,Thailand,327172,20.35,19.82,13.39,1.53,"いわきアリオス別館, Iwaki Alios, Iwaki City Art Museum, カトリックいわき教会, せきのホール"
Salamanca,20.5703,-101.1972,Mexico,327169,20.32,19.78,13.37,1.97,"410 King Street East, St. Paul's Presbyterian Church, St. Matthew's Anglican Church, Beth Zion Congregation, Hyland Theatre"
Ratnāgiri,16.9944,73.3,India,327120,20.32,19.78,13.37,4.53,"Marktbrunnen, Stern Lichtspiele, Markt 8, Metropol-Theater, Altes Rathaus"
Ulanhot,46.0722,122.0933,China,327081,20.31,19.25,13.9,1.1,"Modipara Gurudwara, Hanuman Mandir, Modipara Jagannath Temple, Modipara Shiva Temple, Raja Surendra Sai Palace"
Chipata,-13.6453,32.6464,Zambia,327059,20.3,19.23,13.89,1.1,"Jardín botánico La Carolina, Casa de Arte Santo Domingo, Iglesia Católica Matriz La Ascensión del Señor, Monumento Joaquin Zaracay, Iglesia"
Koriyama,37.4004,140.3597,Japan,327040,20.78,18.65,13.86,1.07,"Monumento a Morelos, Plaza Centro, Pérgola Municipal, La Huátapera, Museo Regional La Huatápera"
Yunzhong,39.8279,113.1,China,326849,20.22,19.69,13.3,5.67,"27 Lubartowska Street in Lublin, Synagoga Chewra Nosim, 23 Lubartowska Street in Lublin, 29 Lubartowska Street in Lublin, 12 Rybna Street in Lublin"
Fayetteville,35.085,-78.9772,United States,326821,20.22,19.15,13.83,1.87,"Igreja Sagrado Coração de Jesus, Loja Maçônica União e Perseverança, Museu Palácio da Memória Rondoniens, Igreja de São Francisco, Três Caixas d'Água"
Arnavutköy,41.1856,28.7406,Turkey,326452,20.21,19.68,13.3,1,Lijiangwan Scenic Area
Küçükçekmece,41,28.8,Turkey,326452,20.2,19.13,13.82,0,
Roodepoort,-26.1625,27.8725,South Africa,326416,20.19,19.66,13.28,4.47,"Central Square Fountain, Tampere Old City Hall, City Hotel, Old Church, Commerce Building"
Pucallpa,-8.3833,-74.55,Peru,326040,20.19,19.65,13.28,1.33,"Metro 4 Cinemas, Hillside Church, AMC Deer Valley 16, First Congregational Church of Antioch, Antioch First Church of God"
San Pedro,14.3583,121.0583,Philippines,326001,20.17,19.11,13.8,1.3,"Chaturbhuj Sthan, Baba Garib Sthan Mandir, Sekhar Cinema, Jyoti, Jyoti Cinema"
Myrtle Beach,33.7094,-78.8844,United States,325829,20.16,19.63,13.26,1.4,"Церковь Николая Чудотворца, Вечный огонь, Стела, Стела, Стела"
Kōchi,33.5589,133.5314,Japan,325535,20.16,19.63,13.26,2.9,"Cine Arte Viña, Teatro Municipal, Iglesia de Nuestra Señora de los Dolores, Viña del Mar, Palacio Vergara, Villa Vergara"
Jagdalpur,19.18,81.92,India,325463,20.16,19.09,13.79,1,Noorani masjid
Rāmpur,28.8,79,India,325248,20.14,19.08,13.78,1.33,"Onyang Catholic Church, 온양온천역분수대, 포장마차골목, 온양성결교회, Onyang Yonghwa-dong Catholic Church"
Kuching,1.53,110.33,Malaysia,325132,20.14,19.61,13.25,1.1,"Mosque of Imam Ishan Muhammad, Muse (Art), ArtGAMMA, Karakalpak State Academic Theater named after Berdakh, Chimes"
Cotabato,7.22,124.25,Philippines,325079,20.13,19.6,13.24,1,"Sunni Rizvi Jamia Masjid Rasool Nagar, masjid, masjid, Jamia Masjid, Jamia Masjid Al Mustafa"
Nantes,47.2181,-1.5528,France,325070,20.61,18.49,13.74,3.63,"Хоральна синагога (Сімферополь), Музей Кованых фигур, Памятник Братьям Айвазовским, The Shot in the Back, Памятник Дыбенко"
Henderson,36.0133,-115.0381,United States,324523,20.04,19.51,13.18,2.5,"İzmir Clock Tower, Saat Kulesi, First Bullet Monument, Sarı Kışla, Konak Square"
Cariacica,-20.2639,-40.42,Brazil,324285,19.5,20.03,13.18,1,"Parroquia de Nuestra Señora de la Soledad, Panteón Municipal, Iglesia Evangélica Cristiana Espiritual, Arboledas del Consuelo, Cinepolis"
Mobile,30.6782,-88.1162,United States,324067,20.02,19.49,13.17,1.03,"Mosque of Omar Al Rawas, Salalah Museum, Huda mosque in New Salalah, Sultan Qaboos Mosque, مسجد"
Nazrēt,8.5414,39.2689,Ethiopia,324000,19.92,18.87,13.63,1.03,"Igreja Cristo Libertador, Igreja Cristo Libertador, Igreja da Paz, Forte dos Tapajós de Santarém, Igreja Batista Maranata"
Safi,32.2833,-9.2333,Morocco,323888,19.92,19.39,13.1,1,"مسجد صغير, مسجد عمر بن عبد العزيز, Masjid Ali Ibn Abi Talib, مسجد بن باز, Shells Monument"
Kikuyu,-1.2463,36.6629,Kenya,323881,19.9,18.85,13.62,2.03,"Catholic Maebashi Church, Gunma Kaikan, 正覚山清光寺, Gunma Prefectural Government Building, Maebashi Castle"
Córdoba,37.89,-4.78,Spain,323763,19.35,19.87,13.07,1,"Памятник Ленину, Локомотивное депо Калуга, Церковь Трифона Мученика, Часовня Подвижников благочестия Калужских, Трифоновское кладбище"
Kluang,2.0383,103.3179,Malaysia,323762,19.85,19.33,13.06,1.97,"Սուրբ Թադևոս եկեղեցի (Գանձակ), Սուրբ Աստվածածին եկեղեցի, Saint Sarkis church in Ganja, Սուրբ Քրիստոս Ամենափրկիչ եկեղեցի (Գանձակ), Heydər Əliyev Heykəli"
Mekele,13.4969,39.4769,Ethiopia,323700,19.84,18.8,13.58,1.33,"井上靖文学碑, Monument of animals, 希望, Asahikawa Grand Hotel, hoshino resorts omo7 asahikawa"
Pelotas,-31.7719,-52.3428,Brazil,323158,20.29,18.21,13.53,1.43,"Open Door Mennonite Church, Greater Alpha and Omega Church, Cedar Lawn Cemetery, Mount Bethel Church of Christ Holiness, Zion Traveler Baptist Church"
Vaughan,43.8333,-79.5,Canada,323103,18.19,21.83,11.96,1.07,"Masjid Al Furqan Kendari, GEREJA MAHANAIM, Masjid La Ode Malim, GEREJA ORA ET LABORA, Masjid Agung Al-Kautsar"
Kaiyuan,23.7111,103.2461,China,323031,19.71,19.19,12.97,1.1,"First and Second Battles of Wonju, Wonju Statue of Peace, 원주 교회, 봉화산, Wonju megabox"
Tangdong,25.973,113.231,China,322990,19.68,19.17,12.95,1,"Sidi Muhammad al Zafarani, Sidi Abd al Baqi, Sidi Jamal al Din, Sidi Abu Omar, Sidi al Faris"
Münster,51.9625,7.6256,Germany,322904,19.53,19.02,12.85,2,Roman Catholic Diocese of Lafia
Vitória,-20.3106,-40.2972,Brazil,322869,19.97,17.92,13.31,1.07,"Chaldean Catholic Eparchy of Amadiya, Qazi Muhammad Mosque, Runahi Mosque, قاعة كوين, Raza Mosque"
Shimoga,13.9333,75.5667,India,322650,19.46,18.94,12.8,1.73,"Nizhnetagilskaya Filarmoniya, заброшенный, Скоропослушница, Красный камень, Железный человек"
Uíge,-7.6167,15.05,Angola,322531,19.39,18.37,13.27,1.27,"Saint Canice's Church, Crazy World, On the Other Hand, Jamestown Road Baptist Church, Ah go on"
Hotan,37.1167,79.9167,China,322300,19.34,18.83,12.72,3.87,"Kripamayee Kali Temple, Dunlop Sikh Sangat Gurdwara, Dakshineswar Kali Hindu Temple, Uttarpara Jaikrishna Public Library, Nandan"
Minna,9.6139,6.5569,Nigeria,322163,19.74,17.71,13.16,1.83,"Omeriye Hamam, Omeriye Mosque, Tombs at the Old Municipal Baths at Nicosia, Segway Station Cyprus, Cathedral of the Apostle Barnabas"
Ning’an,44.341,129.483,China,322127,18.69,19.19,12.63,1.82,"Boyue Cave, Thor Ridge, Shanghai–Kunming high-speed railway, Shanghai–Kunming high-speed railway, Shanghai–Kunming high-speed railway"
Camagüey,21.3786,-77.9186,Cuba,321992,19.68,17.66,13.12,1,"Igreja Nossa Senhara das Neves, Igreja Universal Reino De Deus, Igreja Batista Central, Assembleia de Deus Vitória, Assembleia de Deus"
Taourirt,34.4169,-2.885,Morocco,321876,19.66,17.64,13.11,1.07,"Grande Mosquée de Guédiawaye, Église Saint Jean Paul II, Mosquée Médina Gounass, Mosquée Ibrahima Kebe, Mosquée Médina Gounass"
San Salvador de Jujuy,-24.1833,-65.3,Argentina,321789,19.14,18.13,13.1,1.2,"SDA Church Centro, Monumento Gral. Lázaro Cárdenas, Ríos de Agua Viva, Reloj del Sol, Catedral del Sagrado Corazón de Jesús"
Kāshīpur,29.22,78.95,India,321623,19.11,18.61,12.57,0,
Thủ Dầu Một,10.9667,106.65,Vietnam,321607,19.1,18.09,13.07,1.13,"Wat Nong Or, SFX Cinema, XD Cinema, Pattaya Beach, Soi LK Metro"
Serra,-20.1289,-40.3078,Brazil,321181,18.48,18.98,12.48,1,"老西山, 新西山, 乌林东山, 奶子山, 基督教堂"
Lexington,38.0423,-84.4587,United States,321122,17.91,19.9,11.94,1.87,"Девушка с Куклой, Selivanov House, Белгородский литературный музей, Фонтан ""Парус"", Военный Комиссариат Восточного Округа Г. Белгорода"
La Paz,-16.4958,-68.1333,Bolivia,321073,17.38,20.86,11.42,1,"Recinto de la Revolución, Placa a martires de 1910, Arena olimpico laguna, Monumento al Libro, Monumento a la Madre"
Sukabumi,-6.9181,106.9315,Indonesia,320970,19.27,17.29,12.85,1.37,"Malik-e-Maidan cannon, Idgah, Bijapur Fort, Upli Buruj, Jod Gumbad"
Menongue,-14.6556,17.6842,Angola,320914,17.29,20.75,11.36,1.13,"Triumvirate of Elders, Freedom Park WWII Memorial Statue, Most Holy Trinity Chapel, General Antonio Luna Monument, San Bartolome Chapel"
Okene,7.5619,6.2411,Nigeria,320260,18.76,18.27,12.34,1.33,"Wat Rat Niyom Tham, Koh Loy Turtles, Wat Koh Loy, วัดเกาะลอยศรีมหาราชา, Chinese Temple"
Jūnāgadh,21.5222,70.4579,India,320250,19.12,17.16,12.75,1.25,"Templo de las tres caídas, Templo de la Virgen de Guadalupe, Galería Bicentenario, Templo de San Agustín, Parroquia Antigua"
Guasavito,25.5744,-108.4706,Mexico,320000,18.58,17.6,12.71,1.15,"Jaistambha, Birthplace of Lokmanya Tilak, Thiba sunset point, Maruti Mandir, King Thibaw Palace"
Kaech’ŏn,39.6986,125.9061,"Korea, North",319554,18.54,17.56,12.69,1,"兴安博物馆, 乌兰浩特市烈士陵园"
Tehuacán,18.4617,-97.3928,Mexico,319375,17.04,19.97,11.69,1.17,"Shared taxi to border, Chipata Evangelical, RCZ, Market, Roman Catholic Diocese of Chipata"
Coatzacoalcos,18.1414,-94.4344,Mexico,319187,18.98,17.03,12.65,1.83,"Kaiseizan Park, 開成山野外音楽堂, ミューカルがくと館, 久米正雄記念館, 郷さくら美術館"
Saint-Denis,-20.8789,55.4481,Reunion,319141,17,20.4,11.17,1.8,"Well of Humanity Stupa, 榆林天主堂, 华严寺塔, 南小寨永宁寺, 西安堡堡址"
Muhanga,-2.0845,29.7527,Rwanda,319141,18.89,16.95,12.59,1.3,"Beaver Creek Church, AMC Fayetteville 14, AMC Market Fair 15, Camp Ground Church, Bonnie Doone Mission"
Zalantun,48.027,122.708,China,318933,18.4,17.92,12.1,1.1,"Kartal Tepe Camii, Fatih Camii, pilot shop, Seyran Camii, Mezarlık"
Hafizabad,32.0714,73.6878,Pakistan,318621,18.88,16.94,12.59,1,"Arnavutköy Asri Mezarlığı, Cami, Yeşil Cami Erkek Kuran Kursu, Taşoluk Mezarlığı, Boğazköy Eski Mezarlığı"
Katsina,12.25,7.5,Nigeria,318459,16.92,20.31,11.12,1.03,"Old Roodepoort, Veranderde Lewens, Horison Baptist Church, Discovery Methodist Church, St. Laurence's Anglican Church"
Puerto Plata,19.8,-70.6833,Dominican Republic,318419,17.87,18.36,12.08,1.23,"Iglesia de Corea, Iglesia Bautista de la Fe, Cineplanet, Señora de Guadalupe, Señor de Los Milagros"
Gwangmyeongni,37.476,126.866,"Korea, South",318021,18.32,17.84,12.06,1.07,"Locale of San Pedro, Iglesia Ni Cristo, Our Lady of Fatima Parish Church, San Pedro Apostol Parish Church, San Pedro Adventist Church"
Lansing,42.7142,-84.5601,United States,318001,18.73,16.81,12.49,1.3,"Myrtle Cinemas, AMC Broadway BigD, The Simpsons in 4D, Palace Theatre, WonderWorks"
Taubaté,-23.0333,-45.55,Brazil,317915,17.76,18.72,11.52,1.6,"長岡謙𠮷像, 高知県懐徳館, Kōchi Castle, ガス燈, カトリック中島町教会"
Zhengjiatun,43.5183,123.5027,China,317758,17.75,18.22,11.99,6,Barsoor Mahadev Temple
Port Moresby,-9.4789,147.1494,Papua New Guinea,317374,17.72,18.67,11.49,1,"Gandhi Samadhi, Shivi Cinema, Gurudwara Singh Sabha, Gurudwara Bhai ji baba, Radha Cinema"
Fontibón,4.6786,-74.1411,Colombia,317179,18.65,16.73,12.43,1.33,"Seventh-Day Adventist Church, Tze Yin Buddhist Orthodox Asociation, Japanese Graves, Masjid Darul Ibadah, Masjid Al-Muallimin"
Hāpur,28.7309,77.7757,India,317004,18.15,17.67,11.94,1.23,"Cotabaro City Xathedral of Faith (SBC), Queen of Peace Church, Mosque, Youngs Theater, Archdiocese of Cotabato"
Mannheim,49.4878,8.4661,Germany,316877,17.59,18.54,11.41,2.33,"bataille de Nantes (1799), Battle of Nantes, Création du Mont de Piété, Centenaire du Mont de Piété, Plaque au Général Leclerc"
Barueri,-23.5111,-46.8764,Brazil,316473,18.41,16.52,12.27,1.17,"Designer's Church, The Church of Jesus Christ of Latter-day Saints, Avahas Torah Center, Prince Gallery, Congregation Ner Tamid"
Savannah,32.0286,-81.1821,United States,316446,17.89,17.42,11.77,1.03,"Paróquia São João Batista, Igreja Católica São João Batista, Igreja Assembleia de Deus, Igreja Universal, Igreja Cristã Maranata"
Naha,26.2122,127.6792,Japan,316048,17.83,16.89,12.2,1,"Sage Avenue United Methodist Church, Church Building, Westminster Presbyterian Church, Sage Avenue Baptist Church, Springdale Cinema"
Bari,41.1253,16.8667,Italy,316015,18.29,16.42,12.2,1,"Derartu Tulu Square, Aba Gada Monument, Adama Fountain, Oliyad Cinema, St.Gebriel Church"
Pattikād,10.5276,76.2144,India,315957,18.26,16.39,12.18,1.87,"Nsara, Zine Abbidine, مسجد حي أنس, Mosqué, achohada"
Xiaoli,22.6721,113.2509,China,315820,17.7,17.23,11.64,1,"St Peter The Apostle Catholic Church, P.C.E.A church, Salvation army-kikuyu corps, PCEA Mai Ma Ihii Church, PCEA SIGONA CHURCH"
Youngstown,41.0993,-80.6463,United States,315751,18.14,16.28,12.1,3.93,"Reloj Solar, Iglesia de la Merced, Palacio de la Merced, Cine Alkazar, Escuela de empleados del ferrocarril"
Trichūr,10.5276,76.2144,India,315596,17.65,17.19,11.62,1.13,"Gereja St.Louis, Herald Presbyterian Church, Kluang Street Art, Taman Merdeka & Street Art, Mural"
Yingzhong,32.237,119.815,China,315462,16.23,19.48,10.67,1.1,"Battle of Mekelle (2020), ቤተ መንግስቲ ሃፀይ ዮሃንስ - Emp. Yohannes Palace, Emperor Yohannes Palace, ቤተ መንግስቲ ሃፀይ ዮሃንስ - Emp. Yohannes Palace, Saint Gebriel and Tecklehaimanot Orthodox Church"
Bor,6.2072,31.5591,South Sudan,315351,16.2,18.98,11.11,2.7,"Catedral do Redentor (Igreja Cabeluda), Laboratório Dr. Rouget Perez, Museu de Arte Leopoldo Gotuzzo, Casa João Simões Lopes Neto - Instituto J. Simões Lopes Neto, Grande Hotel de Pelotas"
Volzhskiy,48.8056,44.7417,Russia,315220,17.56,17.1,11.55,2.23,"Sherwood Cemetery, Reupard's Settlement Pioneer Burying Ground, Peter Rupert House, Zion Lutheran Church, Cook Woodlot"
San Miguelito,9.0503,-79.4707,Panama,315019,16.12,19.34,10.59,2.88,"Kunming–Hekou Railway, Kunming–Hekou Railway, Kunming–Hekou Railway, Kunming–Hekou Railway, Yulinshan"
N’Zérékoré,7.7522,-8.8217,Guinea,315000,17.44,16.98,11.48,2,"Tiantian Cinema, Gaoyi Ridge"
Balıkesir,39.6333,27.8833,Turkey,314958,17.42,16.5,11.92,2.6,"WC-Anlage am Domplatz, St. Jacobi (Münster), Prince-Bishopric of Münster, Domstift Münster, Astronomische Uhr, Paulusdom, Münster"
Espoo,60.2056,24.6556,Finland,314821,17.34,16.89,11.41,1.1,"Morro de Santa Helena, Seminário Nossa Senhora da Penha, Morro do Suá, Igreja São Pedro, Hospital São Sebastião"
Muar,2.0337,102.5666,Malaysia,314776,17.32,16.87,11.4,1.07,"Ganesha Temple, Church, Ganapathi Temple, Vandana Theater, Raghavendra Swami Mutt"
Ann Arbor,42.2759,-83.731,United States,314647,15.82,18.98,10.39,1.5,"Paróquia da Santa Cruz, Roman Catholic Diocese of Uíje"
Kasur,31.1167,74.45,Pakistan,314617,17.12,16.67,11.26,1.1,"Bazar tower, Hotan Museum, Hotan market, Hotan Night Market, Domoko"
Usme,4.4464,-74.1522,Colombia,314431,15.68,18.82,10.31,1.17,"Roman Catholic Diocese of Minna, Mosque, Niger State Secretariat Juma'at Mosque, Shadan Hill, Maikunkele Hill"
Barddhamān,23.2333,87.8667,India,314265,17.39,15.61,11.59,0,
Sousse,35.8333,10.6333,Tunisia,314071,17.17,15.41,11.45,1.07,"Museo de la Diversidad Cultural, Our Lady of Candelaria Cathedral, Camagüey, Monumento a Ignacio Agramonte, Maqueta de la ciudad, Casa Natal de Carlos J Finlay"
Kingston upon Hull,53.7444,-0.3325,United Kingdom,314018,15.84,17.6,10.56,1.13,"mosquee Imam Nafie, Mosquée Hay Lakdim, mosquee Al Mohamadi, mosquee Annahda, mosquee horria"
Binangonan,14.4514,121.1919,Philippines,313631,17.12,15.36,11.41,1.8,"Torre antigua Paseo de los Artesanos, Obelisco en honor al Éxodo Jujeño, Cine Annuar Shopping, Museo De Bellas Artes Jorge Mendoza, Museo De Ciencias Naturales Carlos Darwin - Colegio Nacional Nº1 Teodoro Sánchez De Bustamante"
Attiecoubé,5.3453,-4.035,Côte d’Ivoire,313135,16.59,16.16,10.92,1,"Gurdwara Sri Nankana Sahib Kashipur, Govisham Fort, Govisham"
Podolsk,55.4311,37.5456,Russia,312911,16.59,16.15,10.92,1.17,"Nhà cổ VA, Nhà cổ Trần Văn, chợ thủ dầu 1, Chùa Ông Ngựa, Chùa Thuận Thiên"
Smolensk,54.7828,32.0453,Russia,312896,16.15,16.58,10.91,1.07,"Igreja Nossa Senhora da Conceição, Cemitério Serra Sede, Igreja Assembleia de Deus Pentecostal da Gloria de Deus Semear, Paróquia São João XXIII, Assembleia de Deus Ministerio da Serra"
Jiayuguan,39.7732,98.2882,China,312663,16.51,16.08,10.86,2,"First African Baptist Church, Trinity Church, Eastminster Presbyterian Church, Circle 25 Drive-In, Star of Bethlehem Church"
Pasir Gudang,1.462,103.9053,Malaysia,312499,16.91,15.18,11.27,4.3,"Pintura, Escultura, Primera sentencia contra Don Pedro Domingo Murillo, Kilómetro Cero, El Reloj del Sur"
Vologda,59.2167,39.9,Russia,312420,16.03,16.47,10.83,1,"GKI Jemaat Penginjil, Masjid Jami Al Latief, Gereja Kristen Pasundan, Masjid Tijanul Anwar, Vihara Dharma Ratna"
Gorgān,36.8369,54.4372,Iran,312223,16.69,14.98,11.13,2.75,"Roman Catholic Diocese of Menongue, Muene Vunongue Fort, Moçâmedes Railway, Rio Cuebe Lodge - Safari Park"
Tanza,14.3944,120.8531,Philippines,312116,16.24,15.82,10.69,1,"Itakpe Hills, Ososo Hill"
Yakutsk,62.03,129.73,Russia,311760,16.24,15.81,10.68,3.3,"Thombs of the Babi Kings, St. Xavier's, Mahabat Maqbara, Bahauddin Maqbara, junagadh museum"
Santa Ana,33.7367,-117.8819,United States,311639,16.66,14.95,11.1,1,"GRABADO EN PIEDRA 14, GRABADO EN PIEDRA 13, Camaron, Grabado en Piedra 6, Grabado En Piedra 5"
Catania,37.5027,15.0873,Italy,311584,16.22,15.8,10.67,2,"Kaechon Revolutionary Site, Battle of the Ch'ongch'on River, Battle of Wawon, Mount Myohyang"
Panvel,18.9944,73.1139,India,311434,15.74,16.17,10.64,1.07,"Roman Catholic Diocese of Tehuacán, Cine Reforma, San Francisco, Placa Tehuacan, I.B. Emmanuel"
Guarujá,-23.9936,-46.2564,Brazil,311230,15.94,15.52,10.49,1,"Panteón Municipal, Jehovah's Witnesses, Museo Pirámide Olmeca, Plaza de la PAX, Iglesia de Guadalupe"
Nizāmābād,18.672,78.094,India,311152,15.4,16.23,9.99,1.23,"Apostolic Vicariate of Ruanda, Kabgayi Cathedral, Cathedral Basilica of Our Lady, Soeurs franciscaines du Règne de Jésus Christ Kavumu, Kabgayi"
Quy Nhơn,13.7667,109.2333,Vietnam,311000,16.08,14.43,10.72,4.31,"Hôtel de ville de Saint-Denis, Colonne de la Victoire, Momument aux morts de la Guerre 1914-1918, Ancien hôpital militaire de Saint-Denis, Pavillon Badat"
Kurgan,55.4667,65.35,Russia,310911,15.22,14.81,10.01,0,
Saransk,54.1833,45.1833,Russia,310898,14.73,15.53,9.55,1,"Tomb of Syed Tufail Hussain Noshahi Qadri Qalandri, Tomb of Baba Syed .Umber Shah Bukhari, Tomb of Syed Bahadur Ali Shah Qadri, Piri Shah Rehman"
Ḩā’il,27.5167,41.6833,Saudi Arabia,310897,14.96,14.17,10.23,0,
Datang,22.9406,113.9436,China,310889,14.93,14.14,10.21,1.3,"Museo masonico, Museo Gregorio Luperon, Playa Longbichito, Iglesia Adventista, Cine Roma"
Longquan,25.9106,114.786,China,310700,14.91,14.52,9.81,1,"CGV광명철산, Cinema DVD Cinema, 광산교회, 철산성당, Cheolsan Catholic Church"
Mitchells Plain,-34.0506,18.6181,South Africa,310485,14.26,13.89,9.38,2.13,"Moores Park, St Casmir Catholic Church, J.H. Moores Memorial Natatorium, REO Town, Greencroft Park"
Yokkaichi,34.965,136.6244,Japan,310263,14.25,13.88,9.38,2.63,"Grafite Lucas, Mercado Municipal de Taubaté, Escola Estadual Doutor Lopes Chaves, Teatro Metrópole, Capela de Nossa Senhora do Pilar"
Chalco,19.2647,-98.8975,Mexico,310130,14.11,13.37,9.65,0,
Karlsruhe,49.0092,8.404,Germany,309964,14.03,13.66,9.23,1.2,"St. John Anglican Cathedral, St. John Anglican Cathedral, St. Mary’s Cathedral, War Memorial, Lagatoi"
Shahrīār,35.6531,51.06,Iran,309607,14.01,13.27,9.58,1.13,"Memorial Visita de J. F. Kennedy, Replica Basilica San Pedro de Roma, ICL- Iglesia Cristiana Libertad, Iglesia de Jesucristo TIERRA DESEABLE, Cementerio de Fontibón"
Shahr-e Qods,35.7103,51.1131,Iran,309605,14,13.27,9.58,1,"eid gah, badi masjid, choti masjid"
Ciudad del Este,-25.5167,-54.6161,Paraguay,308983,13.99,13.62,9.2,2.8,"Dr. Edmund Stern, Grupello-Pyramide, Dr. Franz Rosenthal, Fremdeneinstieg in die Kanalisation, Glaskubus"
Tabora,-5.0167,32.8,Tanzania,308741,13.87,13.5,9.12,1.37,"Paróquia São João Batista, Congregação Cristã no Brasil, Cemitério Municipal Alvaro Quintero Vieira, A Igreja de Jesus Cristo dos Santos dos Últimos Dias, Rotary International"
Ciudad Benito Juárez,25.65,-100.0833,Mexico,308285,13.68,12.96,9.36,1.2,"Oakland Church, Kingdom Hall of Jehovah’s Witnesses, Silk Hope Church, Pineland Church, Pineland Independent Church"
Beian,48.25,126.5167,China,308237,13.52,13.16,8.89,1.97,"愛のシーサー, Ryukyu Shimpo Hall, Naha city history museum, 琉球国王尚家関係資料, Cinemapalette"
Irvine,33.6772,-117.7738,United States,308160,13.4,13.05,8.82,3.57,"Siege of Bari, Teatro Piccinni, Busto di Niccolò Piccinni, Chiesa di San Domenico, Monumento equestre"
Hisor,38.5264,68.5381,Tajikistan,308100,13.11,12.77,8.63,1.8,"Kairali Sree Theatre,Thrissur, bhuvaneeswari navagraha temple, Thrissur Chinmaya Bhajana madom, green star, Nehru Park"
Nakuru,-0.2833,36.0667,Kenya,307990,12.94,12.59,8.51,1.13,"Dongchen retail of machinery, a factory that make plastic molding injection, 邓氏大宗祠, fengda factory, CGV IMAX"
Karawang,-6.3125,107.295,Indonesia,307880,12.91,12.57,8.49,2,"Roma Theater, Luna Theatre, Teatro Napolitano, Luxor Theatre, Capitol Theater"
Sariwŏn,38.5064,125.7597,"Korea, North",307764,12.79,12.46,8.42,1.8,"Kairali Sree Theatre,Thrissur, bhuvaneeswari navagraha temple, Thrissur Chinmaya Bhajana madom, green star, Nehru Park"
St. Paul,44.9478,-93.1039,United States,307762,12.79,12.45,8.41,1.83,"Chengbei Gongyuan, 太平禅寺, Taizhou Yangtze River Bridge, Chinese destroyer Xining, 圌山"
Poughkeepsie,41.695,-73.9211,United States,307738,12.64,12.31,8.32,1.33,"Battle of Bor, St. Andrew (Leudier), Bor"
Battalgazi,38.4228,38.3656,Turkey,307478,12.49,12.17,8.22,1.4,"Gidrostroitel, Летний театр, Церковь Свет Евангелия, памятник Пушкину А.С., Арлекин, театр кукол"
Nghi Sơn,19.417,105.75,Vietnam,307304,12.62,11.32,8.41,1,"crisol, Cristo Servidor, Tabernaculo de la Fe, Ministerio, Iglesia Ministerio Jezreel"
Guangming,45.3333,122.7833,China,307215,11.86,11.55,7.8,1.14,"Mosquée, Mosquée, Cathedral the Saint Marie of N'Zérékoré, Immaculate Heart of Mary Cathedral, Nzérékoré, Mosquée"
Newark,40.7245,-74.1725,United States,307188,11.81,11.5,7.77,1.23,"Fazlı Cami, Urgancı Cami, Plevne Cami, Bahçelievler Cami, Ali Çetinkaya Camii"
Parbhani,19.27,76.78,India,307170,11.75,11.44,7.73,1.7,"Kannusali, Läheinen kontakti, Finnish Spitz, Sotaveteraanien muistomerkki, Lagstad hembygdsgård"
Montpellier,43.6119,3.8772,France,307101,11.7,11.4,7.7,1.57,"Surau Parit Perupuk, crown of johor, Old Dutch House, Nattukottai Chettiars' Temple Arulmigu Sannasimalai Aandavar Temple, Muar Art Gallery"
Puerto Princesa,9.75,118.75,Philippines,307079,11.49,10.89,7.86,2.43,"Campus Chapel, First Presbyterian Church of Ann Arbor, Campus Theatre, University Lutheran Chapel, New Life Church"
Hisar,29.15,75.7,India,307024,11.49,11.19,7.56,1.05,"Paradise Mosque, Darba Baba Bulleh Shah, Noor Masjid, Norani Masjid, Darbar Baba Kamal Chishti (R.A)"
Montes Claros,-16.7322,-43.8636,Brazil,306947,11.45,11.14,7.53,1.07,"San Pedro de Usme, Cementerio de Usme, Cueva del Indio, Piedra Parada, Parque Arqueológico Hacienda el Carmen"
Betim,-19.9678,-44.1978,Brazil,306675,11.4,11.1,7.5,2.35,"khudiram Statue, Surya Temple, Swami Vivekanada Statue, Bharat Sevashram Sangha, Curzon Gate"
Windsor,42.2833,-83,Canada,306519,11.25,10.95,7.4,2,"Saint Felix Church, مسجد التوبة, Lazer Déco, Mosquée Omar Ibn Khattab, Prima Life Karawan"
Kasugai,35.2475,136.9722,Japan,306449,11.19,10.9,7.36,4.17,"Statue of Charles Henry Wilson 20 Metres East of Guildhall, Lumpsucker, Sea Trout, Maritime Buildings, Two K6 Kiosks Flanking The Right Entrance At The Head Post Office"
Ciudad Santa Catarina,25.6833,-100.45,Mexico,306322,11.14,10.84,7.33,1,"Santo Rosario Memorial Park, Nuestra Señora de los Angeles Parish Church, Kalbaryo, Santa Ursula Parish Church, Himlayang Katoliko"
Fatehpur,27.98,74.95,India,305638,11.08,10.79,7.29,1.13,"Église Méthodiste, Cimetière du Village Ebrié Bidjanté, Église pentecôte, Église Harris, Chapelle Catholique"
Birania,27.98,74.95,India,305638,10.99,10.7,7.23,1.3,"В. И. Ленину, БигБен, Мемориальная доска Пономарёву В. М., Мемориальная доска Китаеву Н. М., Мемориальная доска Русину Н. И."
Ciudad Victoria,23.7389,-99.1431,Mexico,305155,10.9,10.62,7.17,3.97,"Battle of Smolensk, Siege of Smolensk, Siege of Smolensk (1404), В.И. Ленин, House of Soviets, Smolensk"
Kaunas,54.9,23.9333,Lithuania,305120,10.85,10.28,7.42,1.2,"Jiayuguan City Museum, 清真寺, dauphin building, 护国寺, Great Wall of China"
Playa del Carmen,20.6281,-87.0755,Mexico,304942,10.7,10.14,7.32,1.8,"Aqabah Tower, Kite Museum Pasir Gudang, Taman Bandar Bukit Layang-Layang, Masjid Jamek Pasir Gudang, Masjid Jamek Pasir Gudang"
Yonghetun,39.9131,116.6458,China,304781,10.46,9.91,7.16,3.37,"Драматический театр, Vologda State Drama Theatre, Детский музыкальный театр, Church of Ioannis Prodromos (Vologda), Church of the Feast of the Cross, Vologda"
Kāshān,33.9825,51.4325,Iran,304487,10.4,9.85,7.11,1.7,"سینما کاپری, کاخ موزه گرگان, تالار فخرالدین اسعد گرگانی, امامزاده بی بی نور بی بی حور, کلیسای جماعت ربانی"
La Peña,19.3606,-98.9417,Mexico,304088,10.4,10.12,6.84,1.43,"Lokal ng Tanza, Jose Rizal Monument, Catholic Church, Aletheia Bible Church, Felipe G. Calderon historical marker"
Sumbawanga,-7.9667,31.6167,Tanzania,303986,10.35,9.8,7.08,1.8,"Памятник Карасю, Cinema Center, Памятник бездомной собаке, Памятник Г.И. Петровскому, Lenin"
Vila Nova de Gaia,41.1333,-8.6167,Portugal,303824,10.61,9.52,7.07,2.17,"Canaan Presbyterian Church, Iglesia De Los Hermanos, Iglesia Bautista Vida Eterna, Johnson Chapel, Trinity Cristo Rey Church"
Orël,52.9686,36.0694,Russia,303696,10.24,9.7,7,3.1,"Catania, Battle of Catana, U' Liotru, Fontana dell'Elefante, Fede"
Vladikavkaz,43.04,44.6775,Russia,303597,,,,,
São Vicente,-23.9664,-46.3861,Brazil,303551,,,,,
Kāraikkudi,10.0735,78.7732,India,303291,,,,,
Augsburg,48.3689,10.8978,Germany,303150,,,,,
Panjakent,39.5,67.6167,Tajikistan,303000,,,,,
Akita,39.72,140.1026,Japan,302984,,,,,
Lachhmangarh Sīkar,27.8225,75.0253,India,302956,,,,,
Kurume,33.3192,130.5083,Japan,302858,,,,,
Az Zaqāzīq,30.5667,31.5,Egypt,302840,,,,,
Palmas,-10.1886,-48.3336,Brazil,302692,,,,,
Bahía Blanca,-38.7167,-62.2667,Argentina,301572,,,,,
Al Waqf,26.0866,32.4226,Egypt,301486,,,,,
San Bernardo,-33.5833,-70.7,Chile,301313,,,,,
San Juan del Río,20.3833,-99.9833,Mexico,301237,,,,,
Armenia,4.53,-75.68,Colombia,301226,,,,,
Qianzhou,28.276,109.712,China,301000,,,,,
Popayán,2.4542,-76.6092,Colombia,300837,,,,,
Valladolid,41.6528,-4.7236,Spain,300618,,,,,
Al Qunfudhah,19.1264,41.0789,Saudi Arabia,300516,,,,,
Çorlu,41.15,27.8,Turkey,300296,,,,,
Binxian,35.0542,108.0814,China,300226,,,,,
Yakou,33.295,113.5269,China,300200,,,,,
Newcastle,54.978,-1.6102,United Kingdom,300196,,,,,
Oulgaret,11.9265,79.7789,India,300104,,,,,
Āwasa,7.05,38.4667,Ethiopia,300100,,,,,
Ingrāj Bāzār,25.0119,88.1433,India,300088,,,,,
Várzea Grande,-15.6469,-56.1328,Brazil,300078,,,,,
Oaxaca,17.0606,-96.7253,Mexico,300050,,,,,
Sucre,-19.0475,-65.26,Bolivia,300000,,,,,
Barrancabermeja,7.0667,-73.85,Colombia,300000,,,,,
Al ‘Ajamī,31.1227,29.7838,Egypt,300000,,,,,
Al Maţarīyah,31.1833,32.0333,Egypt,300000,,,,,
Bada Barabīl,22.12,85.4,India,300000,,,,,
Ash Shāmīyah,31.9625,44.6008,Iraq,300000,,,,,
Khairpur Tamewah,29.58,72.2328,Pakistan,300000,,,,,
Jinja,0.4233,33.2039,Uganda,300000,,,,,
Santa Rosa,38.4458,-122.7067,United States,299986,,,,,
Ar Raqqah,35.9304,39.02,Syria,299824,,,,,
Chakwal,32.9303,72.8556,Pakistan,299751,,,,,
Ōakashichō,34.65,135,Japan,299699,,,,,
Oyster Bay,40.7846,-73.514,United States,299519,,,,,
Farg‘ona,40.3864,71.7864,Uzbekistan,299200,,,,,
Tursunzoda,38.5108,68.2303,Tajikistan,298800,,,,,
Cherepovets,59.1167,37.9,Russia,298790,,,,,
Resistencia,-27.4514,-58.9867,Argentina,298611,,,,,
Jember,-8.1727,113.6873,Indonesia,298585,,,,,
Al Mubarraz,25.4416,49.6642,Saudi Arabia,298562,,,,,
Pekalongan,-6.8833,109.6667,Indonesia,298386,,,,,
Los Mochis,25.7835,-108.9937,Mexico,298009,,,,,
Toshima,35.7333,139.7167,Japan,297954,,,,,
Pachuca,20.1,-98.75,Mexico,297848,,,,,
Yangsan,35.3333,129.0333,"Korea, South",297532,,,,,
Concord,35.3933,-80.6369,United States,297379,,,,,
Tampico,22.2553,-97.8686,Mexico,297284,,,,,
Bihār,25.197,85.518,India,297268,,,,,
Temara,33.9267,-6.9122,Morocco,297098,,,,,
Malabo,3.7456,8.7744,Equatorial Guinea,297000,,,,,
Winter Haven,28.0118,-81.7014,United States,296830,,,,,
Valparaíso,-33.0461,-71.6197,Chile,296655,,,,,
Cirebon,-6.7071,108.5574,Indonesia,296389,,,,,
Tagum,7.4478,125.8078,Philippines,296202,,,,,
Çekme,41.0369,29.1786,Turkey,296066,,,,,
Darbhanga,26.17,85.9,India,296039,,,,,
Comilla,23.45,91.2,Bangladesh,296010,,,,,
Idar,23.839,73.002,India,295971,,,,,
Pondokaren,-6.2811,106.7019,Indonesia,295812,,,,,
Sorong,-0.8667,131.25,Indonesia,295809,,,,,
Shubrākhīt,31.0279,30.7149,Egypt,295777,,,,,
Floridablanca,7.2167,-73.0667,Colombia,295724,,,,,
Silang,14.2306,120.975,Philippines,295644,,,,,
Al Kharj,24.1483,47.305,Saudi Arabia,295462,,,,,
Rufisque,14.714,-17.2723,Senegal,295459,,,,,
Eloy Alfaro,-2.1733,-79.8311,Ecuador,295211,,,,,
Asheville,35.5707,-82.5537,United States,295040,,,,,
Sikandarābād,28.4512,77.6955,India,294858,,,,,
Stockport,53.4083,-2.1494,United Kingdom,294773,,,,,
Kafr Şaqr,30.7934,31.6257,Egypt,294765,,,,,
Divo,5.8372,-5.3572,Côte d’Ivoire,294559,,,,,
Vila Teixeira da Silva,-12.1958,15.8556,Angola,294494,,,,,
İnegöl,40.0806,29.5097,Turkey,294485,,,,,
Paarl,-33.7242,18.9558,South Africa,294457,,,,,
Rangpur,25.75,89.2444,Bangladesh,294265,,,,,
Białystok,53.1353,23.1456,Poland,294242,,,,,
Vigo,42.2314,-8.7124,Spain,293977,,,,,
Trabzon,41.005,39.7225,Turkey,293661,,,,,
Canton,40.8078,-81.3676,United States,293657,,,,,
Coacalco,19.6333,-99.0931,Mexico,293444,,,,,
Āīzawl,23.7272,92.7178,India,293416,,,,,
Bāli,22.65,88.34,India,293373,,,,,
Bradford,53.8,-1.75,United Kingdom,293277,,,,,
Mabalacat,15.22,120.58,Philippines,293244,,,,,
Dexing,28.9306,117.5947,China,293201,,,,,
Lincoln,40.8099,-96.6784,United States,293055,,,,,
Hailin,44.594,129.38,China,292755,,,,,
Graz,47.0708,15.4386,Austria,292630,,,,,
Strasbourg,48.5833,7.7458,France,291709,,,,,
Flint,43.0236,-83.6921,United States,291688,,,,,
Groznyy,43.3125,45.6986,Russia,291687,,,,,
Mahikeng,-25.8656,25.6436,South Africa,291527,,,,,
Chimbote,-9.0745,-78.5936,Peru,291408,,,,,
Bergen,60.3925,5.3233,Norway,291189,,,,,
Gatineau,45.4833,-75.65,Canada,291041,,,,,
Surajgarha,25.25,86.23,India,290998,,,,,
Lakeland,28.0557,-81.9545,United States,290762,,,,,
Batna,35.55,6.1667,Algeria,290645,,,,,
San Miguel,13.4814,-88.1775,El Salvador,290612,,,,,
Aarhus,56.1572,10.2107,Denmark,290598,,,,,
Morioka,39.7021,141.1545,Japan,290553,,,,,
Hong’an,47.21,123.61,China,289999,,,,,
Nāgercoil,8.175,77.4306,India,289916,,,,,
Santa Maria,14.82,120.96,Philippines,289820,,,,,
Tambov,52.7231,41.4539,Russia,289701,,,,,
Jersey City,40.7184,-74.0686,United States,289691,,,,,
Dewās,22.96,76.06,India,289550,,,,,
Eldoret,0.5167,35.2833,Kenya,289380,,,,,
Nottingham,52.9561,-1.1512,United Kingdom,289301,,,,,
Magway,20.15,94.95,Burma,289247,,,,,
Anchorage,61.1508,-149.1091,United States,289069,,,,,
Springfield,37.1943,-93.2916,United States,289041,,,,,
Neuquén,-38.9525,-68.0642,Argentina,288896,,,,,
Tuzla,40.8161,29.3006,Turkey,288878,,,,,
Kabwe,-14.4333,28.45,Zambia,288598,,,,,
Cabimas,10.4,-71.45,Venezuela,288595,,,,,
Sétif,36.19,5.41,Algeria,288461,,,,,
Sonpur,25.7,85.18,India,288102,,,,,
Hugli,22.9,88.39,India,288090,,,,,
Chunchura,22.9,88.39,India,288090,,,,,
Meguro,35.6333,139.6833,Japan,288088,,,,,
Anápolis,-16.3269,-48.9528,Brazil,288085,,,,,
Machala,-3.2667,-79.9667,Ecuador,288072,,,,,
San Lorenzo,-25.34,-57.52,Paraguay,287977,,,,,
Franca,-20.5389,-47.4008,Brazil,287737,,,,,
Bắc Ninh,21.1833,106.05,Vietnam,287658,,,,,
Ichalkaranji,16.7,74.47,India,287570,,,,,
Tirupati,13.65,79.42,India,287482,,,,,
Plano,33.0502,-96.7486,United States,287339,,,,,
Pathein,16.7842,94.7333,Burma,287071,,,,,
Sincelejo,9.295,-75.3961,Colombia,286716,,,,,
Cluj-Napoca,46.7667,23.5833,Romania,286598,,,,,
Songea,-10.6833,35.65,Tanzania,286285,,,,,
Tacna,-18.0147,-70.2489,Peru,286240,,,,,
Tin Shui Wai,22.46,114.002,Hong Kong,286232,,,,,
Juazeiro do Norte,-7.2128,-39.315,Brazil,286120,,,,,
Al Qurnah,31.0155,47.4336,Iraq,286073,,,,,
Bhatinda,30.23,74.9519,India,285813,,,,,
Katowice,50.2625,19.0217,Poland,285711,,,,,
Wiesbaden,50.0825,8.24,Germany,285522,,,,,
Masaka,-0.3411,31.7361,Uganda,285509,,,,,
Foz do Iguaçu,-25.54,-54.5875,Brazil,285415,,,,,
Bolton,53.5783,-2.43,United Kingdom,285372,,,,,
San Pablo,14.07,121.325,Philippines,285348,,,,,
Huixquilucan,19.3611,-99.3508,Mexico,284965,,,,,
Qillīn,31.0475,30.8549,Egypt,284853,,,,,
Croix-des-Bouquets,18.5761,-72.2269,Haiti,284812,,,,,
San Juan Sacatepéquez,14.7189,-90.6442,Guatemala,284798,,,,,
Ostrava,49.8356,18.2925,Czechia,284765,,,,,
Soyapango,13.7333,-89.15,El Salvador,284659,,,,,
Ljubljana,46.0514,14.5061,Slovenia,284293,,,,,
Fukushima,37.7608,140.4747,Japan,284282,,,,,
Bago,17.3333,96.4833,Burma,284179,,,,,
Delmas,18.55,-72.3,Haiti,284079,,,,,
Fuquan,26.6863,107.5204,China,283904,,,,,
Ibaraki,34.8164,135.5686,Japan,283835,,,,,
Nizhnevartovsk,60.95,76.6,Russia,283256,,,,,
Lubbock,33.5657,-101.8879,United States,283024,,,,,
Satna,24.6005,80.8322,India,283004,,,,,
San Cristóbal,7.7667,-72.2333,Venezuela,282830,,,,,
Chernihiv,51.4939,31.2947,Ukraine,282747,,,,,
Güngören,41.0225,28.8717,Turkey,282692,,,,,
Temuco,-38.7333,-72.6667,Chile,282415,,,,,
Ica,-14.0667,-75.7333,Peru,282407,,,,,
Davenport,41.5565,-90.6053,United States,282356,,,,,
Phitsanulok,16.8158,100.2636,Thailand,281929,,,,,
Khanewal,30.3,71.9333,Pakistan,281890,,,,,
Jining,41.03,113.08,China,281716,,,,,
Chuncheon,37.8667,127.7333,"Korea, South",281596,,,,,
Sakarya,40.7833,30.4,Turkey,281489,,,,,
Kaura Namoda,12.6,6.5897,Nigeria,281367,,,,,
Malārd,35.6806,50.9783,Iran,281027,,,,,
Bukhara,39.7667,64.4231,Uzbekistan,280187,,,,,
Reading,40.34,-75.9267,United States,280030,,,,,
Marot,28.51,71.5,Pakistan,280000,,,,,
Sumbe,-11.2053,13.8417,Angola,279968,,,,,
Mingaora,34.7717,72.36,Pakistan,279914,,,,,
Caála,-12.85,15.55,Angola,279792,,,,,
Poltava,49.5894,34.5514,Ukraine,279593,,,,,
Petrozavodsk,61.7833,34.3333,Russia,279190,,,,,
Kherson,46.6425,32.625,Ukraine,279131,,,,,
Lucena,13.93,121.62,Philippines,278924,,,,,
Petrópolis,-22.505,-43.1789,Brazil,278881,,,,,
Mamuju,-2.6833,118.9,Indonesia,278764,,,,,
Mau,25.9417,83.5611,India,278745,,,,,
Long Xuyên,10.3736,105.4458,Vietnam,278658,,,,,
Gyeongsan,35.8167,128.7333,"Korea, South",278500,,,,,
Bārāsat,22.72,88.48,India,278435,,,,,
Qarshi,38.8667,65.8,Uzbekistan,278300,,,,,
Shreveport,32.4653,-93.7955,United States,278269,,,,,
Chandler,33.2825,-111.8514,United States,278123,,,,,
Pematangsiantar,2.96,99.06,Indonesia,278055,,,,,
Sunderland,54.906,-1.381,United Kingdom,277417,,,,,
Sterlitamak,53.6333,55.95,Russia,277410,,,,,
Santa Ana,13.995,-89.5561,El Salvador,277264,,,,,
Büyükçekmece,41.02,28.5775,Turkey,277181,,,,,
Gagnoa,6.1333,-5.9333,Côte d’Ivoire,277044,,,,,
Xingsha,28.2573,113.1234,China,277034,,,,,
Dire Dawa,9.6,41.8667,Ethiopia,277000,,,,,
Lashkar Gāh,31.5831,64.3692,Afghanistan,276831,,,,,
Itagüí,6.1667,-75.6167,Colombia,276744,,,,,
Juliaca,-15.4833,-70.1333,Peru,276110,,,,,
Posadas,-27.3667,-55.9,Argentina,275988,,,,,
Tegal,-6.8675,109.1375,Indonesia,275789,,,,,
Farrukhābād,27.39,79.581,India,275754,,,,,
South Bend,41.6767,-86.2696,United States,275725,,,,,
Mytishchi,55.9167,37.7667,Russia,275313,,,,,
Kunsan,35.9833,126.7167,"Korea, South",275155,,,,,
Wilmington,34.2099,-77.8866,United States,275128,,,,,
Chula Vista,32.6281,-117.0144,United States,275030,,,,,
Yoshkar-Ola,56.65,47.8833,Russia,274715,,,,,
Saugor,23.83,78.71,India,274556,,,,,
Khmelnytskyi,49.4167,27,Ukraine,274452,,,,,
Khorabar,26.741,83.888,India,274403,,,,,
Nassau,25.0442,-77.3503,"Bahamas, The",274400,,,,,
Rockford,42.2596,-89.064,United States,274256,,,,,
Isfara,40.1167,70.6333,Tajikistan,274000,,,,,
Ratlām,23.334,75.037,India,273892,,,,,
Mehrabpur,27.0994,68.4208,Pakistan,273764,,,,,
Yeosu,34.7607,127.6622,"Korea, South",273761,,,,,
Shaowu,27.3403,117.4925,China,273721,,,,,
Ponta Grossa,-25.095,-50.1619,Brazil,273616,,,,,
Taboão da Serra,-23.6019,-46.7528,Brazil,273542,,,,,
Istaravshan,39.9108,69.0064,Tajikistan,273500,,,,,
San Mateo,14.6969,121.1219,Philippines,273306,,,,,
Tsu,34.7331,136.5133,Japan,273267,,,,,
Imperatriz,-5.5258,-47.4758,Brazil,273110,,,,,
Huozhou,36.569,111.7551,China,272987,,,,,
Los Alcarrizos,18.5167,-70.0167,Dominican Republic,272776,,,,,
Soubré,5.7836,-6.5939,Côte d’Ivoire,272773,,,,,
Eugene,44.0564,-123.1174,United States,272737,,,,,
Marāgheh,37.3894,46.2378,Iran,272400,,,,,
Majene,-3.5403,118.9707,Indonesia,272377,,,,,
Huilong,30.3866,106.7756,China,272332,,,,,
Salem,44.9233,-123.0244,United States,272331,,,,,
Sumida,35.7,139.8167,Japan,272085,,,,,
Gabela,-10.85,14.3667,Angola,271843,,,,,
Dayr az Zawr,35.3304,40.13,Syria,271800,,,,,
Iaşi,47.1622,27.5889,Romania,271692,,,,,
Sartā,36.4486,53.3233,Iran,271467,,,,,
Gilbert,33.31,-111.7463,United States,271118,,,,,
Da’an,45.5,124.2833,China,270911,,,,,
North Las Vegas,36.2883,-115.0888,United States,270773,,,,,
Iksan,35.9439,126.9544,"Korea, South",270758,,,,,
Mỹ Tho,10.35,106.35,Vietnam,270700,,,,,
Nguru,12.8792,10.4525,Nigeria,270632,,,,,
Mito,36.3658,140.4712,Japan,270445,,,,,
Kunp’o,37.35,126.95,"Korea, South",270443,,,,,
Bijiao,22.9253,113.2067,China,270310,,,,,
Cherkasy,49.4444,32.0597,Ukraine,269836,,,,,
Bayat,40.5455,34.957,Turkey,269595,,,,,
Çorum,40.5455,34.957,Turkey,269595,,,,,
Handwāra,34.3997,74.2817,India,269311,,,,,
Binjai,3.5986,98.4803,Indonesia,269053,,,,,
Mönchengladbach,51.2,6.4333,Germany,268943,,,,,
Kunduz,36.7286,68.8681,Afghanistan,268893,,,,,
Paraná,-31.7331,-60.5297,Argentina,268889,,,,,
Yeosu,34.7333,127.7333,"Korea, South",268823,,,,,
Drug,21.19,81.28,India,268806,,,,,
Turbat,26.0042,63.0606,Pakistan,268625,,,,,
Gijón,43.5333,-5.7,Spain,268561,,,,,
Brāhmanbāria,23.9723,91.1099,Bangladesh,268279,,,,,
Thái Bình,20.4461,106.3422,Vietnam,268167,,,,,
Ichihara,35.4981,140.1154,Japan,268038,,,,,
Tarija,-21.5333,-64.7333,Bolivia,268000,,,,,
Shibīn al Kawm,30.55,31,Egypt,267945,,,,,
Siverek,37.75,39.3167,Turkey,267942,,,,,
Plymouth,50.3714,-4.1422,United Kingdom,267918,,,,,
Aswān,24.0889,32.8997,Egypt,267913,,,,,
Potosí,-19.5892,-65.7533,Bolivia,267907,,,,,
Hulin,45.7667,132.9333,China,267870,,,,,
Kostroma,57.7681,40.9269,Russia,267481,,,,,
Murmansk,68.9706,33.075,Russia,267422,,,,,
Maradi,13.501,7.1036,Niger,267249,,,,,
Xiangkhoang,19.4167,103.5,Laos,267172,,,,,
Anantapur,14.68,77.599,India,267161,,,,,
Kızıltepe,37.1939,40.5861,Turkey,267151,,,,,
Adıyaman,37.7639,38.2778,Turkey,267131,,,,,
East London,-33.0175,27.9047,South Africa,267007,,,,,
Saskatoon,52.1333,-106.6833,Canada,266141,,,,,
Sumaré,-22.8219,-47.2669,Brazil,265955,,,,,
Gelsenkirchen,51.5167,7.1,Germany,265885,,,,,
Nagaoka,37.4462,138.8512,Japan,265868,,,,,
Khwazakhela,34.9333,72.4667,Pakistan,265571,,,,,
Santa Clarita,34.4175,-118.4964,United States,265529,,,,,
Suncheon,34.9506,127.4875,"Korea, South",265390,,,,,
Kibaha,-6.7667,38.9167,Tanzania,265360,,,,,
Nalchik,43.4833,43.6167,Russia,265162,,,,,
Gent,51.0536,3.7253,Belgium,265086,,,,,
Karaköprü,37.1847,38.7908,Turkey,265035,,,,,
Antsirabe,-19.8667,47.0333,Madagascar,265018,,,,,
Feni,23.015,91.3967,Bangladesh,265000,,,,,
Imphāl,24.8074,93.9384,India,264986,,,,,
Taunggyi,20.7836,97.0354,Burma,264804,,,,,
Nogales,31.3,-110.9333,Mexico,264782,,,,,
Ed Daein,11.4672,26.1317,Sudan,264734,,,,,
Dezfūl,32.3786,48.4144,Iran,264709,,,,,
Mossoró,-5.1878,-37.3439,Brazil,264577,,,,,
Milton Keynes,52.04,-0.76,United Kingdom,264349,,,,,
Chernivtsi,48.3,25.9333,Ukraine,264298,,,,,
Dumai,1.6667,101.45,Indonesia,264084,,,,,
Itajaí,-26.9078,-48.6619,Brazil,264054,,,,,
Kütahya,39.4167,29.9833,Turkey,263863,,,,,
Constanţa,44.1667,28.6333,Romania,263707,,,,,
Luque,-25.2672,-57.4853,Paraguay,263604,,,,,
Yao,34.6269,135.601,Japan,263436,,,,,
Jalālābād,34.4342,70.4478,Afghanistan,263312,,,,,
Chiayi,23.48,120.4497,Taiwan,263188,,,,,
Nawabshah,26.2442,68.41,Pakistan,263102,,,,,
Talisay,10.25,123.83,Philippines,263048,,,,,
Tchibota,-4.1794,11.3731,Congo (Brazzaville),262931,,,,,
Matala,-14.7306,15.0367,Angola,262763,,,,,
Peoria,40.752,-89.6154,United States,262461,,,,,
Quilmes,-34.7167,-58.2667,Argentina,262379,,,,,
Novorossiysk,44.7167,37.7833,Russia,261937,,,,,
Wollongong,-34.4331,150.8831,Australia,261896,,,,,
Zhytomyr,50.25,28.6667,Ukraine,261624,,,,,
Fukui,36.0641,136.2196,Japan,261474,,,,,
Arrah,25.5514,84.6603,India,261430,,,,,
Tallahassee,30.4551,-84.2527,United States,261271,,,,,
Malolos,14.8436,120.8114,Philippines,261189,,,,,
Heroica Nogales,31.3186,-110.9458,Mexico,261137,,,,,
Killeen,31.0753,-97.7297,United States,261099,,,,,
Bariadi,-2.7919,33.9894,Tanzania,260927,,,,,
Hong,10.2317,12.9303,Nigeria,260900,,,,,
Santa Teresa del Tuy,10.2333,-66.6639,Venezuela,260899,,,,,
St. Petersburg,27.7931,-82.6652,United States,260646,,,,,
Fuchū,35.6689,139.4776,Japan,260508,,,,,
Minato,35.6581,139.7514,Japan,260486,,,,,
Novi Sad,45.2542,19.8425,Serbia,260438,,,,,
Boksburg,-26.2125,28.2625,South Africa,260321,,,,,
Olongapo,14.83,120.28,Philippines,260317,,,,,
Quảng Ngãi,15.1167,108.8,Vietnam,260252,,,,,
Engels,51.5017,46.1222,Russia,260190,,,,,
Kennewick,46.1978,-119.1732,United States,260091,,,,,
Sivakāsi,9.4533,77.8024,India,260047,,,,,
Al Ḩamzah,31.7244,44.9769,Iraq,260000,,,,,
Skardu,35.2903,75.6444,Pakistan,260000,,,,,
Qo‘qon,40.5286,70.9425,Uzbekistan,259700,,,,,
Kotri,25.374,68.3013,Pakistan,259358,,,,,
Mişrātah,32.3775,15.092,Libya,259056,,,,,
Aydın,37.8481,27.8453,Turkey,259027,,,,,
Singa,13.1483,33.9311,Sudan,259000,,,,,
Tāluqān,36.7167,69.5167,Afghanistan,258758,,,,,
Manta,-0.95,-80.7162,Ecuador,258697,,,,,
Ndulo,-11.4833,15.8333,Angola,258161,,,,,
Andulo,-11.4926,16.7035,Angola,258161,,,,,
Vitoria-Gasteiz,42.85,-2.6833,Spain,257968,,,,,
Hiratsuka,35.3167,139.35,Japan,257662,,,,,
Columbus,32.51,-84.8771,United States,257578,,,,,
Rāniyah,36.255,44.8822,Iraq,257577,,,,,
Annaba,36.9,7.7667,Algeria,257359,,,,,
Etāwah,26.77,79.03,India,256838,,,,,
Siddhirganj,23.6913,90.5149,Bangladesh,256760,,,,,
Khimki,55.8892,37.445,Russia,256684,,,,,
Chingola,-12.5333,27.85,Zambia,256560,,,,,
Sumy,50.9119,34.8028,Ukraine,256474,,,,,
Yakeshi,49.286,120.712,China,256396,,,,,
Indaiatuba,-23.0903,-47.2181,Brazil,256223,,,,,
Bloemfontein,-29.1167,26.2167,South Africa,256185,,,,,
Laredo,27.5625,-99.4874,United States,255949,,,,,
Malkājgiri,17.4519,78.5362,India,255899,,,,,
Germiston,-26.2178,28.1672,South Africa,255863,,,,,
Verona,45.4386,10.9928,Italy,255588,,,,,
Kakogawachō-honmachi,34.75,134.8333,Japan,255523,,,,,
Derby,52.9247,-1.478,United Kingdom,255394,,,,,
Pasarkemis,-6.1703,106.53,Indonesia,255345,,,,,
Westminster,51.4947,-0.1353,United Kingdom,255324,,,,,
Kuala Terengganu,5.3304,103.12,Malaysia,255109,,,,,
Irving,32.8583,-96.9702,United States,255036,,,,,
San Pedro Carchá,15.4667,-90.3,Guatemala,255006,,,,,
Moçâmedes,-15.1953,12.1508,Angola,255000,,,,,
Tokushima,34.0667,134.55,Japan,254510,,,,,
São Carlos,-22.0178,-47.8908,Brazil,254484,,,,,
Longueuil,45.5333,-73.5167,Canada,254483,,,,,
Marilao,14.7581,120.9481,Philippines,254453,,,,,
Tuni,17.35,82.55,India,254425,,,,,
Sodo,6.855,37.7808,Ethiopia,254295,,,,,
Ash Shaţrah,31.4175,46.1772,Iraq,254000,,,,,
Sab‘ al Būr,33.4617,44.1557,Iraq,254000,,,,,
Fort-de-France,14.6,-61.0667,Martinique,253995,,,,,
Mawlamyine,16.4847,97.6258,Burma,253734,,,,,
Caruaru,-8.2828,-35.9758,Brazil,253634,,,,,
Ţanţā,30.7833,31,Egypt,253600,,,,,
Amarnāth,19.209,73.186,India,253475,,,,,
Godomè,6.3667,2.35,Benin,253262,,,,,
Rāpar,23.57,70.63,India,253137,,,,,
Samāstipur,25.8629,85.7811,India,253136,,,,,
Gokāk,16.1667,74.8333,India,253000,,,,,
Manavgat,36.7833,31.4333,Turkey,252941,,,,,
Shinozaki,33.9578,130.9414,Japan,252844,,,,,
Aachen,50.7756,6.0836,Germany,252769,,,,,
Parnamirim,-5.9158,-35.2628,Brazil,252716,,,,,
Jhenida,23.5425,89.1749,Bangladesh,252500,,,,,
Cimanggis,-6.3645,106.8591,Indonesia,252370,,,,,
Bharatpur,27.22,77.48,India,252342,,,,,
Los Teques,10.3333,-67.0417,Venezuela,252242,,,,,
Round Lake Beach,42.3791,-88.0811,United States,252224,,,,,
Osmaniye,37.075,36.25,Turkey,252186,,,,,
Uberaba,-19.7478,-47.9319,Brazil,252051,,,,,
Begusarai,25.42,86.13,India,252008,,,,,
Kediri,-7.8111,112.0047,Indonesia,252000,,,,,
Kanggye,40.9667,126.6,"Korea, North",251971,,,,,
Hakodate,41.7686,140.7289,Japan,251891,,,,,
Tacloban,11.24,125,Philippines,251881,,,,,
Afyonkarahisar,38.7578,30.5386,Turkey,251799,,,,,
İskenderun,36.5817,36.165,Turkey,251682,,,,,
Montgomery,32.3482,-86.2668,United States,251545,,,,,
Sōka,35.8254,139.8053,Japan,251390,,,,,
Nedumana,8.9139,76.6889,India,251384,,,,,
Higüey,18.6181,-68.7111,Dominican Republic,251243,,,,,
Chesapeake,36.6778,-76.3023,United States,251153,,,,,
Wolverhampton,52.5833,-2.1333,United Kingdom,250970,,,,,
Pointe-à-Pitre,16.2411,-61.5331,Guadeloupe,250952,,,,,
Al Fallūjah,33.35,43.7833,Iraq,250884,,,,,
Timişoara,45.7597,21.23,Romania,250849,,,,,
Bata,1.865,9.77,Equatorial Guinea,250770,,,,,
Chemnitz,50.8333,12.9167,Germany,250681,,,,,
Rạch Giá,10.0167,105.0833,Vietnam,250660,,,,,
Companiganj,22.873,91.2782,Bangladesh,250579,,,,,
Venice,45.4397,12.3319,Italy,250369,,,,,
Bābol,36.5475,52.6783,Iran,250217,,,,,
Glendale,33.5791,-112.2311,United States,250193,,,,,
La Paz,24.1422,-110.3108,Mexico,250141,,,,,
Kalār,34.6281,45.3185,Iraq,250000,,,,,
Türkistan,43.3019,68.2692,Kazakhstan,250000,,,,,
Al Bayḑā’,32.7628,21.755,Libya,250000,,,,,
Natogyi,21.4167,95.65,Burma,250000,,,,,
Kurmuk,10.5563,34.2848,Sudan,250000,,,,,
New Delhi,28.6139,77.2089,India,249998,,,,,
Las Condes,-33.4117,-70.55,Chile,249893,,,,,
Goma,-1.6794,29.2336,Congo (Kinshasa),249862,,,,,
Rishon LeẔiyyon,31.95,34.8,Israel,249860,,,,,
Osorno,-40.5725,-73.1353,Chile,249728,,,,,
Campeche,19.85,-90.5306,Mexico,249623,,,,,
Tiruvottiyūr,13.16,80.3,India,249446,,,,,
Palangkaraya,-2.21,113.92,Indonesia,249434,,,,,
A Coruña,43.365,-8.41,Spain,249261,,,,,
Burnaby,49.2667,-122.9667,Canada,249125,,,,,
Rāmnagar,27.17,84.32,India,249102,,,,,
Limeira,-22.5647,-47.4017,Brazil,249046,,,,,
Kiel,54.3233,10.1394,Germany,248873,,,,,
Carmen,18.6431,-91.8306,Mexico,248845,,,,,
Gāndhīdhām,23.08,70.13,India,248705,,,,,
Banikoara,11.3,2.4333,Benin,248621,,,,,
Salūmbar,24.08,74.02,India,248337,,,,,
Kyŏngju,35.85,129.2167,"Korea, South",248244,,,,,
Vantaa,60.2944,25.0403,Finland,248199,,,,,
Sibu,2.303,111.843,Malaysia,247995,,,,,
Qā’em Shahr,36.4636,52.8581,Iran,247953,,,,,
Beykoz,41.1342,29.0922,Turkey,247875,,,,,
Nashua,42.7491,-71.491,United States,247828,,,,,
Sahiwal,30.6611,73.1083,Pakistan,247706,,,,,
Isparta,37.7647,30.5567,Turkey,247580,,,,,
Navotas,14.6667,120.9417,Philippines,247543,,,,,
Santa Clara,22.4067,-79.9531,Cuba,247436,,,,,
Yamagata,38.2554,140.3396,Japan,247234,,,,,
Aksaray,38.3742,34.0289,Turkey,247147,,,,,
Governador Valadares,-18.8508,-41.9489,Brazil,247131,,,,,
Khomeynī Shahr,32.6803,51.5361,Iran,247128,,,,,
Shijing,23.093,113.7965,China,246960,,,,,
York,39.9651,-76.7315,United States,246769,,,,,
Abertawe,51.6167,-3.95,United Kingdom,246700,,,,,
Tsukuba-kenkyūgakuen-toshi,36.0835,140.0764,Japan,246647,,,,,
Oruro,-17.9799,-67.13,Bolivia,246501,,,,,
Macaé,-22.3708,-41.7869,Brazil,246391,,,,,
Győr,47.6842,17.6344,Hungary,246159,,,,,
Al ‘Āshir min Ramaḑān,30.2964,31.7463,Egypt,246148,,,,,
Mahajanga,-15.67,46.345,Madagascar,246022,,,,,
Mount Lavinia,6.8339,79.8644,Sri Lanka,245974,,,,,
Garland,32.91,-96.6304,United States,245298,,,,,
Gdynia,54.5175,18.54,Poland,245222,,,,,
Barnsley,53.5547,-1.4791,United Kingdom,245199,,,,,
Taiping,4.865,100.72,Malaysia,245182,,,,,
Syktyvkar,61.6667,50.8167,Russia,245083,,,,,
Stoke-on-Trent,53.0255,-2.1761,United Kingdom,245000,,,,,
São José de Ribamar,-2.5619,-44.0539,Brazil,244579,,,,,
Rock Hill,34.9415,-81.0241,United States,244403,,,,,
Puducherry,11.9167,79.8167,India,244377,,,,,
Merlo,-34.6653,-58.7275,Argentina,244168,,,,,
Portoviejo,-1.0561,-80.4553,Ecuador,244129,,,,,
Damanhūr,31.05,30.4667,Egypt,244043,,,,,
Sarajevo,43.8564,18.4131,Bosnia and Herzegovina,244000,,,,,
Jessore,23.1704,89.2,Bangladesh,243987,,,,,
Rivne,50.6192,26.2519,Ukraine,243873,,,,,
Kesbewa,6.7914,79.9378,Sri Lanka,243842,,,,,
Kanpur,26.4499,80.3319,India,243800,,,,,
Fuji,35.1613,138.6763,Japan,243739,,,,,
Eindhoven,51.4344,5.4842,Netherlands,243730,,,,,
Sabzevār,36.2125,57.6764,Iran,243700,,,,,
Santa Maria,-29.6839,-53.8069,Brazil,243611,,,,,
Bahir Dar,11.6,37.3833,Ethiopia,243300,,,,,
Wudalianchi,48.75,126.1667,China,243283,,,,,
Elche,38.2669,-0.6983,Spain,243128,,,,,
Myitkyina,25.3833,97.4,Burma,243031,,,,,
Rāmgundam,18.7639,79.475,India,242979,,,,,
Tuy Hòa,13.0819,109.295,Vietnam,242840,,,,,
Sasebo,33.18,129.715,Japan,242664,,,,,
Sapele,5.9,5.6667,Nigeria,242652,,,,,
Birāṭnagar,26.4833,87.2833,Nepal,242548,,,,,
Pandharpur,17.6778,75.3278,India,242515,,,,,
Marg‘ilon,40.4711,71.7247,Uzbekistan,242500,,,,,
Qyzylorda,44.85,65.5167,Kazakhstan,242462,,,,,
St. Catharines,43.1833,-79.2333,Canada,242460,,,,,
Chigasaki,35.3333,139.4,Japan,242347,,,,,
Araraquara,-21.7939,-48.1758,Brazil,242228,,,,,
Halle,51.4828,11.9697,Germany,242172,,,,,
Scottsdale,33.6872,-111.8651,United States,242169,,,,,
Volta Redonda,-22.5231,-44.1042,Brazil,242063,,,,,
Americana,-22.7392,-47.3314,Brazil,242018,,,,,
Zhangping,25.2902,117.42,China,242000,,,,,
Man,7.4004,-7.55,Côte d’Ivoire,241969,,,,,
Sete Lagoas,-19.4658,-44.2469,Brazil,241835,,,,,
Bānchpār,23.2081,90.7979,Bangladesh,241799,,,,,
Sakākā,29.9697,40.2,Saudi Arabia,241669,,,,,
Haeju,38.0333,125.7167,"Korea, North",241599,,,,,
Taganrog,47.2167,38.9167,Russia,241557,,,,,
Hải Dương,20.9397,106.3306,Vietnam,241373,,,,,
Masaurhi Buzurg,25.35,85.02,India,241216,,,,,
Gelemso,8.8167,40.5167,Ethiopia,241200,,,,,
Alleppey,9.49,76.33,India,240991,,,,,
Paramaribo,5.8522,-55.2039,Suriname,240924,,,,,
Baruta,10.4322,-66.8739,Venezuela,240755,,,,,
Marília,-22.2139,-49.9458,Brazil,240590,,,,,
Katihār,25.53,87.58,India,240565,,,,,
Tarapoto,-6.4833,-76.3667,Peru,240453,,,,,
Nizhnekamsk,55.6333,51.8167,Russia,240379,,,,,
Atushi,39.7162,76.1684,China,240368,,,,,
Abī al Khaşīb,30.4464,47.9781,Iraq,240300,,,,,
Jacareí,-23.305,-45.9658,Brazil,240275,,,,,
Anju,39.62,125.66,"Korea, North",240117,,,,,
Magdeburg,52.1317,11.6392,Germany,240114,,,,,
Andīmeshk,32.4714,48.3489,Iran,240113,,,,,
Bunkyō-ku,35.7167,139.75,Japan,240069,,,,,
Blagoveshchensk,50.25,127.5333,Russia,239864,,,,,
Horlivka,48.3,38.05,Ukraine,239828,,,,,
Ahor,25.367,72.783,India,239642,,,,,
Yato,35.4833,139.45,Japan,239146,,,,,
Matsumoto,36.238,137.972,Japan,239115,,,,,
Chimoio,-19.1167,33.45,Mozambique,238976,,,,,
Lille,50.6278,3.0583,France,238695,,,,,
Kasulu,-4.58,30.1,Tanzania,238321,,,,,
Ivano-Frankivsk,48.9228,24.7106,Ukraine,238196,,,,,
Chōfugaoka,35.6506,139.5407,Japan,238087,,,,,
González Catán,-34.7667,-58.6167,Argentina,238067,,,,,
Wuyishan,27.7564,118.0353,China,238000,,,,,
Shenmu,38.8244,110.4831,China,237846,,,,,
Gangānagar,29.92,73.88,India,237780,,,,,
Braşov,45.6667,25.6167,Romania,237589,,,,,
Āmol,36.4703,52.3467,Iran,237528,,,,,
Freiburg im Breisgau,47.995,7.85,Germany,237244,,,,,
Monclova,26.9103,-101.4222,Mexico,237169,,,,,
Chishui,28.5904,105.6975,China,237052,,,,,
Djougou,9.7,1.6667,Benin,237040,,,,,
Mirpur Khas,25.525,69.0158,Pakistan,236961,,,,,
P’yŏngsŏng-si,39.2605,125.8618,"Korea, North",236609,,,,,
North Hempstead,40.7912,-73.6688,United States,236600,,,,,
Centurion,-25.8603,28.1894,South Africa,236580,,,,,
Tinkhang,27.23,95.17,India,236571,,,,,
Rewa,24.5381,81.2953,India,236519,,,,,
Uşak,38.6778,29.4042,Turkey,236366,,,,,
Lyubertsy,55.6783,37.8944,Russia,236339,,,,,
Pākdasht,35.4828,51.6814,Iran,236319,,,,,
Kajang,2.9927,101.7909,Malaysia,236240,,,,,
Petaẖ Tiqwa,32.0833,34.8833,Israel,236169,,,,,
Abhā,18.2167,42.5,Saudi Arabia,236157,,,,,
Al Minyā,28.0833,30.75,Egypt,236043,,,,,
Iseyin,7.9667,3.6,Nigeria,236000,,,,,
Central District,22.2867,114.155,Hong Kong,235953,,,,,
Gaborone,-24.6569,25.9086,Botswana,235884,,,,,
Zinder,13.8014,8.9849,Niger,235605,,,,,
Bole,44.8539,82.0514,China,235585,,,,,
Aguadilla,18.4382,-67.1537,Puerto Rico,235546,,,,,
Komsomol’sk-na-Amure,50.5667,137,Russia,235488,,,,,
Ganda,-13.0167,14.6333,Angola,235486,,,,,
Arlington,38.8786,-77.1011,United States,235463,,,,,
Uluberiya,22.47,88.11,India,235345,,,,,
Bulandshahr,28.4069,77.8497,India,235310,,,,,
Banda Aceh,5.55,95.3175,Indonesia,235305,,,,,
Najafābād,32.6331,51.365,Iran,235281,,,,,
Shibuya-ku,35.6594,139.7006,Japan,235193,,,,,
Bà Rịa,10.4992,107.1675,Vietnam,235192,,,,,
Bayamo,20.3795,-76.6433,Cuba,235107,,,,,
Limassol,34.6747,33.0442,Cyprus,235056,,,,,
Norfolk,36.8945,-76.259,United States,235037,,,,,
Georgetown,6.8011,-58.155,Guyana,235017,,,,,
Borūjerd,33.9111,48.7522,Iran,234997,,,,,
Ibb,13.9759,44.1709,Yemen,234837,,,,,
Appleton,44.278,-88.3892,United States,234701,,,,,
García,25.8167,-100.5833,Mexico,234698,,,,,
Arapiraca,-9.7525,-36.6611,Brazil,234696,,,,,
Longquan,28.0667,119.1333,China,234626,,,,,
Hòa Bình,20.8133,105.3383,Vietnam,234567,,,,,
Miri,4.3999,113.9845,Malaysia,234541,,,,,
Maracanaú,-3.8769,-38.6258,Brazil,234509,,,,,
Oral,51.2225,51.3725,Kazakhstan,234184,,,,,
Craiova,44.3333,23.8167,Romania,234140,,,,,
Rāichūr,16.2,77.37,India,234073,,,,,
Formosa,-26.1833,-58.1833,Argentina,234000,,,,,
Purwokerto,-7.4278,109.2417,Indonesia,233865,,,,,
Chauhanpatti,25.15,82.6,India,233691,,,,,
Bo,7.9564,-11.74,Sierra Leone,233684,,,,,
Mambéré,5.5,15.5,Central African Republic,233666,,,,,
Damboa,11.15,12.75,Nigeria,233500,,,,,
Groningen,53.2167,6.5667,Netherlands,233273,,,,,
Anyang,37.3833,126.9333,"Korea, South",233172,,,,,
Ipswich,-27.6144,152.7608,Australia,232930,,,,,
Teluk Intan,4.0119,101.0314,Malaysia,232800,,,,,
Mbour,14.4104,-16.9649,Senegal,232777,,,,,
San Cristóbal,18.4167,-70.1333,Dominican Republic,232769,,,,,
Granada,37.1781,-3.6008,Spain,232717,,,,,
Gravataí,-29.9433,-50.9939,Brazil,232629,,,,,
Cannanore,11.8745,75.3704,India,232486,,,,,
Singida,-4.8167,34.75,Tanzania,232459,,,,,
Kigoma,-4.8833,29.6333,Tanzania,232388,,,,,
Okara,30.8092,73.4536,Pakistan,232386,,,,,
Saga,33.2636,130.3008,Japan,232359,,,,,
Lin’an,23.6025,102.8309,China,232160,,,,,
Enterprise,36.0091,-115.2278,United States,232043,,,,,
Beni,0.5,29.4667,Congo (Kinshasa),232000,,,,,
Machilīpatnam,16.17,81.13,India,232000,,,,,
Nazipur,25.0455,88.7609,Bangladesh,231900,,,,,
Porto,41.1495,-8.6108,Portugal,231800,,,,,
Gulfport,30.4274,-89.0704,United States,231754,,,,,
Biyalā,31.1742,31.2218,Egypt,231569,,,,,
Lafayette,30.2082,-92.0325,United States,231548,,,,,
Madan,30.3469,48.2825,Iran,231476,,,,,
Huangjingkeng,22.9173,113.9958,China,231399,,,,,
Rancagua,-34.1667,-70.75,Chile,231370,,,,,
Phú Yên,21.4156,105.8739,Vietnam,231363,,,,,
Divinópolis,-20.1389,-44.8839,Brazil,231091,,,,,
Qarchak,35.4267,51.5842,Iran,231075,,,,,
Ormoc,11.0106,124.6075,Philippines,230998,,,,,
Yoshiichō-shimobaru,33.18,129.715,Japan,230873,,,,,
Fresnillo,23.175,-102.8675,Mexico,230865,,,,,
Türkmenabat,39.0833,63.5667,Turkmenistan,230861,,,,,
Sơn Tây,21.1333,105.5,Vietnam,230577,,,,,
Singkawang,0.9,108.9833,Indonesia,230376,,,,,
Zégoua,10.4519,-5.6511,Mali,230360,,,,,
Marka,1.7156,44.7703,Somalia,230100,,,,,
Barishal,22.7,90.3667,Bangladesh,230000,,,,,
Kulai,1.6561,103.6032,Malaysia,230000,,,,,
Pāli,25.77,73.33,India,229956,,,,,
Songadh,21.167,73.564,India,229782,,,,,
Gadda Madiral,18.7519,79.5133,India,229644,,,,,
Hosūr,12.7409,77.8253,India,229528,,,,,
Ordu,40.9833,37.8833,Turkey,229214,,,,,
Košice,48.7167,21.25,Slovakia,229040,,,,,
Kasukabe,35.9753,139.7523,Japan,228975,,,,,
Bojnūrd,37.4722,57.3289,Iran,228931,,,,,
Envigado,6.1667,-75.5667,Colombia,228848,,,,,
Haridwār,29.945,78.163,India,228832,,,,,
Vizianagaram,18.1159,83.406,India,228720,,,,,
Tarrasa,41.57,2.013,Spain,228708,,,,,
Suzano,-23.5428,-46.3108,Brazil,228690,,,,,
Cobán,15.4833,-90.3667,Guatemala,228664,,,,,
Bremerton,47.5436,-122.7121,United States,228576,,,,,
Khénifra,32.9394,-5.6675,Morocco,228567,,,,,
Krefeld,51.3333,6.5667,Germany,228550,,,,,
Fremont,37.5265,-121.9843,United States,228518,,,,,
Guantánamo,20.1383,-75.2061,Cuba,228436,,,,,
Şabyā,17.1495,42.6254,Saudi Arabia,228375,,,,,
Pāthardi,19.17,75.18,India,228279,,,,,
Magé,-22.6528,-43.0408,Brazil,228127,,,,,
Neya,34.7667,135.6333,Japan,227997,,,,,
Mel Pālaiyam,8.7,77.7069,India,227895,,,,,
Tripoli,34.4367,35.8344,Lebanon,227857,,,,,
Rennes,48.1147,-1.6794,France,227830,,,,,
Ipatinga,-19.4678,-42.5369,Brazil,227731,,,,,
Sāqultah,26.6582,31.6714,Egypt,227719,,,,,
Green Bay,44.5148,-87.9895,United States,227679,,,,,
Choloma,15.6127,-87.9507,Honduras,227535,,,,,
Khatīma,28.9198,79.9699,India,227226,,,,,
Badalona,41.4489,2.2461,Spain,227083,,,,,
Petlād,22.47,72.8,India,227031,,,,,
Kamianske,48.5167,34.6133,Ukraine,226845,,,,,
Ageoshimo,35.9774,139.5932,Japan,226616,,,,,
Changhua,24.0667,120.5333,Taiwan,226564,,,,,
Regina,50.4547,-104.6067,Canada,226404,,,,,
Cà Mau,9.1833,105.15,Vietnam,226372,,,,,
Korolëv,55.9167,37.8167,Russia,226007,,,,,
Tieli,46.95,128.05,China,225960,,,,,
Dianbu,31.8883,117.4608,China,225808,,,,,
Kolpino,59.7333,30.6,Russia,225801,,,,,
Chilpancingo,17.55,-99.5,Mexico,225728,,,,,
Rio Verde,-17.7978,-50.9278,Brazil,225696,,,,,
Meycauayan,14.73,120.95,Philippines,225673,,,,,
Presidente Prudente,-22.1258,-51.3889,Brazil,225668,,,,,
Varāmīn,35.3503,51.6364,Iran,225628,,,,,
Padangsidempuan,1.3786,99.2722,Indonesia,225544,,,,,
Uacu Cungo,-11.3583,15.1194,Angola,225520,,,,,
Pudukkottai,10.3833,78.8001,India,225500,,,,,
Hunchun,42.863,130.366,China,225454,,,,,
Nadiād,22.69,72.86,India,225132,,,,,
Toamasina,-18.155,49.41,Madagascar,225116,,,,,
Fargo,46.8651,-96.8292,United States,225066,,,,,
Ternopil,49.5667,25.6,Ukraine,225004,,,,,
Mutare,-18.9667,32.6333,Zimbabwe,224802,,,,,
Chuādānga,23.6418,88.8577,Bangladesh,224576,,,,,
Carlos Manuel de Céspedes,21.5767,-78.2775,Cuba,224488,,,,,
Nong’an,44.4347,125.175,China,224387,,,,,
Ōta,36.2911,139.3754,Japan,224358,,,,,
Deltona,28.905,-81.2137,United States,224303,,,,,
Itaboraí,-22.7475,-42.8558,Brazil,224267,,,,,
Puerto Vallarta,20.6458,-105.2222,Mexico,224166,,,,,
Capiatá,-25.3538,-57.4426,Paraguay,224152,,,,,
Viamão,-30.0808,-51.0228,Brazil,224112,,,,,
Chapecó,-27.0958,-52.6178,Brazil,224013,,,,,
Banfield,-34.75,-58.3833,Argentina,223898,,,,,
Atsugichō,35.4333,139.3667,Japan,223815,,,,,
Cox’s Bāzār,21.4539,91.9677,Bangladesh,223522,,,,,
Bandar-e Būshehr,28.9264,50.8514,Iran,223504,,,,,
Tanjung Morawa,3.5167,98.7833,Indonesia,223450,,,,,
Brownsville,25.9975,-97.458,United States,223416,,,,,
Itapevi,-23.5489,-46.9342,Brazil,223404,,,,,
Probolinggo,-7.75,113.2167,Indonesia,223159,,,,,
Tanjore,10.787,79.1378,India,222943,,,,,
Mainz,49.9994,8.2736,Germany,222889,,,,,
Hachinohe,40.5123,141.4884,Japan,222799,,,,,
Barra do Dande,-8.4728,13.3731,Angola,222528,,,,,
Mezitli,36.75,34.5333,Turkey,222436,,,,,
Sandton,-26.107,28.0517,South Africa,222415,,,,,
Velikiy Novgorod,58.55,31.2667,Russia,222340,,,,,
Cork,51.9,-8.4731,Ireland,222333,,,,,
Dili,-8.5594,125.5795,Timor-Leste,222323,,,,,
Týrnavos,39.7333,22.2833,Greece,222280,,,,,
Owo,7.1961,5.5864,Nigeria,222262,,,,,
Swindon,51.56,-1.78,United Kingdom,222193,,,,,
Ciputat,-6.3111,106.7619,Indonesia,222186,,,,,
Sabadell,41.5486,2.1075,Spain,222177,,,,,
Myeik,12.4333,98.6,Burma,222056,,,,,
Kichha,28.92,79.5,India,221965,,,,,
Hialeah,25.8696,-80.3045,United States,221901,,,,,
Longjiang,22.8853,113.0758,China,221881,,,,,
Katri,23.48,80.4,India,221875,,,,,
Takarazuka,34.8114,135.3406,Japan,221846,,,,,
San Bernardino,34.1416,-117.2943,United States,221774,,,,,
Sarıçam,37.0333,35.4167,Turkey,221733,,,,,
Guéckédou,8.5667,-10.1333,Guinea,221715,,,,,
Neyshābūr,36.22,58.82,Iran,221700,,,,,
Xiqiao,22.9409,112.9819,China,221670,,,,,
Ibb,13.9667,44.1667,Yemen,221472,,,,,
Sóc Trăng,9.6028,105.9736,Vietnam,221430,,,,,
Dagarua,25.8,87.64,India,221229,,,,,
Tchaourou,8.8833,2.6,Benin,221108,,,,,
Lutsk,50.75,25.3358,Ukraine,220986,,,,,
Duekoué,6.7419,-7.3492,Côte d’Ivoire,220953,,,,,
Sambhal,28.58,78.55,India,220813,,,,,
Shakhty,47.7,40.2333,Russia,220802,,,,,
San Felipe,10.3406,-68.7369,Venezuela,220786,,,,,
Sāveh,35.0278,50.3611,Iran,220762,,,,,
Oviedo,43.36,-5.845,Spain,220543,,,,,
Tacoma,47.2431,-122.4531,United States,220482,,,,,
Santa Luzia,-19.7697,-43.8514,Brazil,220444,,,,,
Chí Linh,21.133,106.383,Vietnam,220421,,,,,
La Vega,19.22,-70.53,Dominican Republic,220279,,,,,
Singrauliya,24.202,82.666,India,220257,,,,,
El Jadid,33.2333,-8.5,Morocco,220181,,,,,
Ashdod,31.7978,34.6503,Israel,220174,,,,,
Prizren,42.2139,20.7397,Kosovo,220128,,,,,
Bratsk,56.1167,101.6,Russia,220097,,,,,
Thatta,24.7461,67.9244,Pakistan,220000,,,,,
Gainesville,29.6804,-82.3459,United States,219946,,,,,
Spring Valley,36.0952,-115.2636,United States,219913,,,,,
Cartagena,37.6019,-0.9842,Spain,219777,,,,,
Yenişehir,37.9333,40.2333,Turkey,219759,,,,,
Al Khubar,26.3,50.2167,Saudi Arabia,219679,,,,,
Kropyvnytskyi,48.5,32.2667,Ukraine,219676,,,,,
Osisioma,5.1497,7.3303,Nigeria,219632,,,,,
Tuluá,4.0833,-76.2,Colombia,219138,,,,,
Lübeck,53.8697,10.6864,Germany,219044,,,,,
Zanzibar,-6.165,39.199,Tanzania,219007,,,,,
Konibodom,40.2833,70.4167,Tajikistan,219000,,,,,
Kafue,-15.7667,28.1833,Zambia,219000,,,,,
Messina,38.1936,15.5542,Italy,218786,,,,,
Pangkalpinang,-2.1333,106.1167,Indonesia,218569,,,,,
Petrolina,-9.3928,-40.5078,Brazil,218538,,,,,
Bitung,1.4472,125.1978,Indonesia,218520,,,,,
Santo Tomas,14.08,121.18,Philippines,218500,,,,,
Clarksville,36.5692,-87.3413,United States,218159,,,,,
Naihāti,22.89,88.42,India,217900,,,,,
Arakawa,35.7333,139.7833,Japan,217891,,,,,
Babylon,40.6925,-73.3586,United States,217860,,,,,
Galaţi,45.4233,28.0425,Romania,217851,,,,,
Jaynagar,26.5925,86.1372,India,217820,,,,,
Laâyoune,27.15,-13.1989,Morocco,217732,,,,,
Tapachula,14.9,-92.2667,Mexico,217550,,,,,
Angarsk,52.55,103.9,Russia,217365,,,,,
Apapa,6.45,3.3667,Nigeria,217362,,,,,
Netanya,32.3286,34.8567,Israel,217200,,,,,
Silivri,41.0736,28.2478,Turkey,217163,,,,,
Qostanay,53.2,63.62,Kazakhstan,217135,,,,,
Staryy Oskol,51.2967,37.835,Russia,217107,,,,,
Alor Setar,6.1133,100.3729,Malaysia,217000,,,,,
Wayaobu,37.1427,109.6752,China,216910,,,,,
Zielona Góra,51.9333,15.5,Poland,216781,,,,,
José C. Paz,-34.5167,-58.7667,Argentina,216637,,,,,
Yamunānagar,30.133,77.288,India,216628,,,,,
Banjarbaru,-3.4425,114.8325,Indonesia,216600,,,,,
Valencia,7.9042,125.0928,Philippines,216546,,,,,
Ayacucho,-13.1631,-74.2244,Peru,216444,,,,,
Wellington,-41.2889,174.7772,New Zealand,216200,,,,,
Peñalolén,-33.4833,-70.55,Chile,216060,,,,,
Dongxing,21.5478,107.9717,China,216053,,,,,
Ar Ruseris,11.8633,34.3877,Sudan,215857,,,,,
Hortolândia,-22.8583,-47.22,Brazil,215819,,,,,
College Station,30.5852,-96.2959,United States,215768,,,,,
Olympia,47.0417,-122.8959,United States,215677,,,,,
Pallāvaram,12.9675,80.1491,India,215417,,,,,
Jiutepec,18.8833,-99.1667,Mexico,215357,,,,,
Kremenchuk,49.0631,33.4039,Ukraine,215271,,,,,
Dzerzhinsk,56.2333,43.45,Russia,215259,,,,,
Tân An,10.5333,106.4167,Vietnam,215250,,,,,
Golmud,36.4072,94.9283,China,215214,,,,,
San Rafael,-34.6,-68.3333,Argentina,215020,,,,,
Sidi Aïssa,36.5,4.2978,Algeria,215000,,,,,
Khargone,21.82,75.6187,India,215000,,,,,
As Samāwah,31.3167,45.2833,Iraq,215000,,,,,
Maţraḩ,23.6167,58.5667,Oman,214901,,,,,
Comalcalco,18.2801,-93.2018,Mexico,214877,,,,,
Oulu,65.0142,25.4719,Finland,214814,,,,,
Almere,52.3667,5.2167,Netherlands,214715,,,,,
Kŭlob,37.9092,69.7819,Tajikistan,214700,,,,,
Sa Đéc,10.3,105.7667,Vietnam,214610,,,,,
Mokpo,34.7589,126.38,"Korea, South",214534,,,,,
Al Ghardaqah,27.2578,33.8117,Egypt,214247,,,,,
Warnes,-17.5167,-63.1667,Bolivia,214216,,,,,
Cascais,38.6972,-9.4217,Portugal,214158,,,,,
Çiğli,38.4833,27.05,Turkey,214065,,,,,
Marcory,5.312,-3.9936,Côte d’Ivoire,214061,,,,,
Roanoke,37.2785,-79.9581,United States,214019,,,,,
Chilas,35.4194,74.0944,Pakistan,214000,,,,,
Sikasso,11.3167,-5.6667,Mali,213977,,,,,
Bouaflé,6.9903,-5.7442,Côte d’Ivoire,213967,,,,,
Osan,37.1498,127.0771,"Korea, South",213840,,,,,
Oakville,43.45,-79.6833,Canada,213759,,,,,
Secunderābād,17.4399,78.4983,India,213698,,,,,
Jerez de la Frontera,36.6817,-6.1378,Spain,213688,,,,,
Portland,43.6773,-70.2715,United States,213660,,,,,
El Tigre,8.8861,-64.2611,Venezuela,213524,,,,,
Isesaki,36.3114,139.1968,Japan,213303,,,,,
Norwich,52.6286,1.2928,United Kingdom,213166,,,,,
Częstochowa,50.8,19.1167,Poland,213107,,,,,
Monghyr,25.381,86.465,India,213101,,,,,
Luton,51.8783,-0.4147,United Kingdom,213052,,,,,
Chāpra,25.7848,84.7274,India,212955,,,,,
Sidi Bel Abbès,35.1939,-0.6414,Algeria,212935,,,,,
Jinshi,29.5,111.908,China,212739,,,,,
Zhubei,24.8333,121.0119,Taiwan,212695,,,,,
Tumaco,1.8067,-78.7647,Colombia,212692,,,,,
Trondheim,63.44,10.4,Norway,212660,,,,,
Mallawī,27.7306,30.8425,Egypt,212628,,,,,
Kure,34.2492,132.5658,Japan,212159,,,,,
Kuje,8.8822,7.2203,Nigeria,212100,,,,,
Bhadrāvati,13.8485,75.705,India,212073,,,,,
‘Aqrah,36.7604,43.8943,Iraq,212000,,,,,
Linz,48.3058,14.2864,Austria,211944,,,,,
Fontana,34.0968,-117.4599,United States,211921,,,,,
Cao Lãnh,10.4672,105.6303,Vietnam,211912,,,,,
Nagareyama,35.8563,139.9029,Japan,211620,,,,,
Xujing,31.1731,121.2723,China,211590,,,,,
Xigujing,31.2988,121.1742,China,211590,,,,,
Taitō,35.7125,139.78,Japan,211444,,,,,
Irákleio,35.3403,25.1344,Greece,211370,,,,,
Criciúma,-28.6775,-49.3697,Brazil,211369,,,,,
Panchkula,30.74,76.8,India,211355,,,,,
Oberhausen,51.4967,6.8706,Germany,211099,,,,,
Mirpur Bhtoro,24.73,68.25,Pakistan,210959,,,,,
Burhānpur,21.3114,76.2289,India,210891,,,,,
Ait Melloul,30.3342,-9.4972,Morocco,210870,,,,,
Rostock,54.0833,12.1333,Germany,210795,,,,,
Gujiao,37.907,112.176,China,210757,,,,,
Sobral,-3.6861,-40.3497,Brazil,210711,,,,,
Trece Martires City,14.28,120.87,Philippines,210503,,,,,
Gangneung,37.75,128.9,"Korea, South",210456,,,,,
Pagadian,7.8272,123.4364,Philippines,210452,,,,,
Quilicura,-33.3667,-70.7333,Chile,210410,,,,,
Spartanburg,34.9442,-81.9251,United States,210388,,,,,
Moreno Valley,33.9244,-117.2045,United States,210378,,,,,
Kairouan,35.6772,10.1008,Tunisia,210313,,,,,
Burgas,42.503,27.4702,Bulgaria,210284,,,,,
Frisco,33.156,-96.8216,United States,210238,,,,,
Arroyo Naranjo,23.0436,-82.3328,Cuba,210053,,,,,
Bukit Mertajam,5.363,100.4667,Malaysia,210000,,,,,
Richmond,49.1667,-123.1333,Canada,209937,,,,,
Kāpra,17.4859,78.5651,India,209882,,,,,
Burutu,5.35,5.5167,Nigeria,209666,,,,,
Móstoles,40.3333,-3.8667,Spain,209639,,,,,
Béni Mellal,32.3394,-6.3608,Morocco,209594,,,,,
Legazpi City,13.13,123.73,Philippines,209533,,,,,
Yonkers,40.9466,-73.8673,United States,209529,,,,,
Thingangyun,16.8281,96.1842,Burma,209486,,,,,
Panabo,7.3,125.68,Philippines,209230,,,,,
Cikupa,-6.4947,106.6511,Indonesia,209140,,,,,
Puerto Cabello,10.4667,-68.0167,Venezuela,209080,,,,,
Ich’ŏn,37.2667,127.4333,"Korea, South",209003,,,,,
Beersheba,31.2522,34.7867,Israel,209000,,,,,
Nowgong,26.3504,92.6796,India,209000,,,,,
Santo Agostinho,-8.29,-35.03,Brazil,208944,,,,,
Taisheng,23.2939,113.3531,China,208589,,,,,
Sunyani,7.336,-2.336,Ghana,208496,,,,,
Thousand Oaks,34.1914,-118.8756,United States,208302,,,,,
Lubuklinggau,-3.2967,102.8617,Indonesia,208225,,,,,
Ashaiman,5.6995,-0.0348,Ghana,208060,,,,,
Phan Rang-Tháp Chàm,11.5667,108.9833,Vietnam,207998,,,,,
Ambāla,30.38,76.78,India,207934,,,,,
Zamora,19.9833,-102.2833,Mexico,207860,,,,,
Torbalı,38.1619,27.3583,Turkey,207840,,,,,
Chungju,36.9667,127.95,"Korea, South",207839,,,,,
Kasangati,0.4378,32.6025,Uganda,207800,,,,,
Sioux Falls,43.5396,-96.7311,United States,207795,,,,,
Pamplona,42.8167,-1.65,Spain,207777,,,,,
Quetzaltenango,14.8333,-91.5167,Guatemala,207620,,,,,
Kharagpur,22.3302,87.3237,India,207604,,,,,
Farshūţ,26.055,32.1627,Egypt,207547,,,,,
Monywa,22.1083,95.1417,Burma,207489,,,,,
Nishitōkyō,35.7256,139.5383,Japan,207436,,,,,
Babruysk,53.15,29.2333,Belarus,207351,,,,,
Robertsonpet,12.9563,78.2754,India,207350,,,,,
Dindigul,10.35,77.95,India,207327,,,,,
Viranşehir,37.2306,39.7653,Turkey,207315,,,,,
Toledo,10.38,123.65,Philippines,207314,,,,,
Bila Tserkva,49.7989,30.1153,Ukraine,207273,,,,,
Marawi City,8.0031,124.285,Philippines,207010,,,,,
Hagerstown,39.6401,-77.7217,United States,206889,,,,,
Rānīwāra Kalān,24.75,72.2167,India,206831,,,,,
Çerkezköy,41.2889,28.0042,Turkey,206829,,,,,
Solihull,52.413,-1.778,United Kingdom,206674,,,,,
Parakou,9.35,2.6167,Benin,206667,,,,,
Bakaga,9.35,2.6167,Benin,206667,,,,,
Damietta,31.4167,31.8214,Egypt,206664,,,,,
Shimla,31.1033,77.1722,India,206575,,,,,
Padova,45.4064,11.8778,Italy,206496,,,,,
Cidade de Nacala,-14.55,40.6833,Mozambique,206449,,,,,
Evansville,37.9881,-87.5341,United States,206418,,,,,
Dinājpur,25.63,88.65,Bangladesh,206200,,,,,
Hospet,15.2689,76.3909,India,206167,,,,,
Islington,51.544,-0.1027,United Kingdom,206125,,,,,
Talca,-35.4269,-71.6656,Chile,206069,,,,,
Diaobingshancun,42.4667,123.5667,China,206058,,,,,
Ifakara,-8.1,36.6833,Tanzania,205843,,,,,
Northcote,-36.8019,174.7494,New Zealand,205605,,,,,
Māldah,25.0044,88.1458,India,205521,,,,,
San Carlos City,15.9281,120.3489,Philippines,205424,,,,,
Jiutai,44.1447,125.8443,China,205399,,,,,
Phan Thiết,10.9333,108.1,Vietnam,205333,,,,,
Khān Yūnis,31.3402,34.3063,Gaza Strip,205125,,,,,
Huayin,34.5833,110.1,China,205119,,,,,
Amarillo,35.1984,-101.8316,United States,205100,,,,,
Ongole,15.506,80.049,India,204746,,,,,
Córdoba,18.8942,-96.9347,Mexico,204721,,,,,
Brahmanpara,23.6165,91.0679,Bangladesh,204691,,,,,
Kassel,51.3158,9.4979,Germany,204687,,,,,
Biskra,34.85,5.7333,Algeria,204661,,,,,
Bingerville,5.35,-3.9,Côte d’Ivoire,204656,,,,,
Kalamazoo,42.2749,-85.5882,United States,204408,,,,,
Mpanda,-6.35,31.0667,Tanzania,204338,,,,,
Charleroi,50.4167,4.4442,Belgium,204322,,,,,
São José dos Pinhais,-25.535,-49.2058,Brazil,204316,,,,,
Ternate,0.78,127.3819,Indonesia,204215,,,,,
Sejong,36.487,127.2822,"Korea, South",204088,,,,,
Coquimbo,-29.9531,-71.3433,Chile,204068,,,,,
Luzhang,25.8226,98.8577,China,203977,,,,,
Kukawa,12.9167,13.5667,Nigeria,203864,,,,,
Geneva,46.2017,6.1469,Switzerland,203840,,,,,
Lorain,41.4409,-82.184,United States,203802,,,,,
Ellore,16.7117,81.1031,India,203780,,,,,
Đà Lạt,11.9417,108.4383,Vietnam,203710,,,,,
Huntington,40.8521,-73.3823,United States,203691,,,,,
Kinh Môn,21.033,106.5,Vietnam,203638,,,,,
Bīrjand,32.8781,59.2161,Iran,203636,,,,,
Santa Ana,14.58,121.012,Philippines,203598,,,,,
La Guaira,10.6,-66.9331,Venezuela,203520,,,,,
Loja,-3.9833,-79.2,Ecuador,203496,,,,,
Mandi Burewala,30.1592,72.6817,Pakistan,203454,,,,,
Banjar,-7.3695,108.5414,Indonesia,203417,,,,,
Acarigua,9.5597,-69.2019,Venezuela,203358,,,,,
Deoghar,24.48,86.7,India,203116,,,,,
Tanjungpinang,0.9188,104.4554,Indonesia,203008,,,,,
Phủ Từ Sơn,21.1189,105.9611,Vietnam,202874,,,,,
Galveston,29.2484,-94.8913,United States,202810,,,,,
Cabo San Lucas,22.8897,-109.9156,Mexico,202694,,,,,
El Tezal,22.8897,-109.9156,Mexico,202694,,,,,
Chhindwāra,22.057,78.9396,India,202688,,,,,
Almería,36.8417,-2.4639,Spain,202675,,,,,
Madiun,-7.63,111.5231,Indonesia,202544,,,,,
Iringa,-7.77,35.69,Tanzania,202490,,,,,
Mokameh,25.3898,85.9191,India,202411,,,,,
McKinney,33.2016,-96.667,United States,202314,,,,,
Turku,60.4517,22.2669,Finland,202250,,,,,
Luxor,25.6967,32.6444,Egypt,202232,,,,,
Jizzax,40.1158,67.8422,Uzbekistan,202200,,,,,
Arica,-18.4784,-70.3212,Chile,202131,,,,,
Las Tunas,20.9667,-76.95,Cuba,202105,,,,,
Qal‘at Bīshah,20.0087,42.5987,Saudi Arabia,202096,,,,,
Richmond Hill,43.8667,-79.4333,Canada,202022,,,,,
Timayy al Imdīd,30.9438,31.5293,Egypt,201956,,,,,
Al Khums,32.6497,14.2644,Libya,201943,,,,,
Matsue,35.4681,133.0486,Japan,201802,,,,,
Debrecen,47.53,21.6392,Hungary,201704,,,,,
Tarakan,3.3,117.6333,Indonesia,201635,,,,,
Loures,38.8309,-9.1684,Portugal,201632,,,,,
Radom,51.4036,21.1567,Poland,201601,,,,,
Petropavl,54.8833,69.1667,Kazakhstan,201446,,,,,
Rio Claro,-22.4108,-47.5608,Brazil,201418,,,,,
Maroua,10.5971,14.3157,Cameroon,201371,,,,,
Cajamarca,-7.1575,-78.5175,Peru,201329,,,,,
Comodoro Rivadavia,-45.8647,-67.4808,Argentina,201228,,,,,
Huntington,38.4109,-82.4345,United States,201208,,,,,
Qinā,26.1667,32.7167,Egypt,201191,,,,,
Mai’Adua,13.1906,8.2117,Nigeria,201178,,,,,
Moshi,-3.3349,37.3404,Tanzania,201150,,,,,
Daşoguz,41.8333,59.9667,Turkmenistan,201142,,,,,
Nampa,43.5844,-116.5638,United States,201129,,,,,
Hebron,31.5293,35.0938,West Bank,201063,,,,,
Puri,19.8106,85.8314,India,201026,,,,,
Şidfā,26.9664,31.3795,Egypt,200977,,,,,
Soio,-6.1333,12.3667,Angola,200920,,,,,
Menemen,38.6,27.0667,Turkey,200904,,,,,
Haldia,22.0667,88.0698,India,200827,,,,,
Jacobabad,28.2769,68.4514,Pakistan,200815,,,,,
Khandwa,21.82,76.35,India,200738,,,,,
Aberdeen,57.15,-2.11,United Kingdom,200680,,,,,
Huacho,-11.1067,-77.605,Peru,200585,,,,,
Yachiyo,35.7224,140.0999,Japan,200538,,,,,
Nandyāl,15.48,78.48,India,200516,,,,,
Hickory,35.741,-81.3223,United States,200500,,,,,
Morena,26.5,78,India,200483,,,,,
Guatire,10.4717,-66.5406,Venezuela,200417,,,,,
Guarenas,10.4667,-66.6167,Venezuela,200417,,,,,
Nasīm Shahr,35.5617,51.1617,Iran,200393,,,,,
Bouskoura,33.4489,-7.6486,Morocco,200359,,,,,
Kabankalan,9.98,122.82,Philippines,200198,,,,,
Araçatuba,-21.2089,-50.4328,Brazil,200124,,,,,
Vĩnh Long,10.25,105.9667,Vietnam,200120,,,,,
Lạng Sơn,21.8478,106.7578,Vietnam,200108,,,,,
Río Cuarto,-33.1333,-64.35,Argentina,200000,,,,,
Lochau,47.5167,9.75,Austria,200000,,,,,
Karjat,18.55,75,India,200000,,,,,
Kasba Patāspur,22.0216,87.5423,India,200000,,,,,
At Tājī,33.5294,44.2775,Iraq,200000,,,,,
Khorramābād,33.4875,48.3561,Iran,200000,,,,,
Kakuma,3.7167,34.8667,Kenya,200000,,,,,
Az Zāwīyah,32.7522,12.7278,Libya,200000,,,,,
Isanlu,8.1667,5.8,Nigeria,200000,,,,,
Waterbury,41.5582,-73.0361,United States,199965,,,,,
Mérida,8.48,-71.19,Venezuela,199878,,,,,
Lahad Datu,5.0464,118.336,Malaysia,199830,,,,,
Concordia,-31.4,-58.0333,Argentina,199634,,,,,
Drabar,33.43,75.09,India,199429,,,,,
Sunrise Manor,36.1783,-115.0487,United States,199099,,,,,
Pristina,42.6666,21.1724,Kosovo,198897,,,,,
Uripa,11.9167,-72,Colombia,198890,,,,,
Khowy,38.5464,44.9542,Iran,198845,,,,,
Gbadolite,4.2833,21.0167,Congo (Kinshasa),198839,,,,,
Laqţah,25.4175,51.5075,Qatar,198600,,,,,
Grand Prairie,32.6871,-97.0208,United States,198564,,,,,
Apopa,13.8,-89.1833,El Salvador,198528,,,,,
Amroha,28.9044,78.4675,India,198471,,,,,
Lunga-Lunga,-4.55,39.12,Kenya,198423,,,,,
Trieste,45.6503,13.7703,Italy,198417,,,,,
Toruń,53.0222,18.6111,Poland,198273,,,,,
Martapura,-3.45,114.8333,Indonesia,198239,,,,,
Rānī,9.3667,76.7667,India,198194,,,,,
Kankan,10.3833,-9.3,Guinea,198013,,,,,
Chakradharpur,22.7,85.63,India,197953,,,,,
Ocala,29.178,-82.1511,United States,197770,,,,,
Segamat,2.5148,102.8158,Malaysia,197762,,,,,
Bhiwāni,28.78,76.13,India,197662,,,,,
Waco,31.5599,-97.1882,United States,197594,,,,,
Bhind,26.5647,78.7864,India,197585,,,,,
Hobart,-42.8806,147.325,Australia,197451,,,,,
Baure,12.7833,8.7667,Nigeria,197425,,,,,
Higashi-Hiroshima,34.4264,132.7433,Japan,197347,,,,,
La Ceiba,15.7833,-86.7918,Honduras,197267,,,,,
Ciudad Madero,22.2475,-97.8375,Mexico,197216,,,,,
Itami,34.7833,135.4,Japan,197215,,,,,
Overland Park,38.887,-94.687,United States,197199,,,,,
Sawangan,-6.4086,106.7647,Indonesia,197170,,,,,
Bamiantong,44.9167,130.5167,China,197065,,,,,
Zākhū,37.1436,42.6819,Iraq,197000,,,,,
Kodaira,35.7285,139.4774,Japan,196959,,,,,
Rajin,42.3444,130.3844,"Korea, North",196954,,,,,
Alcalá de Henares,40.4667,-3.3667,Spain,196888,,,,,
Parma,44.8015,10.328,Italy,196764,,,,,
Frederick,39.4337,-77.4141,United States,196743,,,,,
Huánuco,-9.9295,-76.2397,Peru,196627,,,,,
San Lorenzo,-32.75,-60.7333,Argentina,196568,,,,,
Kusŏng,39.9667,125.1667,"Korea, North",196515,,,,,
Brescia,45.5389,10.2203,Italy,196446,,,,,
Zipaquirá,5.0333,-74,Colombia,196409,,,,,
Khammam,17.2473,80.1514,India,196283,,,,,
Madhyamgram,22.7,88.45,India,196127,,,,,
Huntington Beach,33.696,-118.0018,United States,196010,,,,,
Kajo Kaji,3.8863,31.667,South Sudan,196000,,,,,
Kouribga,32.8833,-6.9167,Morocco,195931,,,,,
Ghāndīnagar,23.2231,72.65,India,195891,,,,,
Rzeszów,50.0333,22,Poland,195871,,,,,
Prato,43.8808,11.0966,Italy,195736,,,,,
Myawadi,16.6878,98.5083,Burma,195624,,,,,
Mwene-Ditu,-7,23.45,Congo (Kinshasa),195622,,,,,
Dongning,44.1167,130.8167,China,195489,,,,,
Koronadal,6.5,124.85,Philippines,195398,,,,,
La Serena,-29.9,-71.25,Chile,195382,,,,,
Maharagama,6.848,79.9265,Sri Lanka,195355,,,,,
San Pedro de Macorís,18.4572,-69.3061,Dominican Republic,195307,,,,,
Liège,50.6397,5.5706,Belgium,195278,,,,,
Suzuka,34.882,136.5842,Japan,195250,,,,,
Beichengqu,40.437,113.11,China,195229,,,,,
Coro,11.417,-69.67,Venezuela,195227,,,,,
Baharampur,24.1,88.25,India,195223,,,,,
Tchitato,-7.3667,20.8333,Angola,195136,,,,,
Malema,-14.9486,37.4144,Mozambique,195077,,,,,
Mbarara,-0.6133,30.6583,Uganda,195013,,,,,
Santa Barbara,34.4285,-119.7202,United States,194950,,,,,
Morbi,22.82,70.83,India,194947,,,,,
Cuautla,18.8167,-98.95,Mexico,194786,,,,,
Guanajuato,21.0178,-101.2567,Mexico,194500,,,,,
Tébessa,35.4,8.1167,Algeria,194461,,,,,
Kamirenjaku,35.6836,139.5595,Japan,194460,,,,,
Mohammedia,33.6833,-7.3833,Morocco,194358,,,,,
Peoria,33.7843,-112.2989,United States,194338,,,,,
Holon,32.0167,34.7667,Israel,194300,,,,,
Düzce,40.8417,31.1583,Turkey,194097,,,,,
Leganés,40.3281,-3.7644,Spain,194084,,,,,
Peterborough,52.5661,-0.2364,United Kingdom,194000,,,,,
Tanauan,14.08,121.15,Philippines,193936,,,,,
Sūhāj,26.5606,31.6917,Egypt,193931,,,,,
Bené Beraq,32.0807,34.8338,Israel,193774,,,,,
Sosnowiec,50.2833,19.1333,Poland,193660,,,,,
Pingtung,22.6761,120.4942,Taiwan,193563,,,,,
Cholula de Rivadabia,19.0633,-98.3064,Mexico,193554,,,,,
São Leopoldo,-29.76,-51.1469,Brazil,193547,,,,,
Būkān,36.515,46.2075,Iran,193501,,,,,
Kökshetaū,53.2833,69.3833,Kazakhstan,193492,,,,,
Anseong,37.0078,127.2797,"Korea, South",193220,,,,,
Fatehpur,25.93,80.8,India,193193,,,,,
Kumagaya,36.1474,139.3886,Japan,193190,,,,,
Krasnogorsk,55.8217,37.3386,Russia,193127,,,,,
Banī Suwayf,29.0667,31.0833,Egypt,193048,,,,,
Quelimane,-17.8764,36.8872,Mozambique,192876,,,,,
Cedar Rapids,41.9662,-91.6783,United States,192755,,,,,
Vancouver,45.6366,-122.5967,United States,192696,,,,,
Hyesan,41.4,128.1833,"Korea, North",192680,,,,,
Jalapa,14.6333,-89.9833,Guatemala,192676,,,,,
Kaesŏng,37.9667,126.55,"Korea, North",192578,,,,,
Nossa Senhora do Socorro,-10.855,-37.1258,Brazil,192330,,,,,
Glendale,34.1819,-118.2468,United States,192270,,,,,
Croydon,51.3727,-0.1099,United Kingdom,192064,,,,,
Rio Grande,-32.035,-52.0989,Brazil,191900,,,,,
Gorontalo,0.5422,123.0614,Indonesia,191897,,,,,
Florencia,1.6139,-75.6128,Colombia,191867,,,,,
Fianarantsoa,-21.4333,47.0833,Madagascar,191776,,,,,
Tsing Yi Town,22.3456,114.1,Hong Kong,191500,,,,,
Yamaguchi,34.1781,131.4739,Japan,191470,,,,,
Iwo,7.6333,4.1833,Nigeria,191377,,,,,
Rāe Bareli,26.2236,81.2403,India,191316,,,,,
Angren,41.0167,70.1436,Uzbekistan,191300,,,,,
Godoy Cruz,-32.9167,-68.8333,Argentina,191299,,,,,
Ciudad del Carmen,18.6333,-91.8333,Mexico,191238,,,,,
Bago,10.5388,122.8384,Philippines,191210,,,,,
Valera,9.32,-70.62,Venezuela,191167,,,,,
Ouargla,31.95,5.3167,Algeria,191136,,,,,
Manzanillo,19.0522,-104.3158,Mexico,191031,,,,,
Fuenlabrada,40.2833,-3.8,Spain,190790,,,,,
Malaybalay,8.1564,125.1333,Philippines,190712,,,,,
Isidro Casanova,-34.7,-58.5833,Argentina,190696,,,,,
Chibia,-15.1833,13.7,Angola,190670,,,,,
Hino,35.6713,139.3951,Japan,190598,,,,,
Orai,25.98,79.47,India,190575,,,,,
Hagen,51.3667,7.4833,Germany,190490,,,,,
Shahr-e Kord,32.3322,50.8564,Iran,190441,,,,,
Jhelum,32.9425,73.7256,Pakistan,190425,,,,,
Ingabu,17.8167,95.2667,Burma,190412,,,,,
Mahbūbnagar,16.7488,78.0035,India,190400,,,,,
Pābna,24.0004,89.25,Bangladesh,190317,,,,,
Pak Kret,13.9125,100.4978,Thailand,190272,,,,,
Cẩm Phả,21.0167,107.3167,Vietnam,190232,,,,,
Batu,-7.872,112.525,Indonesia,190184,,,,,
Taihe,23.7413,113.0076,China,189938,,,,,
Getafe,40.3047,-3.7311,Spain,189906,,,,,
Saddiqabad,28.3006,70.1302,Pakistan,189876,,,,,
Ngaoundéré,7.3167,13.5833,Cameroon,189800,,,,,
Gastonia,35.2494,-81.1854,United States,189767,,,,,
Chŏngju,39.65,125.3333,"Korea, North",189742,,,,,
Poza Rica de Hidalgo,20.5333,-97.45,Mexico,189457,,,,,
Pskov,57.8167,28.3333,Russia,189315,,,,,
Murtazābād,28.7111,77.2688,India,189117,,,,,
Donostia,43.3214,-1.9856,Spain,189093,,,,,
Las Heras,-32.85,-68.8167,Argentina,189067,,,,,
Odawara,35.25,139.15,Japan,189038,,,,,
Abū Ghurayb,33.3056,44.1848,Iraq,189000,,,,,
Sokodé,8.9833,1.1333,Togo,189000,,,,,
Anjōmachi,34.9587,137.0803,Japan,188801,,,,,
Spring Hill,28.4798,-82.53,United States,188743,,,,,
Pinar del Río,22.4122,-83.6719,Cuba,188614,,,,,
Kenema,7.8833,-11.1833,Sierra Leone,188463,,,,,
Balkanabat,39.5167,54.3667,Turkmenistan,188429,,,,,
Digos,6.75,125.35,Philippines,188376,,,,,
El Progreso,15.4009,-87.812,Honduras,188366,,,,,
Bhuj,23.25,69.67,India,188236,,,,,
Al Ḩasakah,36.4833,40.75,Syria,188160,,,,,
San Francisco de Macorís,19.3,-70.25,Dominican Republic,188118,,,,,
Taranto,40.4711,17.2431,Italy,188098,,,,,
Prabumulih,-3.4328,104.2356,Indonesia,188082,,,,,
Kishiwada,34.4667,135.3667,Japan,188015,,,,,
Iquique,-20.2167,-70.15,Chile,188003,,,,,
Desē,11.1333,39.6333,Ethiopia,187900,,,,,
Gharyān,32.1697,13.0167,Libya,187854,,,,,
Numazu,35.0956,138.8634,Japan,187653,,,,,
Murfreesboro,35.849,-86.4121,United States,187601,,,,,
Ratanpur,23.0851,72.5716,India,187573,,,,,
Orsk,51.2,58.5667,Russia,187517,,,,,
Bournemouth,50.72,-1.88,United Kingdom,187503,,,,,
Bhusāval,21.05,75.77,India,187421,,,,,
Tottori,35.5,134.2333,Japan,187323,,,,,
Jōetsu,37.1479,138.2361,Japan,187291,,,,,
San Diego,10.254,-68.0109,Venezuela,187215,,,,,
Kōfu,35.6621,138.5682,Japan,187144,,,,,
Ucu Seles,-11.4047,14.3006,Angola,187127,,,,,
Potsdam,52.4006,13.0592,Germany,187119,,,,,
Calbayog City,12.07,124.6,Philippines,186960,,,,,
Kırıkkale,39.8417,33.5139,Turkey,186960,,,,,
Burlington,43.3167,-79.8,Canada,186948,,,,,
Kielce,50.8742,20.6333,Poland,186894,,,,,
Itabuna,-14.7858,-39.28,Brazil,186708,,,,,
Klerksdorp,-26.8667,26.6667,South Africa,186515,,,,,
Tekirdağ,40.9778,27.5153,Turkey,186421,,,,,
Tempe,33.3881,-111.9319,United States,186419,,,,,
Pasuruan,-7.6406,112.9065,Indonesia,186262,,,,,
Bahraigh,27.575,81.594,India,186223,,,,,
Paradise,36.0872,-115.1355,United States,186178,,,,,
Ed Damazin,11.7704,34.35,Sudan,186051,,,,,
Basildon,51.58,0.49,United Kingdom,185900,,,,,
Plzeň,49.7475,13.3775,Czechia,185599,,,,,
St. John's,47.4817,-52.7971,Canada,185565,,,,,
Umreth,22.6986,73.1156,India,185320,,,,,
Dunhuang,40.1411,94.6639,China,185231,,,,,
Semnān,35.5811,53.3833,Iran,185129,,,,,
Narsingdi,23.9,90.7167,Bangladesh,185128,,,,,
Temirtaū,50.05,72.95,Kazakhstan,185082,,,,,
Banja Luka,44.7725,17.1925,Bosnia and Herzegovina,185042,,,,,
Ittikara,8.8633,76.6972,India,185008,,,,,
Yei,4.0904,30.68,South Sudan,185000,,,,,
Mahesāna,23.6,72.4,India,184991,,,,,
Kuchlagh,31.0833,67.1056,Pakistan,184818,,,,,
Newport News,37.1051,-76.5185,United States,184774,,,,,
Ferraz de Vasconcelos,-23.5411,-46.3689,Brazil,184700,,,,,
Bolu,40.7347,31.6075,Turkey,184682,,,,,
Alasandigutta,15.6244,77.2731,India,184625,,,,,
‘Unayzah,26.086,43.997,Saudi Arabia,184600,,,,,
Armavir,45,41.1167,Russia,184546,,,,,
Erie,42.1167,-80.0733,United States,184332,,,,,
Izuo,34.4836,135.4236,Japan,184299,,,,,
Seixal,38.6428,-9.1061,Portugal,184269,,,,,
Al Qāmishlī,37.03,41.23,Syria,184231,,,,,
Padalarang,-6.8435,107.4779,Indonesia,184182,,,,,
Modena,44.6458,10.9257,Italy,184153,,,,,
Breda,51.5875,4.775,Netherlands,184126,,,,,
Toyokawa,34.8268,137.3759,Japan,183930,,,,,
Vĩnh Châu,9.333,106,Vietnam,183918,,,,,
Siguiri,11.4167,-9.1667,Guinea,183875,,,,,
Biysk,52.5333,85.2167,Russia,183852,,,,,
Cuango,-9.1444,18.0464,Angola,183767,,,,,
Rāiganj,25.62,88.12,India,183612,,,,,
Saarbrücken,49.2333,7,Germany,183509,,,,,
San Cristóbal,16.7367,-92.6383,Mexico,183509,,,,,
Fernando de la Mora,-25.3281,-57.5509,Paraguay,183390,,,,,
Trảng Bàng,11.033,106.367,Vietnam,183385,,,,,
Aqtaū,43.6525,51.1575,Kazakhstan,183350,,,,,
Santa Bárbara d’Oeste,-22.7539,-47.4139,Brazil,183347,,,,,
Colombo,-25.2919,-49.2239,Brazil,183329,,,,,
Batāla,31.8186,75.2028,India,183314,,,,,
Saint Helens,53.4542,-2.7361,United Kingdom,183248,,,,,
Niš,43.3192,21.8961,Serbia,183164,,,,,
Oradea,47.0722,21.9211,Romania,183105,,,,,
Tumpat,6.1978,102.171,Malaysia,183100,,,,,
Fort Lauderdale,26.1412,-80.1464,United States,183032,,,,,
Malumfashi,11.8,7.6167,Nigeria,182920,,,,,
Isiro,2.7833,27.6167,Congo (Kinshasa),182900,,,,,
Termiz,37.2167,67.2833,Uzbekistan,182800,,,,,
Jaraguá do Sul,-26.4858,-49.0669,Brazil,182660,,,,,
Pālanpur,24.1722,72.4333,India,182592,,,,,
Sirsa,29.5333,75.0167,India,182534,,,,,
Donghua,35.2167,106.6,China,182449,,,,,
Odense,55.4004,10.3833,Denmark,182387,,,,,
Nouméa,-22.2625,166.4443,New Caledonia,182341,,,,,
Dinapore,25.6225,85.0417,India,182241,,,,,
Sorsogon,12.9742,124.0058,Philippines,182237,,,,,
Gainesville,34.2902,-83.8294,United States,182116,,,,,
Guarapuava,-25.395,-51.4578,Brazil,182093,,,,,
Tambaram,12.831,80.0459,India,182071,,,,,
Bethelsdorp,-33.8833,25.5,South Africa,182012,,,,,
Shrīrāmpur,22.75,88.34,India,181842,,,,,
Balakovo,52.0333,47.7833,Russia,181724,,,,,
Abakan,53.7167,91.4667,Russia,181709,,,,,
Braga,41.5503,-8.42,Portugal,181494,,,,,
Epe,6.5833,3.9833,Nigeria,181409,,,,,
Kelowna,49.8881,-119.4956,Canada,181380,,,,,
Fardīs,35.73,50.9822,Iran,181174,,,,,
Himatnagar,23.6,72.95,India,181137,,,,,
Kindia,10.0497,-12.8542,Guinea,181126,,,,,
Tachikawa,35.6942,139.4197,Japan,181115,,,,,
Turbo,8.1,-76.7333,Colombia,181000,,,,,
La Rioja,-29.4125,-66.8542,Argentina,180995,,,,,
Guna,24.65,77.32,India,180935,,,,,
Toulon,43.1258,5.9306,France,180834,,,,,
Hamm,51.6833,7.8167,Germany,180761,,,,,
Singosari,-7.8925,112.6658,Indonesia,180740,,,,,
Nawāda,24.88,85.53,India,180740,,,,,
Cuauhtémoc,28.405,-106.8667,Mexico,180638,,,,,
Mukdahan,16.5431,104.7228,Thailand,180600,,,,,
Ploieşti,44.9411,26.0225,Romania,180539,,,,,
Inisa,7.9833,4.65,Nigeria,180533,,,,,
Berazategui,-34.7167,-58.25,Argentina,180523,,,,,
Funtua,11.5204,7.32,Nigeria,180475,,,,,
Obuase,6.2,-1.6833,Ghana,180460,,,,,
Castellón de la Plana,39.9831,-0.0331,Spain,180379,,,,,
Jaunpur,25.73,82.68,India,180362,,,,,
Mbanza Kongo,-6.2678,14.2481,Angola,180329,,,,,
Geelong,-38.15,144.35,Australia,180239,,,,,
Lhokseumawe,5.1881,97.1403,Indonesia,180200,,,,,
Mahād,18.083,73.417,India,180191,,,,,
Madanapalle,13.55,78.5,India,180180,,,,,
Palopo,-3,120.2,Indonesia,180130,,,,,
Yuzhno-Sakhalinsk,46.9667,142.7333,Russia,180085,,,,,
Petarukan,-6.8961,109.4514,Indonesia,180084,,,,,
Guri,37.6,127.15,"Korea, South",180063,,,,,
Quảng Yên,20.917,106.833,Vietnam,180028,,,,,
Edirne,41.6769,26.5556,Turkey,180002,,,,,
Longjin,22.9525,113.0065,China,180000,,,,,
Santander de Quilichao,3.0167,-76.4833,Colombia,180000,,,,,
Wadlakonda,17.7736,79.575,India,180000,,,,,
Bhachāu,23.296,70.343,India,180000,,,,,
Kyaukpyu,19.4264,93.5458,Burma,180000,,,,,
Shivpuri,25.43,77.65,India,179977,,,,,
Caluquembe,-13.7833,14.6833,Angola,179931,,,,,
Aurora,41.7638,-88.2902,United States,179867,,,,,
Ussuriysk,43.8,131.9667,Russia,179862,,,,,
Buḍhānilkanṭha,27.7758,85.3619,Nepal,179688,,,,,
Uji,34.8844,135.7997,Japan,179626,,,,,
Mongu,-15.2775,23.1319,Zambia,179585,,,,,
Calabar,4.9767,8.3383,Nigeria,179392,,,,,
Dosquebradas,4.8333,-75.6833,Colombia,179301,,,,,
Roxas City,11.5894,122.7511,Philippines,179292,,,,,
Masan,35.1833,128.55,"Korea, South",179266,,,,,
Purwakarta,-6.5533,107.4472,Indonesia,179233,,,,,
Mauldin,34.7821,-82.3032,United States,179196,,,,,
Sātāra,17.688,74.006,India,179147,,,,,
El Khroub,36.2667,6.7,Algeria,179033,,,,,
Tiaret,35.3667,1.3167,Algeria,178915,,,,,
Cuautitlán,19.6833,-99.1833,Mexico,178847,,,,,
Njeru,0.4311,33.1478,Uganda,178800,,,,,
Al ‘Arīsh,31.1249,33.8006,Egypt,178651,,,,,
Reims,49.2628,4.0347,France,178478,,,,,
Vāda,19.39,73.08,India,178370,,,,,
Ontario,34.0393,-117.6064,United States,178347,,,,,
Langsa,4.48,97.9633,Indonesia,178334,,,,,
Phillaur,31.03,75.78,India,178198,,,,,
Körfez,40.7833,29.7333,Turkey,178048,,,,,
Guacara,10.2536,-67.9,Venezuela,178000,,,,,
Quevedo,-1.0333,-79.45,Ecuador,177792,,,,,
Fethiye,36.6514,29.1231,Turkey,177702,,,,,
Kandi,11.1286,2.9369,Benin,177683,,,,,
Nijmegen,51.8425,5.8528,Netherlands,177659,,,,,
Unnāo,26.55,80.49,India,177658,,,,,
Dundo,-7.3801,20.8351,Angola,177604,,,,,
Meiktila,20.8833,95.8833,Burma,177442,,,,,
Akhisar,38.9239,27.84,Turkey,177419,,,,,
Sītāpur,27.57,80.66,India,177351,,,,,
La Pintana,-33.5833,-70.6333,Chile,177335,,,,,
Ambato,-1.2422,-78.6289,Ecuador,177316,,,,,
Almada,38.6803,-9.1583,Portugal,177238,,,,,
Elk Grove,38.4161,-121.3842,United States,177221,,,,,
Riobamba,-1.6731,-78.6483,Ecuador,177213,,,,,
Kalamboli,19.2333,73.1333,India,177154,,,,,
Panama City,30.1995,-85.6003,United States,177125,,,,,
Ciudad Valles,21.9833,-99.0167,Mexico,177022,,,,,
Norilsk,69.3333,88.2167,Russia,176735,,,,,
Cary,35.7819,-78.8195,United States,176686,,,,,
San Luis Río Colorado,32.4767,-114.7625,Mexico,176685,,,,,
Sāila,25.333,72.367,India,176682,,,,,
Curug,-6.3711,106.8,Indonesia,176617,,,,,
Al Muḩarraq,26.25,50.6167,Bahrain,176583,,,,,
Letpandan,17.7866,95.7507,Burma,176571,,,,,
Hurlingham,-34.6,-58.6333,Argentina,176505,,,,,
Hamilton,-37.7833,175.2833,New Zealand,176500,,,,,
Al Juwayyidah,31.9167,35.95,Jordan,176400,,,,,
Cianjur,-6.82,107.1408,Indonesia,176368,,,,,
Ar Raḩmānīyah,31.1048,30.6414,Egypt,176315,,,,,
Wārāseonī,21.7647,80.0494,India,176291,,,,,
León,12.4333,-86.8867,Nicaragua,176171,,,,,
Mauli,30.699,76.693,India,176152,,,,,
Harnaut,25.3694,85.5319,India,176140,,,,,
Bejaïa,36.7511,5.0642,Algeria,176139,,,,,
Tongjiang,47.65,132.5,China,176112,,,,,
Ludwigshafen,49.4811,8.4353,Germany,176110,,,,,
Biu,10.6111,12.195,Nigeria,176072,,,,,
Hemet,33.7341,-116.9969,United States,176009,,,,,
Arafat,18.0583,-15.9621,Mauritania,175969,,,,,
Rantau Prapat,2.3333,100.05,Indonesia,175960,,,,,
Gölcük,40.7172,29.8228,Turkey,175940,,,,,
Burgos,42.35,-3.7067,Spain,175895,,,,,
Catumbela,-12.4339,13.5433,Angola,175805,,,,,
Chittoor,13.216,79.098,India,175647,,,,,
Shibirghān,36.665,65.752,Afghanistan,175599,,,,,
El Bosque,-33.5667,-70.675,Chile,175594,,,,,
Santa María Texmelucan,19.2833,-98.4333,Mexico,175518,,,,,
Navadwīp,23.42,88.37,India,175474,,,,,
Turgutlu,38.5,27.7,Turkey,175401,,,,,
Karaman,37.1819,33.2181,Turkey,175390,,,,,
Manaus,-3.1189,-60.0217,Brazil,175343,,,,,
Salatiga,-7.3247,110.5444,Indonesia,175288,,,,,
Kotdwāra,29.75,78.53,India,175232,,,,,
Danbury,41.4015,-73.4709,United States,175074,,,,,
Chicoloapan,19.4167,-98.9,Mexico,175053,,,,,
Pīlibhīt,28.6267,79.8058,India,175000,,,,,
Sīrjān,29.437,55.6802,Iran,175000,,,,,
Khapalu,35.1667,76.3333,Pakistan,175000,,,,,
Bodrum,37.0378,27.4242,Turkey,175000,,,,,
Narashino,35.6804,140.0265,Japan,174990,,,,,
Uppsala,59.8498,17.6389,Sweden,174982,,,,,
Cachoeiro de Itapemirim,-20.8489,-41.1128,Brazil,174879,,,,,
Rancho Cucamonga,34.1247,-117.5667,United States,174693,,,,,
Kangqiao,31.35,105.0667,China,174672,,,,,
Oldenburg,53.1439,8.2139,Germany,174629,,,,,
Juazeiro,-9.4139,-40.5028,Brazil,174567,,,,,
Luziânia,-16.2528,-47.95,Brazil,174531,,,,,
Timon,-5.0939,-42.8369,Brazil,174465,,,,,
Dagupan City,16.043,120.334,Philippines,174302,,,,,
Ada,7.8956,4.7094,Nigeria,174152,,,,,
Albacete,38.9956,-1.8558,Spain,174137,,,,,
Habaswein,1.0166,39.4912,Kenya,174134,,,,,
Santander,43.4628,-3.805,Spain,174101,,,,,
Gliwice,50.2833,18.6667,Poland,174016,,,,,
Piedras Negras,28.7,-100.5231,Mexico,173959,,,,,
Carúpano,10.6722,-63.2403,Venezuela,173877,,,,,
Bida,9.0804,6.01,Nigeria,173849,,,,,
Sakura,35.7167,140.2167,Japan,173740,,,,,
Townsville,-19.25,146.8167,Australia,173724,,,,,
Cuddalore,11.75,79.75,India,173676,,,,,
Alcorcón,40.35,-3.8333,Spain,173625,,,,,
Pátra,38.25,21.7333,Greece,173600,,,,,
São José,-27.615,-48.6278,Brazil,173559,,,,,
Basel,47.5606,7.5906,Switzerland,173552,,,,,
Lubao,14.93,120.6,Philippines,173502,,,,,
Tocuyito,10.1144,-68.0656,Venezuela,173450,,,,,
Nova Friburgo,-22.2819,-42.5308,Brazil,173418,,,,,
Mexico,15.0645,120.7203,Philippines,173403,,,,,
Gondal,21.958,70.795,India,173353,,,,,
Shāhīn Shahr,32.8606,51.5531,Iran,173329,,,,,
Mülheim,51.4275,6.8825,Germany,173255,,,,,
Deo,24.6583,84.4378,India,173216,,,,,
Fenglu,24.6506,102.935,China,173161,,,,,
Keningau,5.3378,116.1602,Malaysia,173130,,,,,
Salinas,36.6883,-121.6317,United States,172995,,,,,
Sherbrooke,45.4,-71.9,Canada,172950,,,,,
Kamakurayama,35.3197,139.5525,Japan,172929,,,,,
Hạ Long,20.95,107.0667,Vietnam,172915,,,,,
Silchar,24.82,92.8,India,172830,,,,,
Chīrāla,15.8246,80.3521,India,172826,,,,,
Gadag,15.4167,75.6167,India,172813,,,,,
Mang La,14.3617,108.0083,Vietnam,172712,,,,,
Hitachi,36.5991,140.6515,Japan,172709,,,,,
Jabālyā,31.5272,34.4835,Gaza Strip,172704,,,,,
Prokopyevsk,53.8833,86.7167,Russia,172618,,,,,
Polomolok,6.22,125.07,Philippines,172605,,,,,
Ongata Rongai,-1.4,36.77,Kenya,172570,,,,,
Saint-Étienne,45.4347,4.3903,France,172569,,,,,
Matosinhos,41.1867,-8.6844,Portugal,172557,,,,,
Oceanside,33.2247,-117.3083,United States,172542,,,,,
Sacaba,-17.4042,-66.0408,Bolivia,172466,,,,,
General Mariano Alvarez,14.3,121,Philippines,172433,,,,,
Lagos de Moreno,21.35,-101.9167,Mexico,172402,,,,,
Tiruvannāmalai,12.13,79.07,India,172348,,,,,
Kindu,-2.95,25.95,Congo (Kinshasa),172321,,,,,
Kaolack,14.1389,-16.0764,Senegal,172305,,,,,
Bīdar,17.912,77.52,India,172298,,,,,
Podgorica,42.4414,19.2628,Montenegro,172139,,,,,
San Miguel,15.1458,120.9783,Philippines,172073,,,,,
Talhar,24.8833,68.8167,Pakistan,172014,,,,,
Jalālābād,30.62,74.25,India,172000,,,,,
Izumo,35.3669,132.7547,Japan,171995,,,,,
Rafaḩ,31.287,34.2595,Gaza Strip,171899,,,,,
Bir el Djir,35.7367,-0.5542,Algeria,171883,,,,,
Rybinsk,58.05,38.8333,Russia,171810,,,,,
Cazanga,-9.3,14.95,Angola,171743,,,,,
Beji,-6.3704,106.8176,Indonesia,171660,,,,,
Oeiras,38.697,-9.3017,Portugal,171658,,,,,
Kempton Park,-26.1,28.2333,South Africa,171575,,,,,
Settat,33,-7.6167,Morocco,171556,,,,,
Guiglo,6.5436,-7.4933,Côte d’Ivoire,171454,,,,,
Amadora,38.75,-9.2333,Portugal,171454,,,,,
Vallejo,38.1125,-122.2342,United States,171414,,,,,
Baranavichy,53.1333,26.0167,Belarus,171361,,,,,
High Point,35.991,-79.9937,United States,171342,,,,,
Al Kūfah,32.03,44.4,Iraq,171305,,,,,
Araguaína,-7.1908,-48.2069,Brazil,171301,,,,,
Tangjin,36.8931,126.6281,"Korea, South",171213,,,,,
Villupuram,11.9401,79.4861,India,171131,,,,,
Nawsari,20.95,72.93,India,171109,,,,,
Surigao,9.7897,125.4958,Philippines,171107,,,,,
Erciş,39.0311,43.3597,Turkey,171000,,,,,
Reggio di Calabria,38.1144,15.65,Italy,170951,,,,,
Makurdi,7.7333,8.5,Nigeria,170925,,,,,
Bảo Lộc,11.5481,107.8075,Vietnam,170920,,,,,
Kohat,33.5833,71.4333,Pakistan,170800,,,,,
Petite Rivière de l’Artibonite,19.124,-72.4817,Haiti,170740,,,,,
Garden Grove,33.7787,-117.9601,United States,170603,,,,,
Pembroke Pines,26.0128,-80.3382,United States,170557,,,,,
Niğde,37.9667,34.6792,Turkey,170511,,,,,
Nqutu,-28.232,30.566,South Africa,170307,,,,,
Tonacatepeque,13.7833,-89.1167,El Salvador,170282,,,,,
Escuintla,14.2978,-90.7869,Guatemala,170280,,,,,
Fusagasugá,4.3452,-74.3618,Colombia,170241,,,,,
Malāyer,34.3,48.8178,Iran,170237,,,,,
Olsztyn,53.7778,20.4792,Poland,170225,,,,,
Tomakomai,42.6333,141.6,Japan,170223,,,,,
Aplahoué,6.9333,1.6833,Benin,170069,,,,,
Valsād,20.61,72.926,India,170060,,,,,
Guadalupe,22.7528,-102.5078,Mexico,170029,,,,,
Lancaster,34.6935,-118.1753,United States,170013,,,,,
As Suwayq,23.8494,57.4386,Oman,170000,,,,,
Concepcion,15.3249,120.6554,Philippines,169953,,,,,
San Luis,-33.3,-66.3333,Argentina,169947,,,,,
Barra Mansa,-22.5439,-44.1708,Brazil,169894,,,,,
Cape Coast,5.1,-1.25,Ghana,169894,,,,,
Ipiales,0.8303,-77.6444,Colombia,169864,,,,,
Magwe,4.1354,32.2869,South Sudan,169826,,,,,
Tebingtinggi,3.3194,99.1522,Indonesia,169786,,,,,
Urayasu,35.6539,139.9022,Japan,169749,,,,,
Puerto Montt,-41.4667,-72.9333,Chile,169736,,,,,
Reggio Emilia,44.7,10.6333,Italy,169545,,,,,
Al Marj,32.5005,20.83,Libya,169540,,,,,
Saḩāb,31.8667,36,Jordan,169434,,,,,
Caluquembe,-13.7833,14.6833,Angola,169420,,,,,
Medinīpur,22.424,87.319,India,169264,,,,,
Sŏsan,36.7817,126.4522,"Korea, South",169221,,,,,
Ji’an Shi,41.1253,126.194,China,169220,,,,,
Talas,38.6833,35.5667,Turkey,169214,,,,,
Chūō-ku,35.6667,139.7667,Japan,169179,,,,,
Batumi,41.6458,41.6417,Georgia,169095,,,,,
Bielsko-Biała,49.8225,19.0444,Poland,169089,,,,,
Chetumal,18.5036,-88.3053,Mexico,169028,,,,,
Nishio,34.83,137.0697,Japan,168992,,,,,
Damoh,23.8331,79.4419,India,168916,,,,,
Kalalé,10.2953,3.3786,Benin,168882,,,,,
Kroonstad,-27.65,27.2333,South Africa,168762,,,,,
Toliara,-23.35,43.6667,Madagascar,168756,,,,,
Barrechid,33.2667,-7.5833,Morocco,168687,,,,,
Marysville,48.0809,-122.1561,United States,168664,,,,,
Malanville,11.8667,3.3833,Benin,168641,,,,,
Calabozo,8.9333,-67.4333,Venezuela,168605,,,,,
Baliuag,14.954,120.901,Philippines,168470,,,,,
Passo Fundo,-28.2628,-52.4069,Brazil,168458,,,,,
Harīpur,31.53,75.92,India,168443,,,,,
Mahābād,36.7678,45.7339,Iran,168393,,,,,
Neyveli,11.6088,79.4994,India,168368,,,,,
Bordj Bou Arreridj,36.0667,4.7667,Algeria,168346,,,,,
Moratuwa,6.7804,79.88,Sri Lanka,168280,,,,,
Francisco Morato,-23.2817,-46.7425,Brazil,168243,,,,,
Haicheng,22.9658,115.3187,China,168227,,,,,
Hŭich’ŏn,40.1707,126.2761,"Korea, North",168180,,,,,
Ilford,51.5575,0.0858,United Kingdom,168168,,,,,
Marabá,-5.3689,-49.1178,Brazil,168020,,,,,
Bāramūla,34.198,74.364,India,167986,,,,,
Teluknaga,-6.0989,106.6381,Indonesia,167980,,,,,
Edremit,39.5922,27.02,Turkey,167901,,,,,
Jamālpur,24.9004,89.95,Bangladesh,167900,,,,,
Ríohacha,11.5442,-72.9069,Colombia,167865,,,,,
Gabès,33.8833,10.1167,Tunisia,167863,,,,,
Catape,-13.7667,15.0833,Angola,167820,,,,,
Caconda,-13.7393,15.0607,Angola,167820,,,,,
Hirosaki,40.6031,140.4638,Japan,167803,,,,,
Villa Canales,14.4833,-90.5333,Guatemala,167779,,,,,
Malkāpur,20.885,76.2,India,167740,,,,,
Katha,24.1822,96.3306,Burma,167700,,,,,
Oyama,36.3146,139.8002,Japan,167647,,,,,
Basuo,19.092,108.671,China,167636,,,,,
Jīnd,29.3167,76.3167,India,167592,,,,,
Bandırma,40.35,27.9667,Turkey,167363,,,,,
Bayamón,18.3794,-66.1635,Puerto Rico,167312,,,,,
Itapecerica da Serra,-23.7172,-46.8494,Brazil,167236,,,,,
Itu,-23.2642,-47.2992,Brazil,167095,,,,,
Al Qurayyāt,31.3167,37.3667,Saudi Arabia,167080,,,,,
Jutiapa,14.2828,-89.8925,Guatemala,167049,,,,,
Mary,37.6069,61.8344,Turkmenistan,167027,,,,,
Osnabrück,52.2833,8.05,Germany,166960,,,,,
Chandannagar,22.87,88.38,India,166867,,,,,
Linhares,-19.3987,-40.0651,Brazil,166786,,,,,
Tiantoujiao,23.0241,114.1046,China,166774,,,,,
Sampit,-2.5333,112.95,Indonesia,166773,,,,,
Fredericksburg,38.2992,-77.4872,United States,166746,,,,,
Kismaayo,-0.3603,42.5489,Somalia,166667,,,,,
Le Havre,49.49,0.1,France,166462,,,,,
Leverkusen,51.0333,6.9833,Germany,166414,,,,,
Ādoni,15.6279,77.2749,India,166344,,,,,
Tuguegarao,17.6133,121.7303,Philippines,166334,,,,,
Giá Rai,9.25,105.417,Vietnam,166324,,,,,
Visalia,36.3276,-119.3269,United States,166273,,,,,
Kuytun,44.4264,84.9032,China,166261,,,,,
Tuscaloosa,33.2348,-87.5268,United States,166253,,,,,
Offa,8.147,4.72,Nigeria,166112,,,,,
Ocumare del Tuy,10.1136,-66.7814,Venezuela,166112,,,,,
Sudbury,46.49,-81.01,Canada,166004,,,,,
Ratnapura,6.693,80.386,Sri Lanka,165998,,,,,
Niiza,35.7935,139.5653,Japan,165997,,,,,
Takaoka,36.7541,137.0257,Japan,165880,,,,,
Tanjungbalai,2.97,99.8,Indonesia,165763,,,,,
Kushiro,42.9833,144.3833,Japan,165699,,,,,
Iwata,34.7179,137.8515,Japan,165688,,,,,
Obihiro,42.9167,143.2,Japan,165684,,,,,
São Caetano do Sul,-23.6228,-46.5508,Brazil,165655,,,,,
Béchar,31.6167,-2.2167,Algeria,165627,,,,,
Samandağ,36.085,35.9806,Turkey,165494,,,,,
Palmdale,34.5944,-118.1057,United States,165487,,,,,
Warrington,53.39,-2.59,United Kingdom,165456,,,,,
Udipi,13.3389,74.7451,India,165401,,,,,
Santa Cruz,36.9789,-122.0346,United States,165263,,,,,
Saqqez,36.2411,46.2706,Iran,165258,,,,,
Fyzābād,26.773,82.146,India,165228,,,,,
Salihli,38.4811,28.1392,Turkey,165182,,,,,
San Fernando,7.894,-67.473,Venezuela,165135,,,,,
Ebo,-11,14.6667,Angola,165129,,,,,
Muse,23.9792,97.9047,Burma,165022,,,,,
Fukang,44.1646,87.9536,China,165006,,,,,
Xuejiawan,39.86,111.24,China,165000,,,,,
Sawāi Mādhopur,26,76.35,India,165000,,,,,
Shāhrūd,36.4133,54.9781,Iran,165000,,,,,
Idlib,35.9297,36.6317,Syria,165000,,,,,
Lajes,-27.8158,-50.3258,Brazil,164981,,,,,
Dourados,-22.2208,-54.8058,Brazil,164949,,,,,
Tenāli,16.239,80.645,India,164937,,,,,
Cienfuegos,22.1456,-80.4364,Cuba,164924,,,,,
Ungaran,-7.1381,110.405,Indonesia,164916,,,,,
Darmstadt,49.8722,8.6528,Germany,164792,,,,,
Bocoio,-12.45,14.15,Angola,164685,,,,,
Medford,42.3372,-122.854,United States,164628,,,,,
Khodābandeh,36,48.4167,Iran,164493,,,,,
Abengourou,6.7297,-3.4964,Côte d’Ivoire,164424,,,,,
Conjeeveram,12.8185,79.6947,India,164384,,,,,
Hadano,35.3667,139.2167,Japan,164292,,,,,
Chillán,-36.6,-72.1167,Chile,164270,,,,,
Gondomar,41.15,-8.5333,Portugal,164257,,,,,
Đông Hà,16.8303,107.0972,Vietnam,164228,,,,,
Abū Ḩulayfah,29.1322,48.1261,Kuwait,164212,,,,,
Musoma,-1.5,33.8,Tanzania,164172,,,,,
Madhubani,26.3519,86.0719,India,164156,,,,,
Arnhem,51.9833,5.9167,Netherlands,164096,,,,,
Quibala,-10.7333,14.9833,Angola,163991,,,,,
Proddatūr,14.75,78.55,India,163970,,,,,
Volgodonsk,47.5167,42.15,Russia,163963,,,,,
San Martin Texmelucan de Labastida,19.2833,-98.4333,Mexico,163922,,,,,
Tunja,5.5333,-73.3667,Colombia,163894,,,,,
Almetyevsk,54.9,52.3,Russia,163747,,,,,
San Marcos,10.6204,-84.512,Costa Rica,163745,,,,,
Poços de Caldas,-21.7878,-46.5608,Brazil,163742,,,,,
Sultānpur Mazra,28.6981,77.0689,India,163716,,,,,
Sidon,33.5606,35.3758,Lebanon,163554,,,,,
Tigaraksa,-6.2667,106.4667,Indonesia,163531,,,,,
Wau,7.7,27.99,South Sudan,163442,,,,,
Tokat,40.3139,36.5542,Turkey,163405,,,,,
Pocheon,37.8947,127.2002,"Korea, South",163388,,,,,
Skikda,36.8667,6.9,Algeria,163318,,,,,
Norwich,41.5495,-72.0882,United States,163299,,,,,
Muridke,31.802,74.255,Pakistan,163268,,,,,
Muzaffargarh,30.0694,71.1942,Pakistan,163268,,,,,
Merced,37.3057,-120.4779,United States,163257,,,,,
San Fernando,-34.45,-58.5667,Argentina,163240,,,,,
Petropavlovsk-Kamchatskiy,53.0167,158.65,Russia,162992,,,,,
Heidelberg,49.4167,8.7167,Germany,162960,,,,,
Huddersfield,53.645,-1.7798,United Kingdom,162949,,,,,
Ube,33.9517,131.2467,Japan,162873,,,,,
Chirchiq,41.4667,69.5833,Uzbekistan,162800,,,,,
Bandar-e Māhshahr,30.5567,49.1897,Iran,162797,,,,,
Nazilli,37.9125,28.3206,Turkey,162737,,,,,
Manchester,42.9848,-71.4447,United States,162716,,,,,
Odessa,31.8801,-102.3448,United States,162648,,,,,
Haarlem,52.3833,4.6333,Netherlands,162543,,,,,
Boma,-5.85,13.05,Congo (Kinshasa),162521,,,,,
Tuxtepec,18.1,-96.1167,Mexico,162511,,,,,
Muskegon,43.2281,-86.2562,United States,162458,,,,,
Sullana,-4.9,-80.6833,Peru,162434,,,,,
San Andrés Tuxtla,18.4483,-95.2122,Mexico,162428,,,,,
Villeurbanne,45.7667,4.8803,France,162207,,,,,
Parnaíba,-2.905,-41.7769,Brazil,162159,,,,,
Bizerte,37.2778,9.8639,Tunisia,162053,,,,,
Mukono,0.3533,32.7553,Uganda,161996,,,,,
Godhra,22.7772,73.6203,India,161925,,,,,
Rafsanjān,30.3983,55.9919,Iran,161909,,,,,
Sariaya,13.97,121.53,Philippines,161868,,,,,
Multai,21.77,78.25,India,161819,,,,,
Metro,-5.1167,105.3,Indonesia,161799,,,,,
Perugia,43.1121,12.3888,Italy,161748,,,,,
Camaçari,-12.6978,-38.3239,Brazil,161727,,,,,
Talcahuano,-36.7167,-73.1219,Chile,161692,,,,,
Guadalajara,40.6337,-3.1674,Spain,161683,,,,,
Tema,5.6667,-0.0167,Ghana,161612,,,,,
Syzran,53.1667,48.4667,Russia,161609,,,,,
Zemun,44.85,20.4,Serbia,161596,,,,,
Ndalatando,-9.3,14.9167,Angola,161584,,,,,
Solingen,51.1719,7.0847,Germany,161545,,,,,
Leesburg,28.7672,-81.8962,United States,161515,,,,,
Daule,-1.8667,-79.9833,Ecuador,161498,,,,,
Zhanlicun,23.2881,116.2594,China,161439,,,,,
Pangzawl,22.91,92.76,India,161428,,,,,
Bontang,0.1333,117.5,Indonesia,161413,,,,,
Jinggang,23.2722,113.2183,China,161343,,,,,
Prāntij,23.4384,72.8572,India,161279,,,,,
Ash Shīḩānīyah,25.3722,51.2047,Qatar,161240,,,,,
Papantla de Olarte,20.4478,-97.32,Mexico,161097,,,,,
Kamensk-Ural’skiy,56.4,61.9333,Russia,161085,,,,,
San Miguel del Padrón,23.0964,-82.3267,Cuba,161072,,,,,
Tân Phú,11.272,107.4367,Vietnam,161000,,,,,
Naic,14.32,120.77,Philippines,160987,,,,,
Liancheng,24.0519,105.075,China,160961,,,,,
Zaranj,30.96,61.86,Afghanistan,160902,,,,,
Kidapawan,7.0083,125.0894,Philippines,160791,,,,,
Bragança Paulista,-22.9189,-46.5425,Brazil,160665,,,,,
Pindamonhangaba,-22.9239,-45.4617,Brazil,160614,,,,,
Split,43.51,16.44,Croatia,160577,,,,,
Novocherkassk,47.4222,40.0939,Russia,160529,,,,,
Ziarat,30.381,67.727,Pakistan,160422,,,,,
Miyakonojō,31.7194,131.0617,Japan,160392,,,,,
Lafayette,40.3991,-86.8593,United States,160373,,,,,
Siirt,37.925,41.9458,Turkey,160340,,,,,
Trà Vinh,9.9333,106.35,Vietnam,160310,,,,,
Khanpur,28.65,70.68,Pakistan,160308,,,,,
Ferkessédougou,9.5928,-5.1944,Côte d’Ivoire,160267,,,,,
La Laguna,28.4853,-16.3167,Spain,160258,,,,,
Southend,51.55,0.71,United Kingdom,160257,,,,,
Ciudad Acuña,29.3242,-100.9317,Mexico,160225,,,,,
José María Ezeiza,-34.8333,-58.5167,Argentina,160219,,,,,
Khōst,33.3331,69.9169,Afghanistan,160214,,,,,
Koudougou,12.25,-2.3667,Burkina Faso,160207,,,,,
Saint-Marc,19.1167,-72.7,Haiti,160181,,,,,
San Nicolás de los Arroyos,-33.3333,-60.2167,Argentina,160000,,,,,
Huaycan,-12.0181,-76.8139,Peru,160000,,,,,
Milagro,-2.1347,-79.5872,Ecuador,159970,,,,,
Dijon,47.3167,5.0167,France,159941,,,,,
Moga,30.822,75.174,India,159897,,,,,
Ede,7.7389,4.4361,Nigeria,159866,,,,,
Ekibastuz,51.6667,75.3667,Kazakhstan,159760,,,,,
Enschede,52.2225,6.8925,Netherlands,159732,,,,,
Newport,51.5886,-2.9978,United Kingdom,159600,,,,,
Regensburg,49.0167,12.0833,Germany,159465,,,,,
Patos de Minas,-18.5871,-46.5149,Brazil,159235,,,,,
Kisarawe,-7.2622,38.7367,Tanzania,159226,,,,,
Budaun,28.05,79.12,India,159221,,,,,
Hayward,37.6328,-122.0766,United States,159201,,,,,
Ramat Gan,32.07,34.8235,Israel,159200,,,,,
Uttarpāra,22.67,88.35,India,159147,,,,,
Catamarca,-28.4667,-65.7833,Argentina,159139,,,,,
Marbella,36.5167,-4.8833,Spain,159000,,,,,
Daltonganj,24.03,84.07,India,158941,,,,,
Ceyhan,37.0289,35.8125,Turkey,158922,,,,,
Quipungo,-14.8167,14.55,Angola,158918,,,,,
Corona,33.8616,-117.5649,United States,158839,,,,,
Benoni,-26.1883,28.3206,South Africa,158777,,,,,
Djelfa,34.6667,3.25,Algeria,158679,,,,,
Macuspana,17.7667,-92.6,Mexico,158601,,,,,
Zhengding,38.1464,114.5708,China,158599,,,,,
Zlatoust,55.1667,59.6667,Russia,158597,,,,,
Aral,40.548,81.281,China,158593,,,,,
Cadiz,10.95,123.3,Philippines,158544,,,,,
Matsuzaka,34.5779,136.5276,Japan,158472,,,,,
Copiapó,-27.3664,-70.3331,Chile,158438,,,,,
Klaipėda,55.7125,21.135,Lithuania,158420,,,,,
Ōgaki,35.3594,136.6129,Japan,158386,,,,,
Jāmkhed,18.72,75.32,India,158380,,,,,
Zabrze,50.3025,18.7781,Poland,158307,,,,,
Bharūch,21.712,72.993,India,158253,,,,,
Nanqiaotou,22.7176,113.2918,China,158234,,,,,
Ilagan,17.1489,121.8894,Philippines,158218,,,,,
Gweru,-19.4614,29.8022,Zimbabwe,158200,,,,,
Abaetetuba,-1.7178,-48.8828,Brazil,158188,,,,,
Tacheng,46.7517,82.9869,China,158098,,,,,
Szeged,46.25,20.1667,Hungary,157930,,,,,
Herne,51.55,7.2167,Germany,157896,,,,,
Gojra,31.15,72.6833,Pakistan,157863,,,,,
Banhā,30.4628,31.1797,Egypt,157701,,,,,
Panjgur,26.9683,64.1014,Pakistan,157693,,,,,
Mahlaing,21.09,95.64,Burma,157674,,,,,
Paterson,40.9147,-74.1624,United States,157660,,,,,
Ilhéus,-14.7889,-39.0489,Brazil,157639,,,,,
Calama,-22.4667,-68.9333,Chile,157575,,,,,
Angers,47.4736,-0.5542,France,157555,,,,,
San Miguel,-34.5333,-58.7167,Argentina,157532,,,,,
’s-Hertogenbosch,51.6833,5.3167,Netherlands,157486,,,,,
Amersfoort,52.155,5.3875,Netherlands,157462,,,,,
George,-33.9667,22.45,South Africa,157394,,,,,
Mandi Bahauddin,32.5797,73.4814,Pakistan,157352,,,,,
Itapetininga,-23.5917,-48.0531,Brazil,157016,,,,,
Lunglei,22.88,92.73,India,157000,,,,,
Nāblus,32.2199,35.2636,West Bank,156906,,,,,
Nan Zhuang,22.9839,113.0139,China,156902,,,,,
Zaanstad,52.4333,4.8167,Netherlands,156901,,,,,
Guaymas,27.9183,-110.8933,Mexico,156863,,,,,
Enfield,51.6522,-0.0808,United Kingdom,156858,,,,,
Guimarães,41.445,-8.2908,Portugal,156830,,,,,
Alexandria,38.8185,-77.0861,United States,156788,,,,,
Kamina,-8.7386,24.9906,Congo (Kinshasa),156761,,,,,
Molo,-0.2485,35.7319,Kenya,156732,,,,,
Domodedovo,55.44,37.7619,Russia,156681,,,,,
Macon,32.8065,-83.6974,United States,156543,,,,,
Saharsa,25.88,86.6,India,156540,,,,,
Chaoshan,23.0768,113.8696,China,156522,,,,,
Kétou,7.3581,2.6075,Benin,156497,,,,,
Rio das Ostras,-22.5269,-41.945,Brazil,156491,,,,,
Adzopé,6.1035,-3.8648,Côte d’Ivoire,156488,,,,,
Portmore,17.95,-76.8799,Jamaica,156469,,,,,
Girona,41.9844,2.8211,Spain,156423,,,,,
Grenoble,45.1715,5.7224,France,156389,,,,,
Qalyūb,30.1997,31.2053,Egypt,156363,,,,,
Danao,10.53,123.93,Philippines,156321,,,,,
Lakewood,39.6977,-105.1172,United States,156309,,,,,
Springfield,39.7709,-89.654,United States,156240,,,,,
Ghorāhī,28.0408,82.4861,Nepal,156164,,,,,
Bạc Liêu,9.2833,105.7167,Vietnam,156110,,,,,
Capas,15.3372,120.59,Philippines,156056,,,,,
Xiaping,26.748,114.289,China,155976,,,,,
Al Miqdādīyah,33.9786,44.9369,Iraq,155968,,,,,
Vidisha,23.53,77.82,India,155959,,,,,
Pathānkot,32.2668,75.6,India,155909,,,,,
Ravenna,44.4161,12.2017,Italy,155751,,,,,
Paderborn,51.7181,8.7542,Germany,155749,,,,,
Ar Ramthā,32.5589,36.0147,Jordan,155693,,,,,
Severodvinsk,64.5667,39.8667,Russia,155647,,,,,
Borāzjān,29.2694,51.22,Iran,155567,,,,,
Kisi,9.0833,3.85,Nigeria,155510,,,,,
Cap-Haïtien,19.75,-72.2,Haiti,155505,,,,,
Esmeraldas,0.9667,-79.6528,Ecuador,155487,,,,,
Souk Ahras,36.2864,7.9511,Algeria,155259,,,,,
Kārwār,14.8,74.13,India,155213,,,,,
Daiwanishi,34.8892,135.4167,Japan,155165,,,,,
Neuss,51.2,6.7,Germany,155163,,,,,
Khasavyurt,43.25,46.5833,Russia,155144,,,,,
Chlef,36.1647,1.3317,Algeria,155134,,,,,
Pandi,14.87,120.95,Philippines,155115,,,,,
Camarajibe,-8.0219,-34.9808,Brazil,155054,,,,,
El Eulma,36.15,5.6833,Algeria,155038,,,,,
Salzburg,47.8,13.045,Austria,155021,,,,,
Thānesar,29.9667,76.8167,India,154962,,,,,
Danzao,23.0427,112.9145,China,154955,,,,,
Kishangarh,26.57,74.87,India,154886,,,,,
Ŭiwang,37.3448,126.9683,"Korea, South",154879,,,,,
Luanshya,-13.1333,28.4,Zambia,154863,,,,,
Hanam,37.5167,127.2,"Korea, South",154838,,,,,
Kansas City,39.1235,-94.7443,United States,154776,,,,,
Zango,12.9333,8.5333,Nigeria,154743,,,,,
Brăila,45.2692,27.9575,Romania,154686,,,,,
Barrie,44.3711,-79.6769,Canada,154676,,,,,
Butembo,0.15,29.2833,Congo (Kinshasa),154621,,,,,
Saint-Louis,16.0333,-16.5,Senegal,154555,,,,,
Burlington,36.076,-79.4685,United States,154504,,,,,
Rudarpur,28.98,79.4,India,154485,,,,,
Kitenkela,-1.4855,36.9047,Kenya,154436,,,,,
Tindwāra,25.4833,80.3333,India,154428,,,,,
Warner Robins,32.5961,-83.6527,United States,154327,,,,,
Nalgonda,17.0575,79.2684,India,154326,,,,,
Jinghai,38.9294,116.9169,China,154325,,,,,
Hitachi-Naka,36.3967,140.5347,Japan,154311,,,,,
Lucapa,-8.4228,20.7392,Angola,154305,,,,,
Noda,35.95,139.8667,Japan,154114,,,,,
Santana de Parnaíba,-23.4439,-46.9178,Brazil,154105,,,,,
Dibrugarh,27.48,95,India,154019,,,,,
Singaraja,-8.1167,115.0833,Indonesia,153930,,,,,
Moanda,-5.9342,12.3494,Congo (Kinshasa),153915,,,,,
Seogwipo,33.2497,126.56,"Korea, South",153861,,,,,
Palo Negro,10.1739,-67.5419,Venezuela,153706,,,,,
Verāval,20.9159,70.3629,India,153696,,,,,
Durrës,41.3133,19.4458,Albania,153614,,,,,
Hoeryŏng,42.4333,129.75,"Korea, North",153532,,,,,
Abbotsford,49.05,-122.3167,Canada,153524,,,,,
Tochigi,36.3813,139.7303,Japan,153508,,,,,
Sunnyvale,37.3836,-122.0255,United States,153455,,,,,
Betūl Bazār,21.905,77.902,India,153330,,,,,
Sukrah,36.8833,10.25,Tunisia,153307,,,,,
Andong,36.5592,128.7289,"Korea, South",153306,,,,,
Bālurghāt,25.22,88.76,India,153279,,,,,
Bytom,50.3483,18.9156,Poland,153274,,,,,
San Jose,12.3528,121.0676,Philippines,153267,,,,,
Jorhāt,26.75,94.22,India,153249,,,,,
Poblacion,10.4111,123.9822,Philippines,153197,,,,,
Ixtlahuaca,19.5689,-99.7669,Mexico,153184,,,,,
Kariya,34.9893,137.0021,Japan,153178,,,,,
Krishnanagar,23.4,88.5,India,153062,,,,,
Dutse,11.7011,9.3419,Nigeria,153000,,,,,
Newcastle,-32.9306,151.7542,Australia,152984,,,,,
Ueda,36.4019,138.2491,Japan,152948,,,,,
Hollywood,26.0293,-80.1679,United States,152935,,,,,
Livorno,43.55,10.3167,Italy,152914,,,,,
Tete,-16.1579,33.5898,Mozambique,152909,,,,,
Vĩnh Yên,21.31,105.5967,Vietnam,152801,,,,,
Bārākpur,22.76,88.37,India,152783,,,,,
Porbandar,21.6417,69.6293,India,152760,,,,,
Sinpo,40.0347,128.1856,"Korea, North",152759,,,,,
Girón,7.0708,-73.1731,Colombia,152582,,,,,
Pouso Alegre,-22.2281,-45.9336,Brazil,152549,,,,,
Ciudad Choluteca,13.3014,-87.1842,Honduras,152519,,,,,
Roseville,38.7703,-121.3196,United States,152438,,,,,
Hòa Thành,11.2831,106.1297,Vietnam,152339,,,,,
Alagoinhas,-12.1356,-38.4192,Brazil,152327,,,,,
Mudon,16.2578,97.7164,Burma,152300,,,,,
Amatitlán,14.4833,-90.6167,Guatemala,152296,,,,,
Gulu,2.7817,32.2992,Uganda,152276,,,,,
Gwangyang,34.9333,127.6833,"Korea, South",152160,,,,,
Hội An,15.8833,108.3333,Vietnam,152160,,,,,
Baubau,-5.4622,122.6058,Indonesia,152143,,,,,
Imabari,34.0667,133,Japan,152111,,,,,
New Bedford,41.6697,-70.9428,United States,152104,,,,,
Kawashiri,34.8333,135.4167,Japan,152076,,,,,
Bordj el Kiffan,36.7375,3.1931,Algeria,151950,,,,,
Gò Công,10.3667,106.6667,Vietnam,151937,,,,,
Erdemli,36.6056,34.3111,Turkey,151928,,,,,
Gonbad-e Kāvūs,37.2436,55.1658,Iran,151910,,,,,
Al Manāqil,14.2504,32.98,Sudan,151827,,,,,
Shāntipur,23.25,88.43,India,151777,,,,,
Hindupur,13.83,77.49,India,151677,,,,,
Araucária,-25.5928,-49.41,Brazil,151666,,,,,
Matanzas,23.0494,-81.5736,Cuba,151624,,,,,
Tulancingo,20.0833,-98.3667,Mexico,151582,,,,,
Ipswich,52.0594,1.1556,United Kingdom,151562,,,,,
Beāwar,26.1,74.32,India,151472,,,,,
Long Khánh,10.917,107.167,Vietnam,151467,,,,,
Bhālswa Jahangirpur,28.7354,77.1638,India,151427,,,,,
Mufulira,-12.5356,28.2419,Zambia,151309,,,,,
Tauranga,-37.6858,176.1667,New Zealand,151300,,,,,
South Lyon,42.4614,-83.6526,United States,151231,,,,,
Bellevue,47.5951,-122.1535,United States,151199,,,,,
Erode,11.3409,77.7171,India,151184,,,,,
Logroño,42.465,-2.4456,Spain,151164,,,,,
Dahuaishu,36.2601,111.6743,China,151037,,,,,
Minglanilla,10.245,123.7964,Philippines,151002,,,,,
Manzanillo,20.3397,-77.1086,Cuba,150999,,,,,
Ereğli,37.5128,34.0483,Turkey,150978,,,,,
Chichicastenango,14.9333,-91.1167,Guatemala,150932,,,,,
Đức Phổ,14.81,108.96,Vietnam,150927,,,,,
San Jose,15.8037,120.9991,Philippines,150917,,,,,
Tafeng,25.3775,112.2034,China,150800,,,,,
Fairfield,38.2583,-122.0335,United States,150794,,,,,
Çayırova,40.8,29.4167,Turkey,150792,,,,,
Sibsāgar,26.9844,94.6375,India,150781,,,,,
Mahmutlu,39.7464,39.4914,Turkey,150714,,,,,
Büyük Çakırman,39.7464,39.4914,Turkey,150714,,,,,
Buğdaylı,39.7464,39.4914,Turkey,150714,,,,,
Erzincan,39.7464,39.4914,Turkey,150714,,,,,
Kırşehir,39.1456,34.1608,Turkey,150700,,,,,
Eminabad,32.0422,74.26,Pakistan,150646,,,,,
Kragujevac,44.0142,20.9394,Serbia,150623,,,,,
Badajoz,38.8803,-6.9753,Spain,150570,,,,,
Binghamton,42.1014,-75.9093,United States,150564,,,,,
Manzhouli,49.598,117.379,China,150508,,,,,
Delicias,28.1931,-105.4717,Mexico,150506,,,,,
Piedecuesta,7.0833,-73,Colombia,150483,,,,,
Toledo,-24.7139,-53.7428,Brazil,150470,,,,,
Higashimurayama,35.7546,139.4685,Japan,150458,,,,,
Nîmes,43.8383,4.3597,France,150444,,,,,
Ipokia,6.5333,2.85,Nigeria,150426,,,,,
Jaranwala,31.3333,73.4167,Pakistan,150380,,,,,
Nāngloi Jāt,28.6833,77.0667,India,150371,,,,,
Topeka,39.0346,-95.6955,United States,150343,,,,,
Rondonópolis,-16.4708,-54.6358,Brazil,150227,,,,,
Ramapo,41.1404,-74.1072,United States,150225,,,,,
Kukichūō,36.0621,139.6668,Japan,150197,,,,,
Fengyicun,23.6636,116.6028,China,150138,,,,,
Mzuzu,-11.45,34.0333,Malawi,150100,,,,,
Valle de Santiago,20.39,-101.26,Mexico,150054,,,,,
Đồng Xoài,11.5169,106.8392,Vietnam,150052,,,,,
Valdivia,-39.8139,-73.2458,Chile,150048,,,,,
Gölbaşı,39.7953,32.8028,Turkey,150047,,,,,
Naogaon,24.8118,88.947,Bangladesh,150025,,,,,
Willemstad,12.108,-68.935,Curaçao,150000,,,,,
Bávaro,18.717,-68.45,Dominican Republic,150000,,,,,
Soro,21.29,86.69,India,150000,,,,,
El Minié,34.447,35.8178,Lebanon,150000,,,,,
Borj Hammoud,33.8936,35.5403,Lebanon,150000,,,,,
Auchi,7.0667,6.2667,Nigeria,150000,,,,,
Kashikishi,-9.3,28.7167,Zambia,150000,,,,,
Villanueva,15.3157,-87.9932,Honduras,149977,,,,,
Pénjamo,20.4311,-101.7222,Mexico,149936,,,,,
Escondido,33.1348,-117.0723,United States,149913,,,,,
Santa Rita,-7.1139,-34.9778,Brazil,149910,,,,,
Mariveles,14.43,120.48,Philippines,149879,,,,,
Saumlaki,-7.975,131.3075,Indonesia,149790,,,,,
Joliet,41.5188,-88.1499,United States,149785,,,,,
Villa de Álvarez,19.25,-103.7333,Mexico,149762,,,,,
Lévis,46.8,-71.1833,Canada,149683,,,,,
Zacatecas,22.7736,-102.5736,Mexico,149607,,,,,
Kerch,45.3619,36.4711,Ukraine,149566,,,,,
Surprise,33.6815,-112.4515,United States,149519,,,,,
Naperville,41.748,-88.1659,United States,149424,,,,,
Lashio,22.9333,97.75,Burma,149423,,,,,
Pasadena,29.6575,-95.1498,United States,149345,,,,,
Bohicon,7.2,2.0667,Benin,149271,,,,,
Harrow,51.5836,-0.3464,United Kingdom,149246,,,,,
Rimini,44.0594,12.5683,Italy,149211,,,,,
Port Louis,-20.1644,57.5042,Mauritius,149194,,,,,
Maīmanah,35.9333,64.75,Afghanistan,149040,,,,,
Cotia,-23.6039,-46.9189,Brazil,148987,,,,,
Musashino,35.7177,139.5661,Japan,148971,,,,,
Melipilla,-33.6253,-71.2711,Chile,148899,,,,,
Sagay,10.9,123.42,Philippines,148894,,,,,
‘Ajlūn,32.3325,35.7517,Jordan,148870,,,,,
Marvdasht,29.8786,52.8067,Iran,148858,,,,,
Melitopol,46.8489,35.3675,Ukraine,148851,,,,,
Mesquite,32.7602,-96.5865,United States,148848,,,,,
Ağrı,39.7186,43.0508,Turkey,148765,,,,,
Coquitlam,49.2839,-122.7919,Canada,148625,,,,,
Xianshuigu,38.9786,117.3886,China,148602,,,,,
Nūzvīd,16.7881,80.8465,India,148590,,,,,
Abbottabad,34.1558,73.2194,Pakistan,148587,,,,,
Santiago,16.68,121.55,Philippines,148580,,,,,
Champaign,40.1142,-88.2737,United States,148477,,,,,
Sayama,35.853,139.4122,Japan,148474,,,,,
Jean-Rabel,19.85,-73.2,Haiti,148416,,,,,
Taza,34.2167,-4.0167,Morocco,148406,,,,,
Pomona,34.0585,-117.7626,United States,148391,,,,,
Nizip,37.01,37.7972,Turkey,148386,,,,,
Dundee,56.4606,-2.97,United Kingdom,148280,,,,,
Sitārganj,28.93,79.7,India,148266,,,,,
Mộc Châu,20.9221,104.7521,Vietnam,148259,,,,,
Dongguazhen,25.0911,101.5075,China,148210,,,,,
Al Ḩawīyah,21.4411,40.4975,Saudi Arabia,148151,,,,,
Cagliari,39.2167,9.1167,Italy,148117,,,,,
Odivelas,38.8,-9.1833,Portugal,148034,,,,,
Consolacion,10.4,123.95,Philippines,148012,,,,,
Maridi,4.9151,29.4769,South Sudan,148000,,,,,
Quilpué,-33.05,-71.45,Chile,147991,,,,,
Rafael Castillo,-34.7167,-58.6167,Argentina,147965,,,,,
Zhangaözen,43.3378,52.8553,Kazakhstan,147962,,,,,
Aix-en-Provence,43.5263,5.4454,France,147933,,,,,
Nchelenge,-9.3533,28.7403,Zambia,147927,,,,,
Szombathely,47.2351,16.6219,Hungary,147920,,,,,
Kutaisi,42.2717,42.7056,Georgia,147900,,,,,
Komaki,35.291,136.9121,Japan,147897,,,,,
Kiambu,-1.1714,36.8356,Kenya,147870,,,,,
Siem Reap,13.3622,103.8597,Cambodia,147866,,,,,
Jyväskylä,62.2417,25.7417,Finland,147856,,,,,
Houma,29.58,-90.7059,United States,147841,,,,,
Clermont-Ferrand,45.7831,3.0824,France,147751,,,,,
Hājīpur,25.6925,85.2084,India,147688,,,,,
Kisaran,2.9833,99.6125,Indonesia,147639,,,,,
Pesquería,25.785,-100.0511,Mexico,147624,,,,,
Mati,6.9483,126.2272,Philippines,147547,,,,,
Malakal,9.5369,31.656,South Sudan,147450,,,,,
Milas,37.3167,27.7833,Turkey,147416,,,,,
La Lisa,23.0247,-82.4631,Cuba,147415,,,,,
Kafr ash Shaykh,31.1,30.95,Egypt,147393,,,,,
Tipitapa,12.2,-86.1,Nicaragua,147379,,,,,
Athens,33.9508,-83.3689,United States,147368,,,,,
St. George,37.0758,-113.5752,United States,147347,,,,,
Miass,55,60.1,Russia,147287,,,,,
Tama,35.6369,139.4463,Japan,147252,,,,,
Dongsheng,22.8847,113.455,China,147228,,,,,
Hābra,22.83,88.63,India,147221,,,,,
Yonago,35.4333,133.3333,Japan,147210,,,,,
Jequié,-13.8578,-40.0839,Brazil,147202,,,,,
Kramatorsk,48.7392,37.5839,Ukraine,147145,,,,,
Kalemie,-5.9128,29.1906,Congo (Kinshasa),146974,,,,,
Colima,19.2433,-103.7247,Mexico,146965,,,,,
Dawei,14.0833,98.2,Burma,146964,,,,,
Maquela do Zombo,-6.05,15.1167,Angola,146908,,,,,
Wamba,2.1442,27.9929,Congo (Kinshasa),146871,,,,,
Bāra Bankī,26.92,81.2,India,146831,,,,,
Cairns,-16.92,145.78,Australia,146778,,,,,
Xinjing,31.2142,121.3681,China,146776,,,,,
Cam Ranh,11.902,109.2207,Vietnam,146771,,,,,
Bīr,18.99,75.76,India,146709,,,,,
Florencio Varela,-34.8167,-58.2833,Argentina,146704,,,,,
Salavat,53.3667,55.9333,Russia,146633,,,,,
Beaumont,30.0849,-94.1451,United States,146554,,,,,
Elkhart,41.6916,-85.9627,United States,146511,,,,,
Keren,15.7778,38.4581,Eritrea,146500,,,,,
West Bromwich,52.519,-1.995,United Kingdom,146386,,,,,
Derince,40.7539,29.8231,Turkey,146374,,,,,
Dhamār,14.55,44.4017,Yemen,146346,,,,,
Gandajika,-6.75,23.9667,Congo (Kinshasa),146217,,,,,
Colina,-33.2017,-70.6703,Chile,146209,,,,,
Dadu,26.7325,67.7792,Pakistan,146179,,,,,
Pleiku,13.9833,108,Vietnam,146073,,,,,
Stavanger,58.97,5.7314,Norway,146011,,,,,
Taungdwingyi,20.0017,95.5461,Burma,145909,,,,,
Nārnaul,28.0444,76.1056,India,145897,,,,,
Chitaldrug,14.23,76.4,India,145853,,,,,
Calapan,13.414,121.18,Philippines,145786,,,,,
Calapan,13.414,121.18,Philippines,145786,,,,,
Franco da Rocha,-23.3286,-46.7244,Brazil,145755,,,,,
Mostaganem,35.9333,0.0833,Algeria,145696,,,,,
Paço do Lumiar,-2.5319,-44.1078,Brazil,145643,,,,,
Etah,27.63,78.67,India,145601,,,,,
Baní,18.29,-70.33,Dominican Republic,145595,,,,,
Gloucester,51.8653,-2.2458,United Kingdom,145563,,,,,
Qūchān,37.106,58.5095,Iran,145531,,,,,
Vila Junqueiro,-15.4669,36.9778,Mozambique,145466,,,,,
Foggia,41.4584,15.5519,Italy,145348,,,,,
Iruma,35.8358,139.3911,Japan,145303,,,,,
Abohar,30.1334,74.2001,India,145302,,,,,
Thanatpin,17.2942,96.58,Burma,145287,,,,,
Bhāndāria,22.489,90.0627,Bangladesh,145233,,,,,
Le Mans,48.0077,0.1984,France,145182,,,,,
Lake Charles,30.201,-93.2111,United States,145110,,,,,
Facatativá,4.8167,-74.3667,Colombia,145080,,,,,
Arad,46.175,21.3125,Romania,145078,,,,,
Fujita,34.8674,138.2577,Japan,145032,,,,,
Urganch,41.55,60.6333,Uzbekistan,145000,,,,,
Kopeysk,55.1,61.6167,Russia,144957,,,,,
Khairpur Mir’s,27.5333,68.7667,Pakistan,144949,,,,,
Bukoba,-1.3333,31.8167,Tanzania,144938,,,,,
Kaithal,29.8015,76.3998,India,144915,,,,,
Arayat,15.1493,120.7692,Philippines,144875,,,,,
Salamanca,40.965,-5.6642,Spain,144866,,,,,
Santa Maria,34.9333,-120.4431,United States,144857,,,,,
Porlamar,10.95,-63.85,Venezuela,144830,,,,,
Poole,50.7167,-1.9833,United Kingdom,144800,,,,,
Comayagua,14.4528,-87.6379,Honduras,144785,,,,,
Lleida,41.6167,0.6333,Spain,144739,,,,,
Rangkasbitung,-6.3667,106.25,Indonesia,144733,,,,,
Saguenay,48.4167,-71.0667,Canada,144723,,,,,
Urdaneta,15.9761,120.5711,Philippines,144577,,,,,
Xintang,22.7833,113.15,China,144537,,,,,
Lodhran,29.5333,71.6333,Pakistan,144512,,,,,
Yuma,32.5995,-114.5491,United States,144509,,,,,
Balasore,21.5033,86.925,India,144373,,,,,
Guelph,43.55,-80.25,Canada,144356,,,,,
Zhaxi,27.8508,104.9687,China,144259,,,,,
Mehtar Lām,34.6683,70.2089,Afghanistan,144162,,,,,
Navoiy,40.0844,65.3792,Uzbekistan,144158,,,,,
Dar Naim,18.0973,-15.9327,Mauritania,144043,,,,,
Pinetown,-29.8167,30.85,South Africa,144026,,,,,
Asaka,35.7972,139.5939,Japan,143915,,,,,
Ramu,3.9375,41.2203,Kenya,143850,,,,,
Olathe,38.8833,-94.82,United States,143720,,,,,
Midland,32.0243,-102.1147,United States,143714,,,,,
Kakamigahara,35.3988,136.8484,Japan,143641,,,,,
Çanakkale,40.1519,26.4056,Turkey,143622,,,,,
Aalborg,57.0337,9.9166,Denmark,143598,,,,,
Greeley,40.4152,-104.7706,United States,143554,,,,,
Koiridih,24.18,86.3,India,143529,,,,,
Miskolc,48.1,20.7833,Hungary,143502,,,,,
Torrance,33.8346,-118.3416,United States,143499,,,,,
La Victoria,10.2278,-67.3336,Venezuela,143468,,,,,
Ciego de Ávila,21.8481,-78.7631,Cuba,143449,,,,,
Bandundu,-3.3167,17.3667,Congo (Kinshasa),143435,,,,,
Pyatigorsk,44.05,43.0667,Russia,143428,,,,,
Disūq,31.1325,30.6478,Egypt,143404,,,,,
Calabayan,16.77,121.78,Philippines,143403,,,,,
Ghaznī,33.5492,68.4233,Afghanistan,143379,,,,,
Zhaoxiang,31.149,121.1962,China,143350,,,,,
Huelva,37.25,-6.95,Spain,143290,,,,,
Touggourt,33.1,6.0667,Algeria,143270,,,,,
Shillong,25.5822,91.8944,India,143229,,,,,
Bafra,41.5722,35.9147,Turkey,143109,,,,,
Malasiqui,15.92,120.42,Philippines,143094,,,,,
Ikot Ekpene,5.1833,7.7167,Nigeria,143077,,,,,
Sannār,13.55,33.6,Sudan,143059,,,,,
Los Ángeles,-37.4667,-72.35,Chile,143023,,,,,
Rewāri,28.18,76.62,India,143021,,,,,
Paghmān,34.5833,68.95,Afghanistan,143000,,,,,
Ilopango,13.7,-89.1167,El Salvador,142979,,,,,
Jinjiang,19.7288,110.0085,China,142948,,,,,
Tinipuka,-4.55,136.89,Indonesia,142909,,,,,
Cartago,4.7,-75.9167,Colombia,142902,,,,,
Ashikaga,36.3402,139.4497,Japan,142882,,,,,
Thornton,39.9197,-104.9438,United States,142878,,,,,
Stara Zagora,42.4333,25.65,Bulgaria,142746,,,,,
Telford,52.6766,-2.4469,United Kingdom,142723,,,,,
Shahrisabz,39.05,66.8333,Uzbekistan,142700,,,,,
Garanhuns,-8.8903,-36.4928,Brazil,142506,,,,,
Hazāribāgh,23.98,85.35,India,142489,,,,,
Las Cruces,32.3265,-106.7893,United States,142432,,,,,
Trindade,-16.6489,-49.4889,Brazil,142431,,,,,
Nawābganj,24.6,88.2667,Bangladesh,142361,,,,,
Toda,35.8176,139.6779,Japan,142352,,,,,
Ingolstadt,48.7631,11.425,Germany,142308,,,,,
Lichinga,-13.3,35.2456,Mozambique,142253,,,,,
Bhīmavaram,16.543,81.523,India,142184,,,,,
Tsuchiura,36.0667,140.2,Japan,142181,,,,,
Negombo,7.2111,79.8386,Sri Lanka,142136,,,,,
Okinawa,26.3342,127.8056,Japan,142094,,,,,
Namacunde,-17.3,15.85,Angola,142047,,,,,
Boca Chica,18.4539,-69.6064,Dominican Republic,142019,,,,,
Altay,47.8666,88.1166,China,142000,,,,,
Bahawalnagar,29.9928,73.2536,Pakistan,141935,,,,,
Misato,35.8301,139.8723,Japan,141913,,,,,
Moriguchi,34.7375,135.5642,Japan,141849,,,,,
Columbia,38.9472,-92.3268,United States,141811,,,,,
Preston,53.83,-2.735,United Kingdom,141801,,,,,
Elektrostal,55.7833,38.4667,Russia,141778,,,,,
Brasília,-15.7939,-47.8828,Brazil,141742,,,,,
Jun’an,22.7057,113.1526,China,141736,,,,,
York,53.96,-1.08,United Kingdom,141685,,,,,
Mandsaur,24.072,75.069,India,141667,,,,,
Chās,23.63,86.17,India,141640,,,,,
Jahrom,28.5147,53.5731,Iran,141634,,,,,
Bondoukou,8.0304,-2.8,Côte d’Ivoire,141568,,,,,
Lausanne,46.52,6.6333,Switzerland,141418,,,,,
Bocaue,14.8,120.93,Philippines,141412,,,,,
Khuzdar,27.8,66.6167,Pakistan,141395,,,,,
Brusque,-27.0978,-48.9178,Brazil,141385,,,,,
Mejicanos,13.7333,-89.2167,El Salvador,141352,,,,,
Tepatitlán de Morelos,20.8139,-102.7639,Mexico,141322,,,,,
Pemba,-12.9667,40.5167,Mozambique,141316,,,,,
Elbistan,38.2014,37.1883,Turkey,141307,,,,,
Bilbays,30.4167,31.5667,Egypt,141285,,,,,
Fullerton,33.8841,-117.9279,United States,141278,,,,,
Piteşti,44.8606,24.8678,Romania,141275,,,,,
Tân Châu,10.7739,105.2369,Vietnam,141211,,,,,
Numan,9.4669,12.0328,Nigeria,141200,,,,,
Kamālshahr,35.8658,50.8717,Iran,141166,,,,,
Tarragona,41.1175,1.2528,Spain,141151,,,,,
Subang,-6.5714,107.7614,Indonesia,141038,,,,,
Las Maravillas,16.3667,-91.7333,Mexico,141027,,,,,
Grand Junction,39.0877,-108.5673,United States,141008,,,,,
Brest,48.39,-4.49,France,140993,,,,,
Tabaco,13.35,123.73,Philippines,140961,,,,,
Fukayachō,36.1975,139.2815,Japan,140930,,,,,
Nsele,-4.3744,15.4947,Congo (Kinshasa),140929,,,,,
Coimbra,40.2111,-8.4289,Portugal,140816,,,,,
Mtwara,-10.2736,40.1828,Tanzania,140793,,,,,
Porac,15.0719,120.5419,Philippines,140751,,,,,
Çarşamba,41.1992,36.7275,Turkey,140664,,,,,
Krugersdorp,-26.1,27.7667,South Africa,140643,,,,,
Port Blair,11.6683,92.7378,India,140572,,,,,
Middlesbrough,54.5767,-1.2355,United Kingdom,140545,,,,,
Ruse,43.8445,25.9539,Bulgaria,140537,,,,,
Shizhaobi,23.921,115.7774,China,140493,,,,,
Dos Hermanas,37.2836,-5.9222,Spain,140430,,,,,
Sāmarrā’,34.1959,43.8857,Iraq,140400,,,,,
Ozamiz City,8.15,123.85,Philippines,140334,,,,,
Pécs,46.0708,18.2331,Hungary,140330,,,,,
Harchandpur,26.36,81.17,India,140274,,,,,
Yaritagua,10.0753,-69.1283,Venezuela,140256,,,,,
Kumbakonam,10.9602,79.3845,India,140156,,,,,
Cuautitlán Izcalli,19.65,-99.25,Mexico,140059,,,,,
Torbat-e Ḩeydarīyeh,35.2872,59.2219,Iran,140019,,,,,
Xiangcheng,25.4783,100.5551,China,140010,,,,,
Nāḩiyat Ghammās,31.7422,44.6102,Iraq,140000,,,,,
Al ‘Aqabah,29.5322,35.0061,Jordan,140000,,,,,
Batu Pahat,1.8504,102.9333,Malaysia,140000,,,,,
Kusatsu,35.0167,135.9667,Japan,139913,,,,,
Santa Tecla,13.6731,-89.2406,El Salvador,139908,,,,,
Darwin,-12.4381,130.8411,Australia,139902,,,,,
Reykjavík,64.1458,-21.9425,Iceland,139875,,,,,
Atbara,17.7167,33.9833,Sudan,139768,,,,,
Caxias,-4.8589,-43.3558,Brazil,139756,,,,,
Kanasín,20.9344,-89.5578,Mexico,139753,,,,,
Payatas,14.7099,121.0997,Philippines,139740,,,,,
Shinyanga,-3.6619,33.4231,Tanzania,139727,,,,,
Aul,20.67,86.64,India,139628,,,,,
Masaya,11.9667,-86.1,Nicaragua,139582,,,,,
Malambo,10.85,-74.75,Colombia,139566,,,,,
Momostenango,15,2,Guatemala,139552,,,,,
Serik,36.9167,31.1,Turkey,139545,,,,,
Pakpattan,30.3442,73.3839,Pakistan,139525,,,,,
Botucatu,-22.8858,-48.445,Brazil,139483,,,,,
Tanay,14.4972,121.2864,Philippines,139420,,,,,
Blackpool,53.8142,-3.0503,United Kingdom,139305,,,,,
La Romana,18.43,-68.97,Dominican Republic,139238,,,,,
Trois-Rivières,46.35,-72.55,Canada,139163,,,,,
Balneário de Camboriú,-26.9908,-48.635,Brazil,139155,,,,,
Minō,34.8269,135.4706,Japan,139118,,,,,
Maykop,44.6,40.0833,Russia,139084,,,,,
Carolina,18.4054,-65.9792,Puerto Rico,139051,,,,,
Metairie,29.9977,-90.178,United States,138995,,,,,
Apeldoorn,52.21,5.97,Netherlands,138945,,,,,
Pantanal,18.5586,-68.3694,Dominican Republic,138919,,,,,
Ishizaki,38.4176,141.3027,Japan,138856,,,,,
Kuwana,35.0667,136.6833,Japan,138798,,,,,
Orange,33.8038,-117.8218,United States,138723,,,,,
Tours,47.3936,0.6892,France,138668,,,,,
Gemena,3.25,19.7667,Congo (Kinshasa),138527,,,,,
Cam Ranh,11.9136,109.1369,Vietnam,138510,,,,,
Sancti Spíritus,21.9339,-79.4439,Cuba,138504,,,,,
Whitby,43.8833,-78.9417,Canada,138501,,,,,
Cambridge,43.3972,-80.3114,Canada,138479,,,,,
Kolār,13.1333,78.1333,India,138462,,,,,
Médéa,36.2675,2.75,Algeria,138355,,,,,
Koga,36.1782,139.7554,Japan,138237,,,,,
Dipolog,8.5872,123.3408,Philippines,138141,,,,,
Warren,42.4934,-83.027,United States,138128,,,,,
Dabou,5.3256,-4.3767,Côte d’Ivoire,138083,,,,,
Teresópolis,-22.4119,-42.9658,Brazil,138081,,,,,
Jacmel,18.235,-72.537,Haiti,137966,,,,,
Orekhovo-Borisovo Yuzhnoye,55.6,37.7333,Russia,137965,,,,,
West Valley City,40.6886,-112.0123,United States,137955,,,,,
Chicacole,18.3,83.9,India,137944,,,,,
Montero,-17.3422,-63.2558,Bolivia,137931,,,,,
Moundou,8.5667,16.0833,Chad,137929,,,,,
Koutiala,12.3833,-5.4667,Mali,137919,,,,,
Shūnan,34.055,131.8061,Japan,137899,,,,,
Candelaria,13.9311,121.4233,Philippines,137881,,,,,
Gaziemir,38.3214,27.1275,Turkey,137754,,,,,
Negage,-7.7667,15.2667,Angola,137559,,,,,
Vila Franca de Xira,38.95,-8.9833,Portugal,137529,,,,,
Kapaklı,41.3333,27.9667,Turkey,137514,,,,,
Inezgane,30.3658,-9.5381,Morocco,137512,,,,,
Northampton,52.2304,-0.8938,United Kingdom,137467,,,,,
Teófilo Otoni,-17.8578,-41.505,Brazil,137418,,,,,
La Trinidad,16.46,120.59,Philippines,137404,,,,,
Bānkura,23.25,87.07,India,137386,,,,,
Mandya,12.52,76.9,India,137358,,,,,
Hampton,37.0551,-76.363,United States,137334,,,,,
Norrköping,58.5919,16.1856,Sweden,137326,,,,,
Jolo,6,121,Philippines,137266,,,,,
Cunduacán,18.0667,-93.1667,Mexico,137257,,,,,
Dehri,24.91,84.18,India,137231,,,,,
Sinfra,6.621,-5.9114,Côte d’Ivoire,137210,,,,,
Myebon,20.05,93.3667,Burma,137193,,,,,
Atibaia,-23.1172,-46.5506,Brazil,137187,,,,,
Quillacollo,-17.4,-66.2833,Bolivia,137182,,,,,
Medina Estates,5.6658,-0.1631,Ghana,137162,,,,,
Kanata,45.3333,-75.9,Canada,137118,,,,,
Gunungsitoli,1.2833,97.6167,Indonesia,137104,,,,,
Porto Amboim,-10.7183,13.75,Angola,137000,,,,,
Cacula,14,29,Angola,136977,,,,,
Minoo,34.8269,135.4704,Japan,136976,,,,,
Durgauti,25.2114,83.5308,India,136962,,,,,
Curicó,-34.9833,-71.2333,Chile,136954,,,,,
Taxila,33.7458,72.7875,Pakistan,136900,,,,,
Gingoog,8.82,125.1,Philippines,136698,,,,,
Lakewood,40.0763,-74.2031,United States,136655,,,,,
Marīvān,35.5217,46.1806,Iran,136654,,,,,
Phủ Lý,20.5411,105.9139,Vietnam,136654,,,,,
Huehuetenango,15.3147,-91.4761,Guatemala,136639,,,,,
Karatepe,40.7333,29.9667,Turkey,136625,,,,,
San Justo,-34.6833,-58.55,Argentina,136604,,,,,
Mainpuri,27.23,79.02,India,136557,,,,,
Nasugbu,14.07,120.63,Philippines,136524,,,,,
Quimbele,-6.5167,16.2167,Angola,136496,,,,,
Bima,-8.46,118.7267,Indonesia,136492,,,,,
Varginha,-21.5508,-45.43,Brazil,136467,,,,,
Port-Gentil,-0.7167,8.7833,Gabon,136462,,,,,
Pasadena,34.1597,-118.139,United States,136462,,,,,
Carcar,10.12,123.63,Philippines,136453,,,,,
Qabr as Sitt,33.4466,36.3364,Syria,136427,,,,,
Campo Largo,-25.4589,-49.5278,Brazil,136327,,,,,
San José del Cabo,23.0614,-109.7081,Mexico,136285,,,,,
Cachoeirinha,-29.9508,-51.0939,Brazil,136258,,,,,
Pageralam,-4.0167,103.25,Indonesia,136244,,,,,
Zinacantepec,19.2833,-99.7333,Mexico,136167,,,,,
Batang,-6.9081,109.7304,Indonesia,136145,,,,,
Ergani,38.2692,39.7617,Turkey,136099,,,,,
Nakhodka,42.8167,132.8667,Russia,136096,,,,,
Bacău,46.5833,26.9167,Romania,136087,,,,,
Norzagaray,14.92,121.05,Philippines,136064,,,,,
Yaizu,34.8669,138.3247,Japan,136028,,,,,
Talaivāsal,11.5867,78.7583,India,136026,,,,,
Kisarazu,35.376,139.9168,Japan,136023,,,,,
Miramar,25.9773,-80.3351,United States,135986,,,,,
Shchelkovo,55.9167,38,Russia,135918,,,,,
Birgañj,27,84.8667,Nepal,135904,,,,,
Elizabeth,40.6658,-74.1913,United States,135887,,,,,
Tobruk,32.0833,23.95,Libya,135832,,,,,
Yima,34.7469,111.875,China,135819,,,,,
Stamford,41.1039,-73.5585,United States,135806,,,,,
Jicheon,36.1333,128.1,"Korea, South",135767,,,,,
Ebina,35.4464,139.3908,Japan,135557,,,,,
Floridablanca,14.974,120.528,Philippines,135542,,,,,
Racine,42.7274,-87.8135,United States,135512,,,,,
Gitega,-3.4283,29.925,Burundi,135467,,,,,
Rionegro,6.1535,-75.3743,Colombia,135465,,,,,
Nkongsamba,4.95,9.9333,Cameroon,135405,,,,,
Raigarh,21.8974,83.395,India,135363,,,,,
Ahuachapán,13.9167,-89.85,El Salvador,135325,,,,,
Tây Ninh,11.3678,106.1189,Vietnam,135254,,,,,
Tizi Ouzou,36.7167,4.05,Algeria,135088,,,,,
Agboville,5.9333,-4.2167,Côte d’Ivoire,135082,,,,,
Haraīpur,26.22,84.36,India,135066,,,,,
Siwān,26.22,84.36,India,135066,,,,,
Kent,47.3887,-122.2128,United States,135015,,,,,
Maldonado,-34.9,-54.95,Uruguay,135014,,,,,
Ipetumodu,7.4999,4.4472,Nigeria,135000,,,,,
Ruhengeri,-1.5,29.6333,Rwanda,135000,,,,,
Maia,41.2333,-8.6167,Portugal,134977,,,,,
Shahreẕā,32.0122,51.8594,Iran,134952,,,,,
Zābol,31.0339,61.4878,Iran,134950,,,,,
Inazawa,35.2647,136.7969,Japan,134938,,,,,
Pyay,18.8165,95.2114,Burma,134861,,,,,
Parla,40.2372,-3.7742,Spain,134833,,,,,
Amiens,49.892,2.299,France,134780,,,,,
Djakotomé,6.9,1.7167,Benin,134704,,,,,
El Oued,33.3611,6.8606,Algeria,134699,,,,,
Mörön,49.6375,100.1614,Mongolia,134530,,,,,
Bern,46.948,7.4474,Switzerland,134506,,,,,
Castanhal,-1.2969,-47.9219,Brazil,134496,,,,,
Ashqelon,31.6658,34.5664,Israel,134454,,,,,
Mabacun,24.6771,113.5858,China,134396,,,,,
Laghouat,33.8028,2.875,Algeria,134372,,,,,
Livingstone,-17.85,25.8667,Zambia,134349,,,,,
Salto,-23.2008,-47.2869,Brazil,134319,,,,,
Sibiu,45.7928,24.1519,Romania,134308,,,,,
Brighton,50.8208,-0.1375,United Kingdom,134293,,,,,
Zafarwal,32.35,74.9,Pakistan,134275,,,,,
Londuimbali,-12.2419,15.3133,Angola,134254,,,,,
Santa Rita,10.2003,-67.5514,Venezuela,134233,,,,,
Cametá,-2.2439,-49.4958,Brazil,134184,,,,,
Dumaguete City,9.3103,123.3081,Philippines,134103,,,,,
Berezniki,59.4167,56.7833,Russia,134098,,,,,
Marianao,23.0833,-82.4333,Cuba,134057,,,,,
Sale,53.424,-2.322,United Kingdom,134022,,,,,
Yakima,46.5923,-120.5496,United States,134003,,,,,
Luuq,3.8005,42.55,Somalia,134000,,,,,
Ba Đồn,17.7547,106.4231,Vietnam,134000,,,,,
Coral Springs,26.2702,-80.2591,United States,133962,,,,,
Gubeng,-7.2729,112.7493,Indonesia,133900,,,,,
Daraga,13.1619,123.6939,Philippines,133893,,,,,
Famalicão,41.4144,-8.5222,Portugal,133832,,,,,
Tiraspol,46.85,29.6333,Moldova,133807,,,,,
Ruda Śląska,50.2628,18.8536,Poland,133793,,,,,
Idfū,24.9781,32.8789,Egypt,133772,,,,,
Rybnik,50.0833,18.55,Poland,133772,,,,,
Serpukhov,54.9167,37.4,Russia,133756,,,,,
Tokha,27.75,85.3333,Nepal,133755,,,,,
Kalol,23.246,72.496,India,133737,,,,,
Larache,35.1833,-6.15,Morocco,133731,,,,,
San Andres,14.5739,121.0039,Philippines,133727,,,,,
Marituba,-10.2833,-36.4,Brazil,133685,,,,,
Đồng Hới,17.4831,106.5997,Vietnam,133672,,,,,
Peristéri,38.0167,23.6833,Greece,133630,,,,,
Yunxian Chengguanzhen,32.8082,110.8136,China,133558,,,,,
Madīnat Ḩamad,26.1128,50.5139,Bahrain,133550,,,,,
Renca,-33.4,-70.7167,Chile,133518,,,,,
Ségou,13.45,-6.2667,Mali,133501,,,,,
Jaú,-22.2958,-48.5578,Brazil,133497,,,,,
Tando Allahyar,25.4617,68.7167,Pakistan,133487,,,,,
Thandwe,18.4667,94.3667,Burma,133484,,,,,
Sterling Heights,42.5809,-83.0305,United States,133473,,,,,
Hagonoy,14.83,120.73,Philippines,133448,,,,,
Hassan,13.012,76.068,India,133436,,,,,
Bingöl,38.8861,40.5017,Turkey,133423,,,,,
Batu Gajah,4.4692,101.0411,Malaysia,133422,,,,,
Matagalpa,12.9167,-85.9167,Nicaragua,133416,,,,,
Olmaliq,40.85,69.6,Uzbekistan,133400,,,,,
Lalitpur,24.69,78.41,India,133305,,,,,
Conchalí,-33.3833,-70.675,Chile,133256,,,,,
Santa Cruz do Sul,-29.7178,-52.4258,Brazil,133230,,,,,
Long Bình,10.9458,106.8775,Vietnam,133206,,,,,
Pitalito,1.8989,-76.0419,Colombia,133205,,,,,
Bibémi,9.3167,13.8833,Cameroon,133191,,,,,
Naga,10.22,123.75,Philippines,133184,,,,,
Billings,45.7891,-108.5526,United States,133173,,,,,
Porto-Novo,6.4972,2.605,Benin,133168,,,,,
Uppsala,59.8601,17.64,Sweden,133117,,,,,
Yalova,40.6556,29.275,Turkey,133109,,,,,
Bloomington,40.4757,-88.9703,United States,133107,,,,,
Khorramshahr,30.4394,48.1817,Iran,133097,,,,,
Charleston,38.3484,-81.6322,United States,133045,,,,,
Ibirité,-20.0219,-44.0589,Brazil,133044,,,,,
Tarime,-1.35,34.3833,Tanzania,133043,,,,,
Crato,-7.2342,-39.4094,Brazil,133031,,,,,
Male,4.1753,73.5089,Maldives,133019,,,,,
Paramagudi,9.5494,78.5891,India,133000,,,,,
Milton,43.5083,-79.8833,Canada,132979,,,,,
M’Sila,35.7019,4.5472,Algeria,132975,,,,,
Srīpur,24.2,90.4731,Bangladesh,132948,,,,,
Duitama,5.8333,-73.0167,Colombia,132894,,,,,
Kipushi,-11.7625,27.25,Congo (Kinshasa),132861,,,,,
Gondiā,21.4598,80.195,India,132821,,,,,
Zhangmu Touwei,22.9149,114.0833,China,132816,,,,,
Schaarbeek,50.8675,4.3736,Belgium,132799,,,,,
Luxembourg,49.6117,6.1319,Luxembourg,132780,,,,,
Carrollton,32.989,-96.8999,United States,132741,,,,,
Ödemiş,38.2311,27.9719,Turkey,132740,,,,,
Kozan,37.45,35.8,Turkey,132703,,,,,
Reẖovot,31.8914,34.8078,Israel,132671,,,,,
Silifke,36.3761,33.9322,Turkey,132665,,,,,
San Carlos,10.4929,123.4095,Philippines,132650,,,,,
São Mateus,-18.7201,-39.8589,Brazil,132642,,,,,
Dalūpura,28.6004,77.3194,India,132628,,,,,
Mogaung,25.3014,96.9417,Burma,132608,,,,,
Kingston,44.3128,-76.4553,Canada,132485,,,,,
Obninsk,55.0931,36.6106,Russia,132477,,,,,
Centro Habana,23.1348,-82.3701,Cuba,132451,,,,,
Ünye,41.1272,37.2881,Turkey,132432,,,,,
Zagnanado,7.2667,2.35,Benin,132401,,,,,
Adonara,-8.25,123.15,Indonesia,132345,,,,,
Talavera,15.5839,120.9189,Philippines,132338,,,,,
Rustavi,41.5436,45.0117,Georgia,132333,,,,,
Kolomna,55.0833,38.7833,Russia,132247,,,,,
Okigwe,5.483,7.55,Nigeria,132237,,,,,
San Juan,18.81,-71.23,Dominican Republic,132177,,,,,
Āwarē,8.2667,44.15,Ethiopia,132149,,,,,
Naryāi ka Puri,26.52,78.35,India,132072,,,,,
Surat Thani,9.1397,99.3306,Thailand,132040,,,,,
Fürth,49.4667,11,Germany,132032,,,,,
Blitar,-8.1,112.15,Indonesia,132018,,,,,
Neftekamsk,56.1028,54.2867,Russia,131942,,,,,
Palwal,28.1447,77.3255,India,131926,,,,,
Ōme,35.788,139.2758,Japan,131895,,,,,
Ibarra,0.3627,-78.1307,Ecuador,131856,,,,,
Barreiras,-12.1528,-44.99,Brazil,131849,,,,,
Chicomba,-14.1333,14.9167,Angola,131807,,,,,
Punto Fijo,11.7167,-70.1833,Venezuela,131784,,,,,
Papeete,-17.5334,-149.5667,French Polynesia,131695,,,,,
Västerås,59.6173,16.5422,Sweden,131643,,,,,
Cubatão,-23.8953,-46.4256,Brazil,131626,,,,,
Conselheiro Lafaiete,-20.66,-43.7858,Brazil,131621,,,,,
Tultepec,19.685,-99.1281,Mexico,131567,,,,,
Jijel,36.8167,5.75,Algeria,131513,,,,,
Isahaya,32.8433,130.0531,Japan,131467,,,,,
Leuwiliang,-6.5742,106.632,Indonesia,131352,,,,,
Buea,4.1667,9.2333,Cameroon,131325,,,,,
Annecy,45.916,6.133,France,131272,,,,,
Itapipoca,-3.4939,-39.5789,Brazil,131123,,,,,
Spanish Town,17.9959,-76.9551,Jamaica,131056,,,,,
Villa Mercedes,-33.6667,-65.4667,Argentina,131046,,,,,
Tyler,32.3184,-95.3062,United States,131037,,,,,
Lam Tin,22.3094,114.2361,Hong Kong,131000,,,,,
Pālghāt,10.775,76.651,India,130955,,,,,
Atyraū,47.1167,51.8833,Kazakhstan,130916,,,,,
Cizre,37.332,42.187,Turkey,130916,,,,,
Araras,-22.3569,-47.3839,Brazil,130866,,,,,
Maijdi,22.8667,91.1,Bangladesh,130842,,,,,
Kuşadası,37.8597,27.2597,Turkey,130835,,,,,
Vlorë,40.45,19.4833,Albania,130827,,,,,
Quibdó,5.6922,-76.6581,Colombia,130825,,,,,
Marand,38.4308,45.7742,Iran,130825,,,,,
Bassila,9.0167,1.6667,Benin,130770,,,,,
Thaton,16.925,97.3667,Burma,130763,,,,,
Zama,35.4833,139.4,Japan,130753,,,,,
Shuangcheng,45.3503,126.28,China,130710,,,,,
Narita,35.7767,140.3183,Japan,130689,,,,,
Lào Cai,22.4806,103.975,Vietnam,130671,,,,,
Trinidad,-14.8292,-64.9014,Bolivia,130657,,,,,
Innsbruck,47.2683,11.3933,Austria,130585,,,,,
Udon Thani,17.4167,102.75,Thailand,130531,,,,,
Angono,14.5234,121.1536,Philippines,130494,,,,,
Silay,10.8,122.97,Philippines,130478,,,,,
Ānand,22.556,72.951,India,130462,,,,,
Jīroft,28.6797,57.7447,Iran,130429,,,,,
City of Isabela,6.7,121.97,Philippines,130379,,,,,
Nantou,22.7217,113.2926,China,130370,,,,,
Los Guayos,10.1833,-67.9333,Venezuela,130345,,,,,
Arcahaie,18.7702,-72.5123,Haiti,130306,,,,,
Botād,22.17,71.67,India,130302,,,,,
Abiko,35.8667,140.0333,Japan,130290,,,,,
Tabarre,18.5833,-72.2667,Haiti,130283,,,,,
Baiyashi,26.4019,111.2864,China,130256,,,,,
Amherst,43.0117,-78.757,United States,130209,,,,,
Lincoln,53.2283,-0.5389,United Kingdom,130200,,,,,
Mojokerto,-7.4722,112.4336,Indonesia,130196,,,,,
Onomichi,34.4167,133.2,Japan,130143,,,,,
Apucarana,-23.5508,-51.4608,Brazil,130134,,,,,
Jamundí,3.2667,-76.55,Colombia,130114,,,,,
Relizane,35.7333,0.55,Algeria,130094,,,,,
Heilbronn,49.15,9.2167,Germany,130093,,,,,
Polokwane,-23.9,29.45,South Africa,130028,,,,,
Cili,29.4225,111.1219,China,130000,,,,,
Battambang,13.1028,103.1983,Cambodia,130000,,,,,
Ulm,48.4,9.9833,Germany,129942,,,,,
Iowa City,41.6559,-91.5303,United States,129897,,,,,
Mataró,41.5333,2.45,Spain,129870,,,,,
Mardin,37.3131,40.735,Turkey,129864,,,,,
Mukeriān,31.95,75.62,India,129841,,,,,
Zwolle,52.5167,6.1,Netherlands,129840,,,,,
Girardot,4.305,-74.8017,Colombia,129834,,,,,
Johnson City,36.3406,-82.3806,United States,129818,,,,,
Sầm Sơn,19.7333,105.9,Vietnam,129801,,,,,
Idanre,7.0922,5.1322,Nigeria,129795,,,,,
Vespasiano,-19.6919,-43.9233,Brazil,129765,,,,,
Limoges,45.8353,1.2625,France,129754,,,,,
Ponnagyun,20.3342,93.0039,Burma,129753,,,,,
Hanumāngarh,29.58,74.32,India,129654,,,,,
Jetpur,21.7542,70.6222,India,129653,,,,,
Arcot,12.9047,79.3238,India,129640,,,,,
Kokubunji,35.7109,139.4622,Japan,129619,,,,,
Kānchrāpāra,22.9456,88.4332,India,129576,,,,,
Parepare,-4.0167,119.6236,Indonesia,129542,,,,,
Ituzaingó,-34.6667,-58.6667,Argentina,129510,,,,,
Ciénaga,11.0069,-74.25,Colombia,129414,,,,,
Chinguar,-12.55,16.3333,Angola,129370,,,,,
Ferrara,44.8353,11.6199,Italy,129340,,,,,
Zhangbei,41.158,114.7122,China,129338,,,,,
Antsiranana,-12.2765,49.3115,Madagascar,129320,,,,,
Akçaabat,41.0167,39.55,Turkey,129290,,,,,
Longjing,42.7667,129.4333,China,129286,,,,,
Santa Clara,37.3646,-121.968,United States,129239,,,,,
Tottenham,51.5975,-0.0681,United Kingdom,129237,,,,,
Charallave,10.2431,-66.8622,Venezuela,129214,,,,,
Mansa,-11.2,28.8833,Zambia,129185,,,,,
Jamaame,0.0722,42.7506,Somalia,129149,,,,,
Petapa,14.5,-90.5667,Guatemala,129124,,,,,
Chech’ŏn,37.1333,128.2167,"Korea, South",129066,,,,,
Bamban,15.2742,120.5669,Philippines,129011,,,,,
Harar,9.3111,42.1278,Ethiopia,129000,,,,,
Pforzheim,48.895,8.705,Germany,128992,,,,,
Sarhari,26.1,68.4833,Pakistan,128958,,,,,
Guadalajara de Buga,3.9,-76.3019,Colombia,128945,,,,,
Dörtyol,36.8428,36.2244,Turkey,128941,,,,,
Ciudad Ojeda,10.2,-71.3,Venezuela,128941,,,,,
Bragança,-1.0536,-46.7656,Brazil,128914,,,,,
Mubi,10.2667,13.2667,Nigeria,128900,,,,,
Guagua,14.97,120.63,Philippines,128893,,,,,
Kovrov,56.3683,41.3108,Russia,128879,,,,,
Songnim,38.7542,125.645,"Korea, North",128831,,,,,
Bat Yam,32.0231,34.7503,Israel,128800,,,,,
Ōsaki,38.5771,140.9556,Japan,128763,,,,,
Bellingham,48.7548,-122.469,United States,128737,,,,,
Norman,35.2335,-97.3471,United States,128714,,,,,
Coeur d'Alene,47.704,-116.7936,United States,128680,,,,,
Santo Tomas,7.53,125.62,Philippines,128667,,,,,
Örebro,59.2669,15.1965,Sweden,128658,,,,,
Puno,-15.8433,-70.0236,Peru,128637,,,,,
Hoshangābād,22.7475,77.7274,India,128599,,,,,
Táriba,7.8167,-72.2167,Venezuela,128590,,,,,
Fengcheng,37.4328,112.0233,China,128571,,,,,
Saïda,34.8333,0.15,Algeria,128413,,,,,
Fort Smith,35.3495,-94.3695,United States,128384,,,,,
Polatlı,39.5842,32.1472,Turkey,128378,,,,,
Rosario,13.846,121.206,Philippines,128352,,,,,
Lewisville,33.0454,-96.9815,United States,128313,,,,,
Apatzingan de la Constitucion,19.0886,-102.3508,Mexico,128250,,,,,
Würzburg,49.7833,9.9333,Germany,128246,,,,,
Rudnyy,52.9667,63.1333,Kazakhstan,128200,,,,,
Tuaran,6.1774,116.2314,Malaysia,128200,,,,,
Khanna,30.7,76.22,India,128137,,,,,
Ahmadpur East,29.1439,71.2592,Pakistan,128112,,,,,
Wazirabad,32.4353,74.1142,Pakistan,128060,,,,,
Avrankou,6.55,2.6667,Benin,128050,,,,,
Dover,39.161,-75.5202,United States,128045,,,,,
Vihari,30.0419,72.3528,Pakistan,128034,,,,,
Mosquera,4.7078,-74.2328,Colombia,128012,,,,,
Dongsheng,22.4889,113.2069,China,128000,,,,,
Garut,-7.2167,107.9,Indonesia,127980,,,,,
Votorantim,-23.5469,-47.4378,Brazil,127923,,,,,
Buôn Hồ,12.8544,108.2703,Vietnam,127920,,,,,
Abaji,8.4756,6.9433,Nigeria,127900,,,,,
Cúa,10.1667,-66.8833,Venezuela,127900,,,,,
Salmās,38.2028,44.7669,Iran,127864,,,,,
Yuba City,39.1357,-121.6383,United States,127854,,,,,
Edremit,38.4242,43.2561,Turkey,127819,,,,,
Jāzān,16.8892,42.5611,Saudi Arabia,127743,,,,,
Santa Lucía Cotzumalguapa,14.35,-91.0167,Guatemala,127683,,,,,
Guimba,15.6606,120.765,Philippines,127653,,,,,
Worcester,-33.645,19.4436,South Africa,127597,,,,,
Latina,41.4672,12.9036,Italy,127564,,,,,
Zhaozhou,37.7527,114.7775,China,127545,,,,,
Dessalines,19.2618,-72.5161,Haiti,127529,,,,,
San Ignacio,-5.1456,-79.0017,Peru,127523,,,,,
Ciudad Sandino,12.1655,-86.3579,Nicaragua,127517,,,,,
Allada,6.65,2.15,Benin,127512,,,,,
Iwakuni,34.1664,132.2189,Japan,127512,,,,,
Nagda,23.4564,75.4131,India,127484,,,,,
Bam,29.0994,58.3436,Iran,127396,,,,,
Lehigh Acres,26.612,-81.6388,United States,127391,,,,,
Opole,50.6667,17.9333,Poland,127387,,,,,
Kayes,14.4497,-11.4367,Mali,127368,,,,,
Paranaguá,-25.5208,-48.5094,Brazil,127339,,,,,
Koforidua,6.1,-0.2667,Ghana,127334,,,,,
Seto,35.2236,137.0842,Japan,127327,,,,,
Wolfsburg,52.4231,10.7872,Germany,127256,,,,,
Ōmiyachō,35.2221,138.6216,Japan,127252,,,,,
Missérété,6.5625,2.5853,Benin,127249,,,,,
Koganei,35.6995,139.503,Japan,127226,,,,,
Salerno,40.6806,14.7594,Italy,127186,,,,,
Oumé,6.3833,-5.4167,Côte d’Ivoire,127153,,,,,
Torrejón de Ardoz,40.4614,-3.4978,Spain,127132,,,,,
Abilene,32.4543,-99.7384,United States,127130,,,,,
Saidpur,25.7833,88.9,Bangladesh,127104,,,,,
Derbent,42.0578,48.2889,Russia,127084,,,,,
Nāḩiyat Khān Banī Sa‘d,33.5656,44.5435,Iraq,127000,,,,,
Leiria,39.7431,-8.8069,Portugal,126897,,,,,
Sertãozinho,-21.1378,-47.99,Brazil,126887,,,,,
Hardoī,27.42,80.12,India,126851,,,,,
Delgado,13.7167,-89.1667,El Salvador,126839,,,,,
Cabo Frio,-22.8789,-42.0189,Brazil,126828,,,,,
Ñemby,-25.394,-57.5398,Paraguay,126817,,,,,
Lucheng,29.9985,101.9569,China,126785,,,,,
Kamëz,41.3833,19.7667,Albania,126777,,,,,
Fatsa,41.0306,37.5,Turkey,126775,,,,,
Santa Cruz,14.5998,120.9802,Philippines,126735,,,,,
Guelmim,28.9833,-10.0667,Morocco,126729,,,,,
Bokhtar,37.8364,68.7803,Tajikistan,126700,,,,,
Fuyuan,48.3647,134.3079,China,126694,,,,,
Nefteyugansk,61.0833,72.7,Russia,126690,,,,,
Gurabo al Medio,19.4739,-70.6727,Dominican Republic,126668,,,,,
Ajax,43.8583,-79.0364,Canada,126666,,,,,
Barcarena,-1.5058,-48.6258,Brazil,126650,,,,,
Catabola,-12.1167,17.3,Angola,126631,,,,,
Villa Alemana,-33.0422,-71.3733,Chile,126548,,,,,
My Drarga,30.38,-9.48,Morocco,126512,,,,,
Simi Valley,34.2663,-118.749,United States,126503,,,,,
Kislovodsk,43.9167,42.7167,Russia,126423,,,,,
Suhum,6.0409,-0.45,Ghana,126403,,,,,
Jandira,-23.5278,-46.9028,Brazil,126356,,,,,
San Juan,14.604,121.03,Philippines,126347,,,,,
Nazran,43.2167,44.7667,Russia,126292,,,,,
Altamira,-3.2028,-52.2058,Brazil,126279,,,,,
Guntakal,15.17,77.38,India,126270,,,,,
Iizuka,33.6467,130.6911,Japan,126136,,,,,
Pithampur,22.6197,75.6933,India,126099,,,,,
Pearland,29.5581,-95.3218,United States,125983,,,,,
Jijiga,9.35,42.8,Ethiopia,125876,,,,,
Kenosha,42.5865,-87.8773,United States,125807,,,,,
Rosetta,31.4014,30.4194,Egypt,125778,,,,,
Giresun,40.9153,38.3894,Turkey,125682,,,,,
San Fernando,16.62,120.32,Philippines,125640,,,,,
Kastamonu,41.3764,33.7764,Turkey,125622,,,,,
Payakumbuh,-0.2333,100.6333,Indonesia,125608,,,,,
Arecibo,18.4491,-66.7387,Puerto Rico,125548,,,,,
Pātan,23.85,72.125,India,125497,,,,,
Lüleburgaz,41.4056,27.3569,Turkey,125404,,,,,
Karabük,41.1986,32.6264,Turkey,125403,,,,,
Bonao,18.95,-70.41,Dominican Republic,125338,,,,,
Barbacena,-21.2258,-43.7739,Brazil,125317,,,,,
Zoetermeer,52.0667,4.5,Netherlands,125267,,,,,
Basīrhat,22.6572,88.8942,India,125254,,,,,
Resende,-22.4689,-44.4469,Brazil,125214,,,,,
Raxaul,26.9833,84.85,India,125210,,,,,
Sakiet ed Daier,34.8,10.78,Tunisia,125204,,,,,
Nzega,-4.2169,33.1864,Tanzania,125193,,,,,
Gashua,12.8681,11.0464,Nigeria,125100,,,,,
Az Zulfī,26.2994,44.8154,Saudi Arabia,125000,,,,,
Jilib,0.4883,42.7853,Somalia,125000,,,,,
Cerro,23.0881,-82.395,Cuba,124994,,,,,
Bataysk,47.1667,39.7333,Russia,124987,,,,,
Algeciras,36.1275,-5.4539,Spain,124978,,,,,
Hālīsahar,22.9469,88.4184,India,124939,,,,,
Magelang,-7.4667,110.2167,Indonesia,124912,,,,,
Jagādhri,30.168,77.301,India,124894,,,,,
Tychy,50.1236,18.9867,Poland,124882,,,,,
Meridian,43.6116,-116.3977,United States,124865,,,,,
Juticalpa,14.6672,-86.2196,Honduras,124828,,,,,
Jizhou,37.5455,115.5663,China,124716,,,,,
Ksar El Kebir,35.009,-5.9,Morocco,124701,,,,,
Koidu,8.6439,-10.9717,Sierra Leone,124662,,,,,
Guarapari,-20.6578,-40.5108,Brazil,124656,,,,,
Yeebo Town,5.25,-7.9167,Liberia,124653,,,,,
Sunām,30.13,75.8,India,124590,,,,,
Ouahigouya,13.5833,-2.4167,Burkina Faso,124580,,,,,
Rishra,22.71,88.35,India,124577,,,,,
Grand-Bassam,5.2,-3.7333,Côte d’Ivoire,124567,,,,,
Jhārsugra,21.85,84.03,India,124500,,,,,
Leeuwarden,53.2,5.7833,Netherlands,124481,,,,,
Bến Tre,10.2333,106.3833,Vietnam,124449,,,,,
Glazoué,7.9736,2.24,Benin,124431,,,,,
Ovalle,-30.6,-71.2,Chile,124401,,,,,
Chinautla,14.7,-90.5,Guatemala,124365,,,,,
New Mirpur,33.15,73.7333,Pakistan,124352,,,,,
Chía,4.85,-74.05,Colombia,124309,,,,,
Pinsk,52.1153,26.1031,Belarus,124295,,,,,
Round Rock,30.527,-97.6642,United States,124288,,,,,
Mogi Guaçu,-22.3719,-46.9419,Brazil,124228,,,,,
Magalang,15.22,120.67,Philippines,124188,,,,,
Waldorf,38.6085,-76.9194,United States,124186,,,,,
Exeter,50.7256,-3.5269,United Kingdom,124180,,,,,
Bimbo,4.2558,18.4042,Central African Republic,124176,,,,,
Pāli,23.35,81.05,India,124175,,,,,
Kuopio,62.8925,27.6783,Finland,124131,,,,,
Baleraja,-6.5167,107.9169,Indonesia,124129,,,,,
Leiden,52.16,4.49,Netherlands,124093,,,,,
Fugu,39.0259,111.0683,China,124002,,,,,
Savannakhet,16.55,104.75,Laos,124000,,,,,
Temple,31.1068,-97.3891,United States,123932,,,,,
Magangué,9.25,-74.7667,Colombia,123906,,,,,
Nevşehir,38.6264,34.7139,Turkey,123882,,,,,
Cambridge,52.205,0.1225,United Kingdom,123867,,,,,
Kirishima,31.7411,130.7633,Japan,123812,,,,,
Cai Lậy,10.417,106.083,Vietnam,123775,,,,,
Maicao,11.3778,-72.2389,Colombia,123757,,,,,
Pobé,6.9667,2.6833,Benin,123740,,,,,
Akçakale,36.7108,38.9478,Turkey,123721,,,,,
Giugliano in Campania,40.9283,14.2011,Italy,123679,,,,,
Lynchburg,37.4003,-79.1909,United States,123662,,,,,
Dongfeng,22.6904,113.246,China,123647,,,,,
Paleng,-1.4,123.1667,Indonesia,123580,,,,,
Santa Cruz,14.28,121.42,Philippines,123574,,,,,
Djidja,7.3333,1.9333,Benin,123542,,,,,
Dūmā,33.5833,36.4,Syria,123494,,,,,
Longtian,34.9,106.85,China,123469,,,,,
Punta Arenas,-53.1667,-70.9333,Chile,123403,,,,,
Rubtsovsk,51.5167,81.2,Russia,123379,,,,,
Söke,37.7508,27.4103,Turkey,123301,,,,,
Três Lagoas,-20.7876,-51.7034,Brazil,123281,,,,,
Rochester,44.0154,-92.478,United States,123252,,,,,
Nāndgaon,20.307,74.657,India,123191,,,,,
Orizaba,18.85,-97.1,Mexico,123182,,,,,
Bento Gonçalves,-29.1708,-51.5189,Brazil,123151,,,,,
Baraki,36.6667,3.1,Algeria,123101,,,,,
Cherkessk,44.2167,42.05,Russia,123100,,,,,
Ariana,36.8625,10.1956,Tunisia,123079,,,,,
Alwāl,17.5047,78.5038,India,123031,,,,,
Gapan,15.3122,120.9489,Philippines,122968,,,,,
Kaya,13.0833,-1.0833,Burkina Faso,122949,,,,,
Ed Damer,17.59,33.96,Sudan,122944,,,,,
Munch’ŏn,39.259,127.356,"Korea, North",122934,,,,,
Gexianzhuang,37.0694,115.6591,China,122917,,,,,
Logan,41.7399,-111.8422,United States,122915,,,,,
Kilifi,-3.6333,39.85,Kenya,122899,,,,,
Romford,51.5768,0.1801,United Kingdom,122854,,,,,
Arvada,39.832,-105.151,United States,122835,,,,,
Dimāpur,25.9092,93.7266,India,122834,,,,,
Shiyan,23.1251,113.8633,China,122802,,,,,
Pati,-6.7415,111.0347,Indonesia,122785,,,,,
Yuanlin,23.9611,120.5736,Taiwan,122763,,,,,
Bayawan,9.37,122.8,Philippines,122747,,,,,
Clovis,36.8278,-119.683,United States,122719,,,,,
Skhirate,33.85,-7.03,Morocco,122705,,,,,
Hoima,1.4319,31.3525,Uganda,122700,,,,,
San Pedro Garza García,25.6667,-100.3,Mexico,122659,,,,,
Bayan Lepas,5.2999,100.2605,Malaysia,122654,,,,,
Ciudad Hidalgo,19.6917,-100.5536,Mexico,122619,,,,,
Behbahān,30.5942,50.2433,Iran,122604,,,,,
Itatiba,-23.0058,-46.8389,Brazil,122581,,,,,
Barretos,-20.5569,-48.5678,Brazil,122485,,,,,
Ise,34.4833,136.7167,Japan,122432,,,,,
Puerto Cortés,15.8833,-87.95,Honduras,122426,,,,,
Maina,13.4692,144.7332,Guam,122411,,,,,
Indramayu,-6.3528,108.3242,Indonesia,122400,,,,,
Tam Kỳ,15.5667,108.4833,Vietnam,122374,,,,,
Uruma,26.3792,127.8575,Japan,122371,,,,,
Sarangāpuram,18.9447,78.9936,India,122368,,,,,
Ereğli,41.2792,31.4208,Turkey,122282,,,,,
Bhadrakh,21.0545,86.5156,India,122119,,,,,
León,42.6056,-5.57,Spain,122051,,,,,
Gyumri,40.7894,43.8475,Armenia,121976,,,,,
Independence,39.0871,-94.3501,United States,121944,,,,,
Dharmavaram,14.43,77.72,India,121874,,,,,
Colchester,51.8917,0.903,United Kingdom,121859,,,,,
Sanjiao,22.6856,113.4272,China,121812,,,,,
Monza,45.5836,9.2736,Italy,121799,,,,,
Chinandega,12.6167,-87.15,Nicaragua,121793,,,,,
Metz,49.1203,6.1778,France,121695,,,,,
Farīdpur,23.5986,89.8353,Bangladesh,121632,,,,,
Linjiang,41.8167,126.9167,China,121616,,,,,
Springs,-26.2547,28.4428,South Africa,121610,,,,,
Dorūd,33.4994,49.0531,Iran,121608,,,,,
Kashiwara,34.5094,135.8092,Japan,121604,,,,,
Ondjiva,-17.0667,15.7333,Angola,121537,,,,,
Alberton,-26.2672,28.1219,South Africa,121536,,,,,
Yessentuki,44.0333,42.85,Russia,121534,,,,,
Temperley,-34.7667,-58.3833,Argentina,121451,,,,,
Waterloo,43.4667,-80.5167,Canada,121436,,,,,
Dordrecht,51.7958,4.6783,Netherlands,121434,,,,,
Kamalia,30.7333,72.65,Pakistan,121401,,,,,
Tsuruoka,38.7272,139.8267,Japan,121371,,,,,
Lianhe,47.1314,129.2906,China,121367,,,,,
Ar Rass,25.8694,43.4973,Saudi Arabia,121359,,,,,
Port-de-Paix,19.95,-72.8333,Haiti,121220,,,,,
Wuling,39.4421,114.23,China,121110,,,,,
Chơn Thành,11.4292,106.6572,Vietnam,121083,,,,,
Ambikāpur,23.12,83.2,India,121071,,,,,
Puruliya,23.34,86.36,India,121067,,,,,
Mīt Ghamr,30.7192,31.2628,Egypt,121039,,,,,
Tabuk,17.4069,121.4425,Philippines,121033,,,,,
Kırıkhan,36.4975,36.3608,Turkey,121028,,,,,
Sassari,40.7267,8.5592,Italy,121021,,,,,
Ghazīpur,25.58,83.57,India,121020,,,,,
Ch’ungmu,34.8333,128.4167,"Korea, South",121020,,,,,
Apartadó,7.8833,-76.6333,Colombia,121003,,,,,
Tumen,42.9667,129.85,China,121000,,,,,
Perpignan,42.6986,2.8956,France,120996,,,,,
Thành Phố Uông Bí,21.0356,106.7644,Vietnam,120982,,,,,
Jīma,7.6667,36.8333,Ethiopia,120960,,,,,
Genhe,50.7833,121.5167,China,120942,,,,,
Navojoa,27.0813,-109.4461,Mexico,120926,,,,,
Anderlecht,50.8333,4.3333,Belgium,120887,,,,,
Redding,40.5698,-122.365,United States,120849,,,,,
Winterveld,-25.42,27.949,South Africa,120826,,,,,
Lahti,60.9833,25.65,Finland,120809,,,,,
Chilapa de Álvarez,17.5944,-99.1778,Mexico,120790,,,,,
Gafsa,34.4225,8.7842,Tunisia,120739,,,,,
Coatepeque,14.7,-91.8667,Guatemala,120737,,,,,
Bagaha,27.0992,84.09,India,120736,,,,,
Muş,38.7333,41.4911,Turkey,120699,,,,,
Catchiungo,-12.5667,16.2333,Angola,120677,,,,,
Nakhon Pathom,13.8206,100.0625,Thailand,120657,,,,,
Pingshan,38.2506,114.1969,China,120631,,,,,
Kotamobagu,0.7333,124.3167,Indonesia,120597,,,,,
Greenville,35.5943,-77.376,United States,120595,,,,,
Gurdāspur,32.0333,75.4,India,120564,,,,,
Kỳ Anh,18.0678,106.2967,Vietnam,120518,,,,,
Novocheboksarsk,56.1333,47.5,Russia,120499,,,,,
Pelabuhanratu,-6.9878,106.5439,Indonesia,120488,,,,,
Kot Addu,30.4664,70.9656,Pakistan,120479,,,,,
Duluth,46.7756,-92.1393,United States,120443,,,,,
Tindivanam,12.2267,79.6504,India,120405,,,,,
Honmachi,32.5075,130.6017,Japan,120389,,,,,
Ramos Mejía,-34.65,-58.5667,Argentina,120346,,,,,
Göttingen,51.5339,9.9356,Germany,120261,,,,,
High Wycombe,51.6287,-0.7482,United Kingdom,120256,,,,,
Gemlik,40.4317,29.1561,Turkey,120245,,,,,
Maastricht,50.8667,5.6833,Netherlands,120227,,,,,
Berkeley,37.8722,-122.276,United States,120223,,,,,
Boulogne-Billancourt,48.8352,2.2409,France,120205,,,,,
Khurda,20.18,85.62,India,120204,,,,,
Boulder,40.0248,-105.2524,United States,120121,,,,,
Poblacion,14.3854,121.029,Philippines,120115,,,,,
Kandy,7.2931,80.635,Sri Lanka,120087,,,,,
Midyat,37.4167,41.3697,Turkey,120069,,,,,
Ban Bang Pu Mai,13.5204,100.666,Thailand,120058,,,,,
Besançon,47.24,6.02,France,120057,,,,,
Gateshead,54.9556,-1.6,United Kingdom,120046,,,,,
Pueblo,38.2701,-104.6114,United States,120020,,,,,
Guelma,36.45,7.4333,Algeria,120004,,,,,
Baraka,-4.1041,29.094,Congo (Kinshasa),120000,,,,,
Ghardaïa,32.4833,3.6667,Algeria,120000,,,,,
Hengken,24.346,93.7,India,120000,,,,,
Nokha,27.6,73.42,India,120000,,,,,
Jandrapeta,15.8246,80.3521,India,120000,,,,,
Unwana,5.8625,7.9486,Nigeria,120000,,,,,
Ar Rustāq,23.3908,57.4244,Oman,120000,,,,,
Mariupol,47.0958,37.5494,Ukraine,120000,,,,,
Đông Hòa,12.9931,109.3314,Vietnam,119991,,,,,
Gorzów Wielkopolski,52.7333,15.25,Poland,119964,,,,,
Terrebonne,45.7,-73.6333,Canada,119944,,,,,
Lalo,6.9167,1.8833,Benin,119926,,,,,
Yelahanka,13.1007,77.5963,India,119891,,,,,
Ghotki,28.1,69.19,Pakistan,119879,,,,,
Kwekwe,-18.9167,29.8167,Zimbabwe,119863,,,,,
Malindi,-3.21,40.1,Kenya,119859,,,,,
Rize,41.0247,40.5222,Turkey,119828,,,,,
Almirante Tamandaré,-25.325,-49.31,Brazil,119825,,,,,
Ebetsu,43.1,141.5333,Japan,119819,,,,,
Moncton,46.1328,-64.7714,Canada,119785,,,,,
Palma Soriano,20.2139,-75.9919,Cuba,119740,,,,,
An,19.7833,94.0333,Burma,119714,,,,,
Suceava,47.6514,26.2556,Romania,119694,,,,,
Jiangna,23.6092,104.3731,China,119665,,,,,
Pleven,43.4167,24.6167,Bulgaria,119596,,,,,
Fulgāzi,23.1461,91.4409,Bangladesh,119558,,,,,
Bergamo,45.695,9.67,Italy,119534,,,,,
Shuixi,22.509,113.3213,China,119517,,,,,
Sanxi,22.5111,113.3161,China,119517,,,,,
Naz̧arābād,35.9561,50.6044,Iran,119512,,,,,
West Palm Beach,26.7469,-80.132,United States,119508,,,,,
Candaba,15.0933,120.8283,Philippines,119497,,,,,
Nāmakkal,11.2167,78.1667,India,119491,,,,,
Parow,-33.9,18.6,South Africa,119462,,,,,
Tizayuca,19.8333,-98.9833,Mexico,119442,,,,,
Moḩammad Shahr,35.7533,50.9014,Iran,119418,,,,,
Port Dickson,2.5228,101.7959,Malaysia,119300,,,,,
Angra dos Reis,-23.0069,-44.3178,Brazil,119247,,,,,
Arapongas,-23.4189,-51.4239,Brazil,119138,,,,,
Dolgoprudnyy,55.9333,37.5,Russia,119089,,,,,
Guaratinguetá,-22.8167,-45.2278,Brazil,119073,,,,,
Slough,51.5084,-0.5881,United Kingdom,119070,,,,,
Ţūz Khūrmātū,34.8881,44.6325,Iraq,119000,,,,,
Aw Dheegle,1.9775,44.8325,Somalia,119000,,,,,
Birigui,-21.2889,-50.34,Brazil,118979,,,,,
Totonicapán,14.9108,-91.3606,Guatemala,118960,,,,,
Huaraz,-9.5333,-77.5333,Peru,118836,,,,,
Daitōchō,34.7167,135.6167,Japan,118812,,,,,
Darjeeling,27.0375,88.2631,India,118805,,,,,
Piraquara,-25.4419,-49.0628,Brazil,118730,,,,,
Bottrop,51.5247,6.9228,Germany,118705,,,,,
Bet Shemesh,31.7514,34.9886,Israel,118700,,,,,
Bismil,37.8467,40.6661,Turkey,118698,,,,,
Vihiga,0.0369,34.7101,Kenya,118696,,,,,
Berrouaghia,36.1333,2.9167,Algeria,118678,,,,,
Pescara,42.4643,14.2142,Italy,118657,,,,,
Hưng Yên,20.6464,106.0511,Vietnam,118646,,,,,
Rundu,-17.9167,19.7667,Namibia,118632,,,,,
Miramar,22.3375,-97.8694,Mexico,118614,,,,,
Soasio,0.6833,127.4,Indonesia,118613,,,,,
Sopur,34.3,74.47,India,118608,,,,,
Nowshera,34.0153,71.9747,Pakistan,118594,,,,,
Bandar-e Anzalī,37.4708,49.47,Iran,118564,,,,,
Reutlingen,48.4833,9.2167,Germany,118528,,,,,
Bruges,51.2089,3.2242,Belgium,118509,,,,,
Yongqing,39.2958,116.4897,China,118494,,,,,
Calumpit,14.92,120.77,Philippines,118471,,,,,
Iguala de la Independencia,18.345,-99.5383,Mexico,118468,,,,,
Bwana Mkubwa,-12.9833,28.7,Zambia,118464,,,,,
Butwāl,27.7,83.45,Nepal,118462,,,,,
Senador Canedo,-16.7081,-49.0931,Brazil,118451,,,,,
Burlington,44.4876,-73.2316,United States,118409,,,,,
Chikmagalūr,13.313,75.737,India,118401,,,,,
Seaside,36.6224,-121.8199,United States,118398,,,,,
Matamoros,25.533,-103.25,Mexico,118337,,,,,
Kadoma,34.7333,135.5833,Japan,118319,,,,,
Yangliuqing,39.13,117.0142,China,118291,,,,,
Richardson,32.9716,-96.7093,United States,118269,,,,,
Xuqiaocun,30.4274,120.3866,China,118263,,,,,
Kampong Cham,12,105.45,Cambodia,118242,,,,,
Dinalupihan,14.88,120.47,Philippines,118209,,,,,
Malita,6.4108,125.6144,Philippines,118197,,,,,
Gudivāda,16.43,80.99,India,118167,,,,,
Bama,11.5189,13.6842,Nigeria,118121,,,,,
Quyang,26.5755,109.7008,China,118100,,,,,
Ilobu,7.84,4.486,Nigeria,118097,,,,,
Ligao,13.22,123.52,Philippines,118096,,,,,
Trento,46.0667,11.1167,Italy,118046,,,,,
Nouadhibou,20.9333,-17.0333,Mauritania,118000,,,,,
Dongsheng,22.6228,113.2917,China,117976,,,,,
Amreli,21.6006,71.2164,India,117967,,,,,
Blackburn,53.748,-2.482,United Kingdom,117963,,,,,
Phagwāra,31.22,75.77,India,117954,,,,,
Bagé,-31.3308,-54.1069,Brazil,117938,,,,,
Aizuwakamatsu,37.4948,139.9298,Japan,117924,,,,,
Tahoua,14.9,5.2599,Niger,117826,,,,,
Matsubara,34.5833,135.55,Japan,117811,,,,,
Araguari,-18.6489,-48.1869,Brazil,117808,,,,,
Erlangen,49.5833,11.0167,Germany,117806,,,,,
Cambridge,42.3759,-71.1185,United States,117794,,,,,
Gogounou,10.8386,2.8361,Benin,117793,,,,,
Agadez,16.9959,7.9828,Niger,117770,,,,,
Saanich,48.484,-123.381,Canada,117735,,,,,
Nobeoka,32.5822,131.665,Japan,117711,,,,,
Uribia,11.9167,-72,Colombia,117674,,,,,
Beni Yakhlef,33.6555,-7.3221,Morocco,117653,,,,,
Vitória de Santo Antão,-8.1264,-35.3075,Brazil,117609,,,,,
Banyuwangi,-8.2186,114.3669,Indonesia,117558,,,,,
Handa,34.8919,136.9381,Japan,117544,,,,,
Monroe,32.5185,-92.0774,United States,117507,,,,,
Salmān Bāk,33.102,44.5835,Iraq,117500,,,,,
Catacamas,14.8484,-85.8936,Honduras,117493,,,,,
North Charleston,32.9067,-80.0722,United States,117460,,,,,
Badin,24.6572,68.8406,Pakistan,117455,,,,,
Saginaw,43.4199,-83.9501,United States,117412,,,,,
Midsayap,7.19,124.53,Philippines,117365,,,,,
Heroica Guaymas,27.9183,-110.8989,Mexico,117253,,,,,
Munūf,30.4667,30.9333,Egypt,117240,,,,,
Uruguaiana,-29.755,-57.0878,Brazil,117210,,,,,
Banfora,10.6308,-4.7589,Burkina Faso,117200,,,,,
Harshin,9.2167,43.5878,Ethiopia,117187,,,,,
Novomoskovsk,54.0833,38.2167,Russia,117175,,,,,
Adilābād,19.67,78.53,India,117167,,,,,
Apalit,14.9496,120.7587,Philippines,117160,,,,,
Yulu,23.476,116.3978,China,117110,,,,,
Umuarama,-23.7658,-53.325,Brazil,117095,,,,,
Helong,42.5436,129.0028,China,117087,,,,,
Clearwater,27.979,-82.7623,United States,117075,,,,,
Alcobendas,40.5333,-3.6333,Spain,117041,,,,,
Cassongue,-11.8333,15,Angola,117000,,,,,
Fāqūs,30.7282,31.797,Egypt,116945,,,,,
Dąbrowa Górnicza,50.3214,19.1872,Poland,116930,,,,,
The Woodlands,30.1738,-95.5134,United States,116916,,,,,
Baripāda,21.94,86.72,India,116874,,,,,
Linköping,58.4094,15.6257,Sweden,116851,,,,,
Soreang,-7.0372,107.5167,Indonesia,116780,,,,,
Kōnosu,36.0659,139.5222,Japan,116777,,,,,
Samal,7.05,125.73,Philippines,116771,,,,,
Datu Odin Sinsuat,7.1889,124.1839,Philippines,116768,,,,,
Manpo,41.157,126.29,"Korea, North",116760,,,,,
Barcelos,41.5333,-8.6167,Portugal,116752,,,,,
Tatuí,-23.3556,-47.8569,Brazil,116682,,,,,
Sidi Yahya Zaer,33.7105,-6.8831,Morocco,116649,,,,,
Chimaltenango,14.6622,-90.8208,Guatemala,116642,,,,,
La Granja,-33.5333,-70.625,Chile,116571,,,,,
Yavatmāl,20.24,78.06,India,116551,,,,,
Titāgarh,22.74,88.37,India,116541,,,,,
Macul,-32.6583,-70.6,Chile,116534,,,,,
Ikoma,34.7,135.7,Japan,116518,,,,,
Honchō,35.758,139.5299,Japan,116477,,,,,
Barnāla,30.37,75.54,India,116450,,,,,
Cheltenham,51.9,-2.0667,United Kingdom,116447,,,,,
Forlì,44.2225,12.0408,Italy,116440,,,,,
Oktyabr’skiy,54.4667,53.4667,Russia,116427,,,,,
Chittaurgarh,24.88,74.63,India,116406,,,,,
Brandon,27.9367,-82.3,United States,116365,,,,,
St. Cloud,45.534,-94.1718,United States,116347,,,,,
Orléans,47.9025,1.909,France,116344,,,,,
Xai-Xai,-25.05,33.65,Mozambique,116343,,,,,
Rouen,49.4428,1.0886,France,116331,,,,,
Tecomán,18.9089,-103.8747,Mexico,116305,,,,,
Kadoma,-18.34,29.9,Zimbabwe,116300,,,,,
West Jordan,40.6024,-112.0008,United States,116277,,,,,
Boké,10.94,-14.3,Guinea,116270,,,,,
Coronel,-37.0167,-73.2167,Chile,116262,,,,,
Narasaraopet,16.236,80.0498,India,116250,,,,,
Siracusa,37.0692,15.2875,Italy,116244,,,,,
Himamaylan,10.1,122.87,Philippines,116240,,,,,
Ocaña,8.2333,-73.35,Colombia,116232,,,,,
Ballarat,-37.5608,143.8475,Australia,116201,,,,,
Dharān,26.8167,87.2667,Nepal,116181,,,,,
Temixco,18.85,-99.2333,Mexico,116143,,,,,
Bongao,5.0292,119.7731,Philippines,116118,,,,,
Tianmu,39.2003,117.1431,China,116084,,,,,
Aïn Beïda,35.7833,7.3833,Algeria,116064,,,,,
Karatsu,33.45,129.9683,Japan,116052,,,,,
Nagahama,35.3833,136.2833,Japan,116043,,,,,
Târgu-Mureş,46.5456,24.5625,Romania,116033,,,,,
Sogamoso,5.7167,-72.9208,Colombia,116031,,,,,
Helsingborg,56.0424,12.721,Sweden,116029,,,,,
San Tung Chung Hang,22.2869,113.9436,Hong Kong,116022,,,,,
Sabhā,27.0389,14.4264,Libya,116016,,,,,
Kyzyl,51.7167,94.45,Russia,116015,,,,,
Beppu,33.2847,131.4914,Japan,115992,,,,,
Smithtown,40.8663,-73.2164,United States,115988,,,,,
Adjaouèrè,7,2.6167,Benin,115953,,,,,
Ra’s al Khaymah,25.7667,55.95,United Arab Emirates,115949,,,,,
Noksan,36.2039,127.0847,"Korea, South",115925,,,,,
Broken Arrow,36.038,-95.7806,United States,115919,,,,,
Chidambaram,11.407,79.6912,India,115913,,,,,
Urasoe,26.2458,127.7219,Japan,115855,,,,,
São Gonçalo do Amarante,-5.7928,-35.3289,Brazil,115838,,,,,
Sri Jayewardenepura Kotte,6.9,79.9164,Sri Lanka,115826,,,,,
Várzea Paulista,-23.2108,-46.8278,Brazil,115771,,,,,
Harlingen,26.1916,-97.6977,United States,115767,,,,,
Yitong,43.3456,125.3039,China,115752,,,,,
San Ildefonso,15.0789,120.9419,Philippines,115713,,,,,
Tarogong,-7.215,107.8856,Indonesia,115660,,,,,
Kailua,21.392,-157.7396,United States,115634,,,,,
Nasushiobara,36.9617,140.0461,Japan,115602,,,,,
Nusaybin,37.075,41.2153,Turkey,115586,,,,,
Pedro Juan Caballero,-22.5446,-55.76,Paraguay,115583,,,,,
Ribeirão Pires,-23.7108,-46.4128,Brazil,115559,,,,,
Westminster,39.8837,-105.0624,United States,115546,,,,,
Sandvika,59.89,10.5264,Norway,115543,,,,,
Uzhhorod,48.6239,22.295,Ukraine,115449,,,,,
Gilroy,37.0046,-121.5854,United States,115448,,,,,
Kōenchō,43.8031,143.8947,Japan,115441,,,,,
Kovilpatti,9.1744,77.8688,India,115434,,,,,
Ar Rumaythah,31.5283,45.2039,Iraq,115431,,,,,
Kasese,0.1867,30.0881,Uganda,115400,,,,,
Richmond,37.9477,-122.3389,United States,115396,,,,,
Bijnor,29.37,78.13,India,115381,,,,,
Chelmsford,51.73,0.48,United Kingdom,115369,,,,,
Nyíregyháza,47.9558,21.7168,Hungary,115359,,,,,
Puerto Madryn,-42.7667,-65.05,Argentina,115353,,,,,
Los Baños,14.17,121.22,Philippines,115353,,,,,
Sabará,-19.8858,-43.8069,Brazil,115352,,,,,
Koblenz,50.3597,7.5978,Germany,115298,,,,,
Mandeville,30.3751,-90.0904,United States,115292,,,,,
El Pueblito,20.5397,-100.4414,Mexico,115264,,,,,
Thiès,14.7916,-16.9249,Senegal,115245,,,,,
Sliven,42.6833,26.3333,Bulgaria,115241,,,,,
Saint-Denis,48.9356,2.3539,France,115237,,,,,
Elbląg,54.1667,19.4,Poland,115220,,,,,
Igarassu,-7.8339,-34.9058,Brazil,115196,,,,,
Guanabacoa,23.1252,-82.3007,Cuba,115180,,,,,
Aihua,24.4167,100.1,China,115047,,,,,
Mendoza,-32.8897,-68.8444,Argentina,115041,,,,,
Al Muḑaybī,22.5703,58.1211,Oman,115040,,,,,
Swabi,34.1202,72.4702,Pakistan,115018,,,,,
Turbaco,10.35,-75.3333,Colombia,115000,,,,,
Ciudad Guzmán,19.7,-103.4667,Mexico,115000,,,,,
Tlapacoyan,19.9617,-97.2108,Mexico,115000,,,,,
Bu’aale,1.0833,42.5833,Somalia,115000,,,,,
Xiva,41.3814,60.3611,Uzbekistan,115000,,,,,
Niihama,33.9667,133.2833,Japan,114971,,,,,
Utica,43.0962,-75.2261,United States,114961,,,,,
Ponce,18.0127,-66.6212,Puerto Rico,114940,,,,,
Al Manşūrah,12.8531,44.9722,Yemen,114931,,,,,
Amasya,40.65,35.8331,Turkey,114921,,,,,
League City,29.4874,-95.1087,United States,114885,,,,,
Ben Guerir,32,14,Morocco,114872,,,,,
Rawajaya,-7.58,108.8828,Indonesia,114869,,,,,
Port Arthur,29.8554,-93.9264,United States,114860,,,,,
Hōfu,34.0514,131.5625,Japan,114846,,,,,
Sano,36.3145,139.5783,Japan,114842,,,,,
Lowell,42.6389,-71.3217,United States,114799,,,,,
Dam Dam,22.6352,88.4143,India,114786,,,,,
Qiaotou,36.935,101.6736,China,114712,,,,,
Hatsukaichi,34.3483,132.3317,Japan,114699,,,,,
Bremerhaven,53.55,8.5833,Germany,114677,,,,,
Bijeljina,44.7567,19.2156,Bosnia and Herzegovina,114663,,,,,
Maghnia,34.8617,-1.7306,Algeria,114634,,,,,
East Los Angeles,34.0326,-118.1691,United States,114617,,,,,
Shacheng,40.4039,115.5189,China,114569,,,,,
Nevinnomyssk,44.6333,41.9333,Russia,114556,,,,,
Thimphu,27.4722,89.6361,Bhutan,114551,,,,,
Carlsbad,33.1246,-117.2834,United States,114500,,,,,
Iriga City,13.4231,123.4122,Philippines,114457,,,,,
Borås,57.7304,12.92,Sweden,114445,,,,,
Plaridel,14.8869,120.8569,Philippines,114432,,,,,
Catalão,-18.17,-47.9419,Brazil,114427,,,,,
Tando Muhammad Khan,25.1239,68.5389,Pakistan,114406,,,,,
Jaramānā,33.4862,36.3461,Syria,114363,,,,,
Yŏju,37.3,127.6333,"Korea, South",114253,,,,,
Kemalpaşa,38.4278,27.4161,Turkey,114250,,,,,
Ambovombe,-25.1754,46.0882,Madagascar,114230,,,,,
Sakété,6.7364,2.6581,Benin,114207,,,,,
Alphen aan den Rijn,52.1333,4.6667,Netherlands,114182,,,,,
Lugazi,0.3833,32.9242,Uganda,114163,,,,,
Machakos,-1.5167,37.2667,Kenya,114109,,,,,
Elgin,42.0383,-88.324,United States,114106,,,,,
San Juan,13.826,121.396,Philippines,114068,,,,,
Bintulu,3.1664,113.036,Malaysia,114058,,,,,
Tenggarong,-0.4,116.9667,Indonesia,114039,,,,,
Namur,50.4667,4.8667,Belgium,114007,,,,,
Petržalka,48.1333,17.1167,Slovakia,114000,,,,,
Matéri,10.6978,1.0633,Benin,113958,,,,,
Kakegawa,34.7687,137.9984,Japan,113954,,,,,
Zhijiang,27.4409,109.678,China,113907,,,,,
Kuningan,-6.9764,108.4844,Indonesia,113860,,,,,
Waterloo,42.4918,-92.3522,United States,113832,,,,,
Quilengues,-14.0814,14.0931,Angola,113825,,,,,
Tawau,4.271,117.896,Malaysia,113809,,,,,
Poá,-23.5286,-46.345,Brazil,113793,,,,,
Īrānshahr,27.1978,60.6836,Iran,113750,,,,,
Ifanhim,6.6667,2.7167,Benin,113749,,,,,
Ndali,9.8608,2.7181,Benin,113604,,,,,
Lauro de Freitas,-12.8939,-38.3269,Brazil,113543,,,,,
Pul-e Khumrī,35.95,68.7,Afghanistan,113500,,,,,
Fujimino,35.8795,139.5198,Japan,113490,,,,,
Comitán,16.25,-92.1333,Mexico,113479,,,,,
Leominster,42.5209,-71.7717,United States,113462,,,,,
Bend,44.0563,-121.3095,United States,113454,,,,,
Mungo,-11.6667,16.1667,Angola,113417,,,,,
Guiguinto,14.83,120.88,Philippines,113415,,,,,
Itabira,-19.6189,-43.2269,Brazil,113343,,,,,
Shahdadpur,25.9228,68.6206,Pakistan,113342,,,,,
Sa-ch’on,35.0667,128.0833,"Korea, South",113335,,,,,
Bukittinggi,-0.3056,100.3692,Indonesia,113326,,,,,
Sātkhira,22.7082,89.0718,Bangladesh,113322,,,,,
Vejalpur,23.0061,72.5165,India,113304,,,,,
Ait Ali,30.1765,-9.4886,Morocco,113236,,,,,
Manolo Fortich,8.3675,124.8656,Philippines,113200,,,,,
Hikone,35.2667,136.2667,Japan,113191,,,,,
Jauharabad,32.2919,72.2736,Pakistan,113188,,,,,
Mangaldan,16.07,120.4039,Philippines,113185,,,,,
Tōkai,35.0231,136.9022,Japan,113144,,,,,
Libmanan,13.6964,123.06,Philippines,112994,,,,,
Remscheid,51.1833,7.2,Germany,112970,,,,,
San Carlos de Bariloche,-41.15,-71.3,Argentina,112887,,,,,
Paulo Afonso,-9.4078,-38.2219,Brazil,112870,,,,,
Tecpán Guatemala,14.7667,-91,Guatemala,112864,,,,,
Āfdem,9.4667,41,Ethiopia,112840,,,,,
Sioux City,42.4959,-96.3901,United States,112823,,,,,
Gresham,45.5021,-122.4413,United States,112818,,,,,
Kazo,36.1314,139.6018,Japan,112792,,,,,
Lárisa,39.6417,22.4167,Greece,112777,,,,,
Jönköping,57.7713,14.165,Sweden,112766,,,,,
Trier,49.7567,6.6414,Germany,112737,,,,,
Longview,32.5193,-94.7622,United States,112687,,,,,
Bergisch Gladbach,50.9918,7.1303,Germany,112660,,,,,
Tayabas,14.02,121.58,Philippines,112658,,,,,
Al Misrākh,13.47,44.0375,Yemen,112653,,,,,
Carora,10.1711,-70.0797,Venezuela,112600,,,,,
Lomas de Zamora,-34.7667,-58.4,Argentina,112580,,,,,
Balāngīr,20.72,83.48,India,112544,,,,,
Lawang,-7.83,112.7,Indonesia,112540,,,,,
Shegaon,20.7944,76.6944,India,112539,,,,,
Ōshū,39.1445,141.1391,Japan,112531,,,,,
Płock,52.55,19.7,Poland,112483,,,,,
Nkayi,-19,28.9,Zimbabwe,112471,,,,,
Higashiōmi,35.1167,136.2,Japan,112459,,,,,
Otaru,43.1833,141,Japan,112452,,,,,
Nador,35.1667,-2.9333,Morocco,112450,,,,,
Ciudad de la Costa,-34.8167,-55.95,Uruguay,112449,,,,,
Santa Lucía,10.2606,-66.6639,Venezuela,112357,,,,,
Goth Tando Sumro,25.45,68.7167,Pakistan,112335,,,,,
Sepatan,-6.1143,106.5784,Indonesia,112289,,,,,
Guanare,9.0436,-69.7489,Venezuela,112286,,,,,
Magra,22.9793,88.3748,India,112267,,,,,
Madrid,4.7344,-74.2683,Colombia,112254,,,,,
Mahāsamund,21.11,82.1,India,112228,,,,,
Pompano Beach,26.2428,-80.1312,United States,112212,,,,,
Rājpura,30.484,76.594,India,112193,,,,,
Kilis,36.7167,37.1167,Turkey,112187,,,,,
Mikhaylovsk,45.1333,42.0333,Russia,112179,,,,,
Hezuo,35.0002,102.9103,China,112173,,,,,
La Libertad,-2.2333,-80.9,Ecuador,112154,,,,,
Pochuta,14.545,-91.0889,Guatemala,112139,,,,,
Dassa-Zoumé,7.75,2.1833,Benin,112118,,,,,
Akishima,35.7057,139.3535,Japan,112110,,,,,
Bāgalkot,16.1817,75.6958,India,112090,,,,,
Osmānābād,18.3194,76.0736,India,112085,,,,,
Estelí,13.0833,-86.35,Nicaragua,112084,,,,,
Jaén,37.7667,-3.7711,Spain,112074,,,,,
San Martín,13.7333,-89.05,El Salvador,112065,,,,,
Kouandé,10.3317,1.6914,Benin,112014,,,,,
Kaliānpur,26.5191,80.2498,India,112014,,,,,
Shujālpur,23.4,76.72,India,112000,,,,,
Sāhibganj,25.25,87.65,India,111954,,,,,
Passos,-20.7189,-46.61,Brazil,111939,,,,,
Subic,14.8769,120.2328,Philippines,111912,,,,,
Fujimi,35.8566,139.5492,Japan,111858,,,,,
Baybay,10.68,124.8,Philippines,111848,,,,,
Ichinoseki,38.9347,141.1266,Japan,111824,,,,,
Downey,33.9379,-118.1311,United States,111793,,,,,
Soma,39.1883,27.6089,Turkey,111789,,,,,
Colatina,-19.5389,-40.6308,Brazil,111788,,,,,
Bou Saada,36.7524,4.5833,Algeria,111787,,,,,
Alkmaar,52.6333,4.75,Netherlands,111766,,,,,
Pervouralsk,56.9167,59.9333,Russia,111751,,,,,
Mawanella,7.2519,80.4453,Sri Lanka,111727,,,,,
Daet,14.1142,122.9564,Philippines,111700,,,,,
Nova Lima,-19.9858,-43.8469,Brazil,111697,,,,,
Recklinghausen,51.585,7.1619,Germany,111693,,,,,
Araxá,-19.5928,-46.9408,Brazil,111691,,,,,
Laoag,18.1978,120.5936,Philippines,111651,,,,,
Murrieta,33.5719,-117.1909,United States,111621,,,,,
Odintsovo,55.6667,37.2667,Russia,111612,,,,,
Pushkino,56.0167,37.8333,Russia,111580,,,,,
Chilón,17.2333,-92.4167,Mexico,111554,,,,,
Chiquimula,14.7833,-89.5333,Guatemala,111505,,,,,
Sabara Bangou,15.1197,2.0006,Niger,111490,,,,,
Kayabaşı,41.1167,28.7333,Turkey,111395,,,,,
Jawhar,2.7833,45.5,Somalia,111308,,,,,
Idaho Falls,43.4871,-112.0362,United States,111295,,,,,
Santamesa,14.6,121.0167,Philippines,111292,,,,,
Kasempa,-13.455,25.835,Zambia,111272,,,,,
Miami Gardens,25.9433,-80.2426,United States,111264,,,,,
Champdani,22.802,88.346,India,111251,,,,,
Ḩaraḑ,24.1485,49.0577,Saudi Arabia,111214,,,,,
Dīsa,24.2501,72.1822,India,111160,,,,,
Ariquemes,-9.9161,-63.0408,Brazil,111148,,,,,
Codó,-4.455,-43.8858,Brazil,111146,,,,,
Kasuga,33.5328,130.4703,Japan,111144,,,,,
Everett,47.9525,-122.1669,United States,111083,,,,,
Nsukka,6.8567,7.3958,Nigeria,111017,,,,,
Mersa,11.6667,39.6583,Ethiopia,111000,,,,,
Kintampo,8.0563,-1.7306,Ghana,111000,,,,,
Nandurbar,21.37,74.25,India,111000,,,,,
Purwa Utar,26.068,83.184,India,110983,,,,,
Tuzla,44.5384,18.6671,Bosnia and Herzegovina,110979,,,,,
Kaiyun,27.2399,112.8639,China,110964,,,,,
Trujillo,9.417,-70.5,Venezuela,110920,,,,,
Cádiz,36.535,-6.2975,Spain,110914,,,,,
Holland,42.7677,-86.0984,United States,110905,,,,,
Khushab,32.2986,72.3508,Pakistan,110868,,,,,
Puerto Barrios,15.7133,-88.5899,Guatemala,110846,,,,,
Fasā,28.9503,53.6272,Iran,110825,,,,,
Rosario,14.42,120.85,Philippines,110807,,,,,
Jena,50.9272,11.5861,Germany,110791,,,,,
Montreuil,48.8611,2.4436,France,110758,,,,,
Kiffa,16.6164,-11.4044,Mauritania,110714,,,,,
Al Aḩad al Masāriḩah,16.7098,42.955,Saudi Arabia,110710,,,,,
As Salamīyah,35.0113,37.0532,Syria,110683,,,,,
Sorriso,-12.545,-55.7108,Brazil,110635,,,,,
Franceville,-1.6333,13.5833,Gabon,110568,,,,,
San Antonio la Isla,19.1677,-99.5542,Mexico,110560,,,,,
San Antonio Enchisi,19.7072,-99.7867,Mexico,110560,,,,,
Costa Mesa,33.6667,-117.9135,United States,110538,,,,,
Socopó,8.2306,-70.822,Venezuela,110512,,,,,
Manzini,-26.495,31.388,Eswatini,110508,,,,,
Masindi,1.6836,31.7222,Uganda,110500,,,,,
Martínez de la Torre,20.0667,-97.05,Mexico,110415,,,,,
Temecula,33.4928,-117.1315,United States,110404,,,,,
Changbang,30.4555,120.4433,China,110352,,,,,
Empangeni,-28.75,31.9,South Africa,110340,,,,,
Ferozepore,30.9166,74.6,India,110313,,,,,
Bāneh,35.9969,45.8853,Iran,110218,,,,,
Itele,6.7667,4.0625,Nigeria,110196,,,,,
Rochdale,53.61,-2.16,United Kingdom,110194,,,,,
Jeonghae,35.5667,126.85,"Korea, South",110194,,,,,
Shirayamamachi,36.5166,136.5656,Japan,110135,,,,,
Al Jīzah,31.6833,35.95,Jordan,110097,,,,,
Tubarão,-28.4669,-49.0069,Brazil,110088,,,,,
Zhukovskiy,55.5972,38.1203,Russia,110083,,,,,
Bridgetown,13.0969,-59.6131,Barbados,110000,,,,,
Wythenshawe,53.392,-2.264,United Kingdom,110000,,,,,
Mancherāl,18.8714,79.4443,India,110000,,,,,
Qal‘at Sukkar,31.8632,46.0732,Iraq,110000,,,,,
Tinaquillo,9.9167,-68.3,Venezuela,110000,,,,,
Pisco,-13.7167,-76.2,Peru,109965,,,,,
Jacksonville,34.7289,-77.3941,United States,109958,,,,,
Retalhuleu,14.5333,-91.6833,Guatemala,109935,,,,,
Reus,41.156,1.108,Spain,109930,,,,,
Bernal,-34.7,-58.2833,Argentina,109914,,,,,
San Buenaventura,34.2741,-119.2314,United States,109900,,,,,
Miriālgūda,16.8667,79.5833,India,109891,,,,,
Birkenhead,53.393,-3.014,United Kingdom,109848,,,,,
Vicenza,45.55,11.55,Italy,109823,,,,,
Brovary,50.5111,30.79,Ukraine,109806,,,,,
Doncaster,53.5228,-1.1325,United Kingdom,109805,,,,,
Winterthur,47.4992,8.7267,Switzerland,109775,,,,,
Sugar Land,29.5935,-95.6358,United States,109735,,,,,
Dali,34.7953,109.9378,China,109696,,,,,
Rotherham,53.43,-1.357,United Kingdom,109691,,,,,
Dera Ismail Khan,31.8314,70.9019,Pakistan,109686,,,,,
Esteban Echeverría,-34.8167,-58.4667,Argentina,109644,,,,,
Quezon,7.7306,125.1,Philippines,109624,,,,,
Aguachica,8.3167,-73.6333,Colombia,109621,,,,,
Naujan,13.3233,121.3028,Philippines,109587,,,,,
Glan,5.82,125.2,Philippines,109547,,,,,
Bayugan,8.71,125.75,Philippines,109499,,,,,
Maidstone,51.272,0.529,United Kingdom,109490,,,,,
Gualeguaychú,-33.0167,-58.5167,Argentina,109461,,,,,
Kecskemét,46.9075,19.6917,Hungary,109450,,,,,
Zárate,-34.0833,-59.0333,Argentina,109443,,,,,
Delft,52.0117,4.3592,Netherlands,109435,,,,,
Walthamstow,51.584,-0.021,United Kingdom,109424,,,,,
Drammen,59.7439,10.2045,Norway,109416,,,,,
Chico,39.7578,-121.8161,United States,109411,,,,,
Nkpor,6.15,6.8333,Nigeria,109377,,,,,
Kamagaya,35.7768,140.0008,Japan,109370,,,,,
Tacurong,6.68,124.67,Philippines,109319,,,,,
Malacatán,14.9,-92.0497,Guatemala,109318,,,,,
Taoyang,35.3754,103.8612,China,109300,,,,,
Yŏngju,36.8058,128.6239,"Korea, South",109266,,,,,
Labo,14.1561,122.8294,Philippines,109245,,,,,
Sandachō,34.8833,135.2333,Japan,109243,,,,,
Roquetas de Mar,36.7642,-2.6147,Spain,109204,,,,,
White Rock,49.025,-122.8028,Canada,109167,,,,,
Marugame,34.2833,133.8,Japan,109165,,,,,
South Fulton,33.6273,-84.58,United States,109157,,,,,
Tangjia,22.3566,113.5919,China,109152,,,,,
Sehore,23.2,77.08,India,109118,,,,,
Sparks,39.5736,-119.7161,United States,109106,,,,,
Handeni,-5.4242,38.0194,Tanzania,108968,,,,,
Balombo,-12.35,14.7667,Angola,108965,,,,,
Talisay,10.73,122.97,Philippines,108909,,,,,
Hosan,36.2,127.0833,"Korea, South",108883,,,,,
Silopi,37.2486,42.4703,Turkey,108880,,,,,
Bangaon,23.07,88.82,India,108864,,,,,
Thunder Bay,48.3822,-89.2461,Canada,108843,,,,,
Pulilan,14.902,120.849,Philippines,108836,,,,,
Maxixe,-23.8597,35.3472,Mozambique,108824,,,,,
Dimitrovgrad,54.1833,49.5833,Russia,108804,,,,,
Kasserine,35.1667,8.8333,Tunisia,108794,,,,,
Bagu Na Mohra,33.22,73.21,Pakistan,108784,,,,,
Maţrūḩ,31.3333,27.2167,Egypt,108774,,,,,
Baia Mare,47.6567,23.5719,Romania,108759,,,,,
Shihuajie,32.2742,111.4717,China,108753,,,,,
Tondabayashichō,34.5,135.6,Japan,108735,,,,,
San Francisco de la Piedad,20.0325,-100.7214,Mexico,108697,,,,,
Witbank,-25.877,29.201,South Africa,108673,,,,,
Khopoli,18.789,73.343,India,108648,,,,,
Ferizaj,42.3706,21.1553,Kosovo,108610,,,,,
Oxford,51.7519,-1.2578,United Kingdom,108600,,,,,
Xishancun,23.6014,116.3257,China,108592,,,,,
Mascara,35.4,0.1333,Algeria,108587,,,,,
Khenchela,35.4167,7.1333,Algeria,108580,,,,,
Taungoo,18.9333,96.4333,Burma,108569,,,,,
Móng Cái,21.5333,107.9667,Vietnam,108553,,,,,
Artëm,43.3667,132.2,Russia,108539,,,,,
La Gi,10.66,107.7719,Vietnam,108519,,,,,
Komatsu,36.4083,136.4455,Japan,108509,,,,,
Islāmābād,33.7353,75.1478,India,108505,,,,,
Yāsūj,30.6672,51.5797,Iran,108505,,,,,
Khardah,22.72,88.38,India,108496,,,,,
Cawayan,9.97,122.62,Philippines,108480,,,,,
Eau Claire,44.8197,-91.4948,United States,108477,,,,,
Mopti,14.49,-4.18,Mali,108456,,,,,
Delta,49.0847,-123.0586,Canada,108455,,,,,
Toowoomba,-27.5667,151.95,Australia,108398,,,,,
Caen,49.1814,-0.3636,France,108398,,,,,
Mungeli,22.07,81.68,India,108387,,,,,
Alto Hospicio,-20.25,-70.1167,Chile,108375,,,,,
Habikino,34.55,135.6,Japan,108370,,,,,
Auburn,32.6087,-85.4903,United States,108327,,,,,
Maramag,7.7631,125.005,Philippines,108293,,,,,
Nantang,22.4986,113.531,China,108190,,,,,
Tādpatri,14.92,78.02,India,108171,,,,,
Acharnés,38.0833,23.7333,Greece,108169,,,,,
Birnin Kebbi,12.4504,4.1999,Nigeria,108164,,,,,
Yilong,23.6914,102.487,China,108124,,,,,
Reyhanlı,36.2681,36.5675,Turkey,108092,,,,,
Mudanya,40.3764,28.8833,Turkey,108011,,,,,
An Nuhūd,12.6904,28.42,Sudan,108008,,,,,
Villa del Rosario,7.8339,-72.4742,Colombia,107991,,,,,
Liberec,50.7667,15.0667,Czechia,107982,,,,,
Itumbiara,-18.42,-49.2178,Brazil,107970,,,,,
Rijeka,45.3333,14.4333,Croatia,107964,,,,,
Cagua,10.1875,-67.4611,Venezuela,107932,,,,,
Douliu,23.7075,120.5439,Taiwan,107924,,,,,
Dearborn,42.3127,-83.213,United States,107846,,,,,
Baía Farta,-12.6072,13.1944,Angola,107841,,,,,
Mazhang,21.2757,110.3221,China,107819,,,,,
Castelar,-34.6667,-58.6667,Argentina,107786,,,,,
Villa Krause,-31.5833,-68.5333,Argentina,107778,,,,,
Riverview,27.8227,-82.3023,United States,107776,,,,,
Balsas,-7.5325,-46.0356,Brazil,107767,,,,,
Lingayen,16.0167,120.2333,Philippines,107728,,,,,
Labé,11.3167,-12.2833,Guinea,107695,,,,,
Allen,33.1088,-96.6735,United States,107684,,,,,
Gharbara,28.47,77.51,India,107676,,,,,
Chaman,30.9222,66.4447,Pakistan,107660,,,,,
Pishin,30.5848,66.9948,Pakistan,107646,,,,,
Sultānpur,26.2583,82.0722,India,107640,,,,,
Joyabaj,14.995,-90.8075,Guatemala,107634,,,,,
Umm Qaşr,30.0342,47.9294,Iraq,107620,,,,,
Kogon Shahri,39.7275,64.5547,Uzbekistan,107566,,,,,
Kawit,14.43,120.9,Philippines,107535,,,,,
Kotmale,7.0142,80.5897,Sri Lanka,107523,,,,,
Teixeira de Freitas,-17.535,-39.7419,Brazil,107486,,,,,
West Covina,34.0555,-117.9113,United States,107436,,,,,
Mineshita,35.1185,138.9186,Japan,107416,,,,,
Shikohābād,27.1,78.6,India,107404,,,,,
Morales,15.4725,-88.8414,Guatemala,107400,,,,,
Centennial,39.5926,-104.8673,United States,107386,,,,,
Basingstoke,51.2667,-1.0876,United Kingdom,107355,,,,,
Jalpāiguri,26.52,88.73,India,107341,,,,,
Manokwari,-0.8667,134.0833,Indonesia,107325,,,,,
Bloomington,39.1637,-86.5257,United States,107262,,,,,
Shāmli,29.45,77.32,India,107233,,,,,
Wa,10.0667,-2.5,Ghana,107214,,,,,
Cambé,-23.2758,-51.2778,Brazil,107208,,,,,
Sandy Springs,33.9366,-84.3703,United States,107198,,,,,
Bhilai Karanja,21.2198,81.4575,India,107170,,,,,
Argenteuil,48.9478,2.2489,France,107135,,,,,
Monastir,35.7694,10.8194,Tunisia,107127,,,,,
Chongshan,18.7751,109.5169,China,107100,,,,,
Ilebo,-4.3167,20.6,Congo (Kinshasa),107093,,,,,
El Monte,34.0739,-118.0291,United States,107066,,,,,
Hillsboro,45.5273,-122.936,United States,107050,,,,,
Edison,40.536,-74.3697,United States,107027,,,,,
Emmen,52.7833,6.9,Netherlands,107024,,,,,
Menifee,33.6909,-117.1849,United States,107020,,,,,
Banté,8.4167,1.8833,Benin,106945,,,,,
Luján,-34.5667,-59.1,Argentina,106899,,,,,
Novyy Urengoy,66.0833,76.6833,Russia,106890,,,,,
Bagong Silangan,14.7094,121.1,Philippines,106886,,,,,
Yopal,5.35,-72.41,Colombia,106822,,,,,
Erdenet,49.0278,104.0444,Mongolia,106810,,,,,
Suriāpet,17.1415,79.6236,India,106805,,,,,
Ji-Paraná,-10.8853,-61.9517,Brazil,106800,,,,,
Kalmunai,7.409,81.8347,Sri Lanka,106780,,,,,
Tajimi,35.3328,137.1316,Japan,106746,,,,,
Chābahār,25.2928,60.6497,Iran,106739,,,,,
Maipú,-32.9667,-68.75,Argentina,106662,,,,,
Crawley,51.1092,-0.1872,United Kingdom,106597,,,,,
Açailandia,-4.9469,-47.505,Brazil,106550,,,,,
Rio Rancho,35.2873,-106.6982,United States,106533,,,,,
As Safīrah,36.077,37.3725,Syria,106460,,,,,
Wardha,20.7417,78.6056,India,106444,,,,,
La Banda,-27.7333,-64.25,Argentina,106441,,,,,
Catbalogan,11.78,124.88,Philippines,106440,,,,,
Htison,15.9,98.1833,Burma,106427,,,,,
El Kelaa des Srarhna,32.0481,-7.4083,Morocco,106418,,,,,
Davie,26.0789,-80.287,United States,106412,,,,,
Rānībennur,14.6167,75.6167,India,106406,,,,,
Ōmuta,33.0303,130.4458,Japan,106393,,,,,
Longjiang,47.3404,123.18,China,106384,,,,,
Terni,42.5667,12.65,Italy,106370,,,,,
Hammamet,36.4,10.6167,Tunisia,106326,,,,,
Berdiansk,46.7556,36.7889,Ukraine,106311,,,,,
Toufen,24.6832,120.9072,Taiwan,106310,,,,,
Ad Dakhla,23.7081,-15.9456,Morocco,106277,,,,,
Tiaong,13.95,121.32,Philippines,106265,,,,,
Tarnów,50.0125,20.9886,Poland,106259,,,,,
Carmona,14.32,121.05,Philippines,106256,,,,,
Dagenham,51.5397,0.1422,United Kingdom,106247,,,,,
Jurupa Valley,34.001,-117.4706,United States,106244,,,,,
Vidnoye,55.55,37.7167,Russia,106222,,,,,
El Limón,10.3003,-67.6336,Venezuela,106206,,,,,
Menderes,38.254,27.134,Turkey,106173,,,,,
Barnoi,32.43,75.43,India,106169,,,,,
Bolzano,46.4981,11.3548,Italy,106107,,,,,
Raba,-8.4614,118.7469,Indonesia,106101,,,,,
Mingəçevir,40.77,47.0489,Azerbaijan,106100,,,,,
Sītāmarhi,26.6,85.48,India,106093,,,,,
Lokossa,6.6333,1.7167,Benin,106081,,,,,
Nanaimo,49.1642,-123.9364,Canada,106079,,,,,
Sơn La,21.327,103.9141,Vietnam,106052,,,,,
Ocotlán,20.3467,-102.7744,Mexico,106050,,,,,
São Pedro da Aldeia,-22.8392,-42.1028,Brazil,106049,,,,,
Saijō,33.9167,133.1833,Japan,106016,,,,,
Contramaestre,20.3,-76.2506,Cuba,106002,,,,,
Anaco,9.4819,-64.4917,Venezuela,106000,,,,,
Khanty-Mansiysk,61,69,Russia,105995,,,,,
Bình Hòa,10.9061,106.7308,Vietnam,105982,,,,,
Atebubu,7.7554,-0.9808,Ghana,105938,,,,,
Koszalin,54.2,16.1833,Poland,105883,,,,,
Idkū,31.3058,30.2956,Egypt,105875,,,,,
Columbia,39.2004,-76.859,United States,105871,,,,,
Granada,11.9333,-85.95,Nicaragua,105862,,,,,
Catanduva,-21.1378,-48.9728,Brazil,105847,,,,,
Lo Barnechea,-33.35,-70.5167,Chile,105833,,,,,
Funchal,32.65,-16.9167,Portugal,105795,,,,,
Kishanganj,26.0794,87.9372,India,105782,,,,,
Sông Cầu,13.55,109.2,Vietnam,105780,,,,,
Temoaya,19.4686,-99.5933,Mexico,105766,,,,,
Bergama,39.1167,27.1833,Turkey,105754,,,,,
Kiryū,36.4052,139.4973,Japan,105751,,,,,
Jataí,-17.8808,-51.7139,Brazil,105729,,,,,
Yevpatoriia,45.1939,33.3681,Ukraine,105719,,,,,
Erechim,-27.6339,-52.2739,Brazil,105705,,,,,
Tikrīt,34.6,43.6833,Iraq,105700,,,,,
Hindaun,26.74,77.03,India,105690,,,,,
Azare,11.6742,10.1911,Nigeria,105687,,,,,
Semāri,24.0555,73.8566,India,105686,,,,,
Moers,51.4592,6.6197,Germany,105606,,,,,
Lerma,19.2847,-99.5119,Mexico,105578,,,,,
Inglewood,33.9566,-118.3444,United States,105575,,,,,
Nova Serrana,-19.8758,-44.9839,Brazil,105552,,,,,
Japeri,-22.6431,-43.6533,Brazil,105548,,,,,
Gangāwati,15.43,76.53,India,105529,,,,,
Bình Long,11.6527,106.6093,Vietnam,105520,,,,,
Pangkalan Bun,-2.6833,111.6167,Indonesia,105514,,,,,
Cipolletti,-38.9333,-67.9833,Argentina,105482,,,,,
Maluñgun,6.27,125.28,Philippines,105465,,,,,
Spokane Valley,47.6626,-117.2346,United States,105460,,,,,
Mostar,43.3436,17.8075,Bosnia and Herzegovina,105448,,,,,
Šabac,44.7558,19.6939,Serbia,105432,,,,,
Charsadda,34.15,71.7333,Pakistan,105414,,,,,
Valle de La Pascua,9.2033,-66.0103,Venezuela,105403,,,,,
Robāţ Karīm,35.4819,51.0808,Iran,105393,,,,,
North Lakhimpur,27.2414,94.1056,India,105376,,,,,
Seversk,56.6,84.85,Russia,105304,,,,,
Renton,47.4784,-122.1918,United States,105279,,,,,
Ash Shaykh ‘Uthmān,12.8864,45.0156,Yemen,105248,,,,,
San Tan Valley,33.1786,-111.5629,United States,105231,,,,,
Lagarto,-10.9172,-37.65,Brazil,105221,,,,,
Jamālpur,25.3,86.5,India,105221,,,,,
Kongolo,-5.4,27,Congo (Kinshasa),105202,,,,,
Mityana,0.4006,32.0422,Uganda,105200,,,,,
Bulan,12.6697,123.8758,Philippines,105190,,,,,
Kamyshin,50.0833,45.4,Russia,105187,,,,,
Texcoco,19.52,-98.88,Mexico,105165,,,,,
Burbank,34.1879,-118.3235,United States,105165,,,,,
Nikopol,47.5667,34.4,Ukraine,105160,,,,,
Mazyr,52.05,29.25,Belarus,105152,,,,,
Sloviansk,48.8533,37.625,Ukraine,105141,,,,,
Sultan Kudarat,7.23,124.25,Philippines,105121,,,,,
Maranguape,-3.89,-38.6858,Brazil,105093,,,,,
Ndjamba,-14.7,16.0667,Angola,105090,,,,,
Makrāna,27.0409,74.7273,India,105080,,,,,
Al Fāw,29.98,48.47,Iraq,105080,,,,,
Brockton,42.0821,-71.0242,United States,105080,,,,,
Salzgitter,52.15,10.3333,Germany,105039,,,,,
Jincheng,39.5591,113.1855,China,105038,,,,,
Planaltina,-15.4528,-47.6139,Brazil,105031,,,,,
Sheopur,25.67,76.7,India,105026,,,,,
Kandhkot,28.244,69.181,Pakistan,105011,,,,,
Guasdualito,7.2467,-70.7292,Venezuela,105000,,,,,
Pergamino,-33.8833,-60.5667,Argentina,104985,,,,,
Tagbilaran City,9.65,123.85,Philippines,104976,,,,,
Mulhouse,47.75,7.34,France,104924,,,,,
El Cajon,32.8017,-116.9604,United States,104909,,,,,
Ourense,42.3364,-7.8633,Spain,104891,,,,,
Los Minas,18.4989,-69.8576,Dominican Republic,104846,,,,,
Parral,26.9333,-105.6667,Mexico,104836,,,,,
Aliağa,38.8008,26.9728,Turkey,104828,,,,,
Murom,55.5667,42.0333,Russia,104806,,,,,
Lavras,-21.245,-45,Brazil,104761,,,,,
Coronel Fabriciano,-19.5189,-42.6289,Brazil,104736,,,,,
Orekhovo-Zuyevo,55.8,38.9667,Russia,104728,,,,,
Alaşehir,38.35,28.5167,Turkey,104717,,,,,
Kafr ad Dawwār,31.1339,30.1297,Egypt,104709,,,,,
Włocławek,52.6592,19.0681,Poland,104705,,,,,
Brantford,43.1667,-80.25,Canada,104688,,,,,
Tenancingo,18.9608,-99.5906,Mexico,104677,,,,,
Presidente Franco,-25.5638,-54.611,Paraguay,104677,,,,,
Tuyên Quang,21.8167,105.2167,Vietnam,104645,,,,,
Olanchito,15.4836,-86.5725,Honduras,104609,,,,,
Ballia,25.7604,84.1471,India,104424,,,,,
Wałbrzych,50.7667,16.2833,Poland,104401,,,,,
Barika,35.3972,5.3658,Algeria,104388,,,,,
Nancy,48.6936,6.1846,France,104387,,,,,
Šiauliai,55.9281,23.3167,Lithuania,104300,,,,,
Vị Thanh,9.7833,105.4667,Vietnam,104244,,,,,
Aquin,18.2797,-73.3943,Haiti,104216,,,,,
Techiman,7.5905,-1.9395,Ghana,104212,,,,,
Chorzów,50.3,18.95,Poland,104193,,,,,
Tam Điệp,20.1556,105.9181,Vietnam,104175,,,,,
Balanga,14.68,120.53,Philippines,104173,,,,,
Gillingham,51.385,0.55,United Kingdom,104157,,,,,
Ikeda,34.8217,135.4286,Japan,104148,,,,,
Muriaé,-21.1308,-42.3658,Brazil,104108,,,,,
Halifax,53.725,-1.863,United Kingdom,104100,,,,,
Tādepallegūdem,16.815,81.526,India,104032,,,,,
Salto,-31.3833,-57.95,Uruguay,104028,,,,,
Natitingou,10.3,1.3667,Benin,104010,,,,,
Moulay Abdallah,33.1978,-8.5883,Morocco,103993,,,,,
Chatham,42.4229,-82.1324,Canada,103988,,,,,
Séguéla,7.9611,-6.6731,Côte d’Ivoire,103980,,,,,
Ourinhos,-22.9789,-49.8708,Brazil,103970,,,,,
Sindangan,8.2386,122.9986,Philippines,103952,,,,,
Chicoutimi,48.4333,-71.0667,Canada,103934,,,,,
Bānsbāria,22.97,88.4,India,103920,,,,,
Tula de Allende,20.05,-99.35,Mexico,103919,,,,,
Lida,53.8956,25.2958,Belarus,103916,,,,,
Toride,35.9115,140.0504,Japan,103908,,,,,
Salford,53.483,-2.2931,United Kingdom,103886,,,,,
Rialto,34.1175,-117.3892,United States,103866,,,,,
Kilinochchi,9.4004,80.3999,Sri Lanka,103717,,,,,
Bacabal,-4.225,-44.78,Brazil,103711,,,,,
Xianghe,39.7532,116.9814,China,103659,,,,,
Uitenhage,-33.7667,25.4,South Africa,103639,,,,,
Arzamas,55.4,43.8167,Russia,103629,,,,,
Biak,-1.18,136.08,Indonesia,103610,,,,,
Wigan,53.5448,-2.6318,United Kingdom,103608,,,,,
Roncaglia,45.0437,9.7957,Italy,103607,,,,,
Itacoatiara,-3.1428,-58.4439,Brazil,103598,,,,,
San Mateo,37.5522,-122.3121,United States,103555,,,,,
Yunfu,28.6331,104.4181,China,103532,,,,,
Breves,-1.6822,-50.4803,Brazil,103497,,,,,
Buzău,45.1531,26.8208,Romania,103481,,,,,
Mubende,0.5575,31.395,Uganda,103473,,,,,
Woodbridge,40.5611,-74.2943,United States,103428,,,,,
Francistown,-21.1736,27.5125,Botswana,103417,,,,,
Lower Hutt,-41.2167,174.9167,New Zealand,103400,,,,,
Ubá,-21.12,-42.9428,Brazil,103365,,,,,
Hounslow,51.4668,-0.375,United Kingdom,103337,,,,,
Bumba,2.1844,22.4703,Congo (Kinshasa),103328,,,,,
Būndi,25.44,75.64,India,103286,,,,,
Gujar Khan,33.253,73.304,Pakistan,103284,,,,,
Sarh,9.15,18.3833,Chad,103269,,,,,
Taitung,22.7583,121.1444,Taiwan,103260,,,,,
Elista,46.3167,44.2667,Russia,103219,,,,,
Chikushino,33.4875,130.5258,Japan,103185,,,,,
Hanau,50.1328,8.9169,Germany,103184,,,,,
Patos,-7.0244,-37.28,Brazil,103165,,,,,
Itanhaém,-24.1831,-46.7889,Brazil,103102,,,,,
Aracruz,-19.8203,-40.2733,Brazil,103101,,,,,
San Rafael,14.95,120.97,Philippines,103097,,,,,
Inzai,35.8333,140.15,Japan,103084,,,,,
Iguatu,-6.3594,-39.2986,Brazil,103074,,,,,
Camboriú,-27.025,-48.6539,Brazil,103074,,,,,
Miryang,35.5,128.75,"Korea, South",103069,,,,,
Tanjungpandan,-2.75,107.75,Indonesia,103062,,,,,
Santo Antônio de Jesus,-12.9692,-39.2611,Brazil,103055,,,,,
Bendigo,-36.75,144.2667,Australia,103034,,,,,
Paniqui,15.6681,120.5789,Philippines,103003,,,,,
Amarāvati,16.5131,80.5165,India,103000,,,,,
Sumber,-6.7544,108.4858,Indonesia,102973,,,,,
Noyabrsk,63.2,75.45,Russia,102938,,,,,
Parang,7.3744,124.2686,Philippines,102914,,,,,
Negapatam,10.7672,79.8449,India,102905,,,,,
Sangju,36.44,128.17,"Korea, South",102892,,,,,
Goodyear,33.2614,-112.3622,United States,102891,,,,,
Santa Rosa,-36.6167,-64.2833,Argentina,102880,,,,,
Buxar,25.5605,83.9805,India,102861,,,,,
Wembley,51.5528,-0.2979,United Kingdom,102856,,,,,
Ōnojō,33.5364,130.4786,Japan,102818,,,,,
Charlottesville,38.0375,-78.4855,United States,102802,,,,,
Caieiras,-23.3642,-46.7406,Brazil,102775,,,,,
Telde,27.9833,-15.4167,Spain,102769,,,,,
Berdsk,54.75,83.1,Russia,102760,,,,,
Orsha,54.5092,30.4258,Belarus,102759,,,,,
Hinche,19.143,-72.004,Haiti,102745,,,,,
Palhoça,-27.6444,-48.6678,Brazil,102742,,,,,
Hōyachō,35.7483,139.5675,Japan,102720,,,,,
Walvisbaai,-22.9494,14.5069,Namibia,102704,,,,,
Tepexpan,19.6192,-98.9353,Mexico,102667,,,,,
Guihulñgan,10.12,123.27,Philippines,102656,,,,,
Lafayette,39.9946,-105.0998,United States,102615,,,,,
Gürsu,40.2144,29.1931,Turkey,102601,,,,,
Jirjā,26.3383,31.8917,Egypt,102597,,,,,
Kheda,22.75,72.68,India,102587,,,,,
Lee's Summit,38.9171,-94.3816,United States,102583,,,,,
Edinburg,26.3196,-98.1597,United States,102561,,,,,
Daly City,37.6862,-122.4685,United States,102560,,,,,
Wichita Falls,33.9072,-98.5291,United States,102558,,,,,
Tezpur,26.63,92.8,India,102505,,,,,
Piacenza,45.05,9.7,Italy,102465,,,,,
Gütersloh,51.9,8.3833,Germany,102464,,,,,
Messaad,34.1667,3.5,Algeria,102453,,,,,
Noginsk,55.85,38.4333,Russia,102392,,,,,
Mayarí,20.6592,-75.6781,Cuba,102354,,,,,
Seoni,22.08,79.53,India,102343,,,,,
Hildesheim,52.15,9.95,Germany,102325,,,,,
Ngong,-1.3667,36.6333,Kenya,102323,,,,,
Olomouc,49.5939,17.2508,Czechia,102293,,,,,
Ban Mangkon,13.609,100.6638,Thailand,102291,,,,,
Mustafakemalpaşa,40.0353,28.4117,Turkey,102284,,,,,
Kāshmar,35.2447,58.4608,Iran,102282,,,,,
Bahrain,35.2075,72.5456,Pakistan,102253,,,,,
Bowling Green,36.9716,-86.4378,United States,102247,,,,,
Aurangābād,24.7,84.35,India,102244,,,,,
Joünié,33.9697,35.6156,Lebanon,102221,,,,,
Ituiutaba,-18.9689,-49.465,Brazil,102217,,,,,
Mositai,45.5333,119.6528,China,102214,,,,,
Matehuala,23.6528,-100.6444,Mexico,102199,,,,,
Longmont,40.1686,-105.1005,United States,102183,,,,,
Nakhon Si Thammarat,8.4364,99.9631,Thailand,102152,,,,,
Rishīkesh,30.1083,78.2972,India,102138,,,,,
Siegen,50.8833,8.0167,Germany,102114,,,,,
Simanggang,1.2472,111.4528,Malaysia,102092,,,,,
Yishi,35.165,110.746,China,102090,,,,,
Isehara,35.3833,139.3,Japan,102088,,,,,
Vacaville,38.3587,-121.9673,United States,102085,,,,,
Kot Radha Kishan,31.1725,74.0997,Pakistan,102057,,,,,
Shibuya,35.6536,139.7092,Japan,102056,,,,,
Şabrātah,32.7922,12.4842,Libya,102038,,,,,
Lahān,26.7167,86.4833,Nepal,102031,,,,,
Aflou,34.1089,2.1019,Algeria,102025,,,,,
Fugangcun,23.5873,116.5957,China,102012,,,,,
Al Jumayl,32.8528,12.0611,Libya,102000,,,,,
San Vicente de Baracaldo,43.2972,-2.9917,Spain,101984,,,,,
Dhangaḍhi̇̄,28.7056,80.575,Nepal,101970,,,,,
Worcester,52.1911,-2.2206,United Kingdom,101891,,,,,
Shūshtar,32.045,48.8594,Iran,101878,,,,,
Tota,6.8,1.7833,Benin,101870,,,,,
Kapūrthala,31.38,75.38,India,101854,,,,,
Boryeong,36.3333,126.6167,"Korea, South",101852,,,,,
Kasama,-10.2117,31.1783,Zambia,101845,,,,,
Al Ḩajar al Aswad,33.4576,36.3042,Syria,101827,,,,,
Akyazı,40.6833,30.6253,Turkey,101782,,,,,
Châu Đốc,10.7,105.1167,Vietnam,101765,,,,,
Zonguldak,41.4564,31.7986,Turkey,101749,,,,,
Calandala,-9.0894,15.955,Angola,101703,,,,,
Iğdır,39.9208,44.0444,Turkey,101700,,,,,
Dhamtari,20.71,81.55,India,101677,,,,,
Rāneswar,24.0311,87.4197,India,101667,,,,,
Chishtian,29.8,72.8333,Pakistan,101659,,,,,
Espejo,-33.5167,-70.6917,Chile,101615,,,,,
Cinere,-6.3333,106.7833,Indonesia,101600,,,,,
Brājarājnagar,21.8167,83.9167,India,101585,,,,,
Eastbourne,50.77,0.28,United Kingdom,101547,,,,,
Sūjāngarh,27.7,74.47,India,101528,,,,,
Kaiserslautern,49.4447,7.7689,Germany,101486,,,,,
Novoshakhtinsk,47.7667,39.9167,Russia,101483,,,,,
Ciudad Río Bravo,25.9861,-98.0889,Mexico,101481,,,,,
Bhadreswar,22.82,88.35,India,101477,,,,,
Highlands Ranch,39.5419,-104.9708,United States,101437,,,,,
Pavlohrad,48.5167,35.8667,Ukraine,101430,,,,,
Clarington,43.935,-78.6083,Canada,101427,,,,,
Hengnan,22.5348,113.2491,China,101415,,,,,
Assis,-22.6619,-50.4119,Brazil,101409,,,,,
Klagenfurt,46.6167,14.3,Austria,101403,,,,,
Chilakalūrupet,16.0892,80.1672,India,101398,,,,,
Quincy,42.2506,-71.0187,United States,101361,,,,,
Hikkaduwa,6.1407,80.1012,Sri Lanka,101342,,,,,
Sungai Penuh,-2.0589,101.3914,Indonesia,101325,,,,,
Jingping,39.5189,112.2837,China,101297,,,,,
Chaguanas,10.5167,-61.4,Trinidad and Tobago,101297,,,,,
Novara,45.45,8.62,Italy,101257,,,,,
Kousséri,12.0833,15.0333,Cameroon,101246,,,,,
Aïn Oussera,35.4489,2.9044,Algeria,101239,,,,,
Deventer,52.25,6.2,Netherlands,101236,,,,,
Arsuz,36.4128,35.8867,Turkey,101233,,,,,
KwaDukuza,-29.3333,31.2917,South Africa,101224,,,,,
Ngã Bảy,9.8164,105.8197,Vietnam,101192,,,,,
Hồng Ngự,10.833,105.283,Vietnam,101155,,,,,
Jeypore,18.8563,82.5716,India,101145,,,,,
Zomba,-15.386,35.3188,Malawi,101140,,,,,
Daoukro,7.0586,-3.9646,Côte d’Ivoire,101136,,,,,
Santa Cruz,6.83,125.42,Philippines,101125,,,,,
Presidencia Roque Sáenz Peña,-26.7833,-60.45,Argentina,101086,,,,,
Itaperuna,-21.205,-41.8878,Brazil,101041,,,,,
Mporokoso,-9.3833,30.1,Zambia,100993,,,,,
Suruç,36.9764,38.4269,Turkey,100961,,,,,
Kāranja,20.4833,77.4833,India,100947,,,,,
Fishers,39.9588,-85.9659,United States,100918,,,,,
Lynn,42.4781,-70.9664,United States,100905,,,,,
Aboisso,5.4667,-3.2,Côte d’Ivoire,100903,,,,,
Xırdalan,40.4486,49.7564,Azerbaijan,100900,,,,,
Salavan,15.7167,106.4167,Laos,100900,,,,,
Saint-Jérôme,45.7833,-74,Canada,100859,,,,,
Red Deer,52.2681,-113.8111,Canada,100844,,,,,
Sakado,35.9573,139.403,Japan,100829,,,,,
Bỉm Sơn,20.0781,105.8603,Vietnam,100820,,,,,
Kefar Sava,32.1858,34.9077,Israel,100800,,,,,
Xinhua,23.6243,105.6229,China,100792,,,,,
Sungailiat,-1.8561,106.1192,Indonesia,100750,,,,,
Sittwe,20.167,92.785,Burma,100748,,,,,
Concepción del Uruguay,-32.4833,-58.2333,Argentina,100728,,,,,
Leer,8.3031,30.1406,South Sudan,100722,,,,,
Norwalk,33.9069,-118.0829,United States,100713,,,,,
Lae,-6.7303,147.0008,Papua New Guinea,100677,,,,,
Cavite City,14.48,120.9,Philippines,100674,,,,,
Playas de Rosarito,32.3422,-117.0561,Mexico,100660,,,,,
Ahar,38.4797,47.0669,Iran,100641,,,,,
Aşağıçinik,41.2719,36.3508,Turkey,100641,,,,,
Yên Bái,21.7,104.8667,Vietnam,100631,,,,,
Weifen,38.4633,111.1203,China,100615,,,,,
Sur,37.9106,40.2358,Turkey,100613,,,,,
Nāḩiyat al Iskandarīyah,32.9,44.35,Iraq,100600,,,,,
Kalyani,22.975,88.4344,India,100575,,,,,
Hà Tiên,10.3833,104.4833,Vietnam,100560,,,,,
Carmel,39.965,-86.146,United States,100501,,,,,
Masjed Soleymān,31.96,49.2881,Iran,100497,,,,,
Calasiao,16.02,120.37,Philippines,100471,,,,,
Datia,25.67,78.47,India,100466,,,,,
Itauguá,-25.3926,-57.3542,Paraguay,100456,,,,,
Torbat-e Jām,35.2431,60.625,Iran,100449,,,,,
Diourbel,14.655,-16.2314,Senegal,100445,,,,,
Kawachinagano,34.4667,135.5667,Japan,100415,,,,,
Libertad,-34.6833,-58.6833,Argentina,100324,,,,,
Gangtok,27.33,88.62,India,100286,,,,,
Oulad Teïma,30.4,-9.2167,Morocco,100284,,,,,
Vaciamadrid,40.3394,-3.5181,Spain,100250,,,,,
Boconó,9.2461,-70.2617,Venezuela,100240,,,,,
San Felipe del Progreso,19.7125,-99.9511,Mexico,100201,,,,,
Chust,40.9978,71.2403,Uzbekistan,100200,,,,,
Lamitan,6.65,122.13,Philippines,100150,,,,,
Hesperia,34.3975,-117.3147,United States,100141,,,,,
Talipao,5.976,121.1087,Philippines,100088,,,,,
Renala Khurd,30.8833,73.6,Pakistan,100054,,,,,
Sabanalarga,6.85,-75.8167,Colombia,100049,,,,,
Cottbus,51.7606,14.3342,Germany,100010,,,,,
Pyinmana,19.75,96.2,Burma,100001,,,,,
Bāmyān,34.825,67.8333,Afghanistan,100000,,,,,
Mbanza-Ngungu,-5.25,14.8667,Congo (Kinshasa),100000,,,,,
Banzhuangcun,34.8504,118.851,China,100000,,,,,
Ra’s Ghārib,28.3597,33.0775,Egypt,100000,,,,,
Gwelej,14.75,36.7167,Eritrea,100000,,,,,
Babīlē,9.2167,42.3333,Ethiopia,100000,,,,,
Dzolokpuita,6.7847,0.4416,Ghana,100000,,,,,
Suramāla,13.76,79.7,India,100000,,,,,
Barod,27.8947,76.3681,India,100000,,,,,
Bijaynagar,25.93,74.6386,India,100000,,,,,
Khambhāliya,22.2,69.65,India,100000,,,,,
Abbigeri,13.0767,77.525,India,100000,,,,,
Kundli,28.99,77.022,India,100000,,,,,
Sojat,25.92,73.67,India,100000,,,,,
Navalyal,16.48,74.78,India,100000,,,,,
Ad Dujayl,33.8467,44.2344,Iraq,100000,,,,,
Zahlé,33.8333,35.9167,Lebanon,100000,,,,,
Sakiet ez Zit,34.8,10.77,Tunisia,100000,,,,,
La Marsa,36.8764,10.3253,Tunisia,100000,,,,,
Mumias,0.3333,34.4833,Kenya,99987,,,,,
Luckeesarai,25.1678,86.0944,India,99979,,,,,
Pouytenga,12.25,-0.4333,Burkina Faso,99950,,,,,
St. Augustine,29.8976,-81.31,United States,99936,,,,,
Sololá,14.7667,-91.1833,Guatemala,99934,,,,,
Mabai,23.0128,104.4508,China,99930,,,,,
Debre Zeyit,8.75,38.9833,Ethiopia,99928,,,,,
Yelets,52.6167,38.4667,Russia,99875,,,,,
Nabire,-3.3622,135.5028,Indonesia,99848,,,,,
Buckeye,33.4314,-112.6429,United States,99844,,,,,
Ejido,8.3333,-71.4,Venezuela,99837,,,,,
Sundsvall,62.4001,17.3167,Sweden,99825,,,,,
Kadaiyanallūr,9.0743,77.3419,India,99807,,,,,
Sayaxché,16.5167,-90.1833,Guatemala,99787,,,,,
Ciamis,-7.3281,108.3336,Indonesia,99750,,,,,
Putatan,14.3984,121.0364,Philippines,99725,,,,,
Xiongzhou,38.9653,116.0972,China,99693,,,,,
Urgut Shahri,39.419,67.2612,Uzbekistan,99675,,,,,
Fengning,41.2108,116.6404,China,99673,,,,,
Achinsk,56.2817,90.5039,Russia,99665,,,,,
Talara,-4.5799,-81.2719,Peru,99600,,,,,
Kani,35.4261,137.0613,Japan,99545,,,,,
Santiago de Compostela,42.8778,-8.5444,Spain,99536,,,,,
Roubaix,50.6901,3.1817,France,99507,,,,,
Tinsukia,27.5,95.367,India,99507,,,,,
San Angelo,31.4424,-100.4504,United States,99507,,,,,
Lugo,43.0167,-7.55,Spain,99482,,,,,
Santa Cruz del Quiché,15.03,-91.15,Guatemala,99479,,,,,
Hualien,23.9722,121.6064,Taiwan,99458,,,,,
Tobolsk,58.2,68.2667,Russia,99454,,,,,
Campo Mourão,-24.0458,-52.3828,Brazil,99432,,,,,
Alaminos,16.1553,119.9808,Philippines,99397,,,,,
Xiegang,22.9616,114.1487,China,99387,,,,,
Tellicherry,11.7481,75.4929,India,99386,,,,,
Jinotega,13.0884,-85.9994,Nicaragua,99382,,,,,
Ōmura,32.9,129.9583,Japan,99337,,,,,
Itārsi,22.6115,77.7623,India,99330,,,,,
Izumisano,34.4,135.3333,Japan,99328,,,,,
Thika,-1.0396,37.09,Kenya,99322,,,,,
Bislig,8.2133,126.3161,Philippines,99290,,,,,
Abhar,36.1464,49.2225,Iran,99285,,,,,
Viseu,40.6575,-7.9139,Portugal,99274,,,,,
Malate,14.5642,120.9913,Philippines,99257,,,,,
Ginowan,26.2817,127.7783,Japan,99256,,,,,
Wakefield,53.6825,-1.4975,United Kingdom,99251,,,,,
Sakata,38.9145,139.8364,Japan,99235,,,,,
Federal Way,47.3091,-122.3358,United States,99232,,,,,
Khamīs Mushayţ,18.3,42.7333,Saudi Arabia,99213,,,,,
Blida,36.4686,2.8319,Algeria,99200,,,,,
Pili,13.5542,123.2753,Philippines,99196,,,,,
Pickering,43.8354,-79.089,Canada,99186,,,,,
Hasilpur,29.6917,72.5453,Pakistan,99171,,,,,
Tourcoing,50.7239,3.1612,France,99160,,,,,
Trincomalee,8.5667,81.2333,Sri Lanka,99135,,,,,
Riberalta,-11.0128,-66.0572,Bolivia,99070,,,,,
Berkane,34.9167,-2.3167,Morocco,99069,,,,,
Sievierodonetsk,48.9481,38.4933,Ukraine,99067,,,,,
Morón,-34.65,-58.6167,Argentina,99066,,,,,
Bismarck,46.8143,-100.7694,United States,99060,,,,,
Lira,2.2472,32.9,Uganda,99059,,,,,
Kohīma,25.67,94.1,India,99039,,,,,
Sisophon,13.5839,102.9736,Cambodia,99019,,,,,
Mossel Bay,-34.1833,22.1333,South Africa,99000,,,,,
Vereeniging,-26.6736,27.9319,South Africa,99000,,,,,
Mīāneh,37.4233,47.7136,Iran,98973,,,,,
Heshan,23.8,108.8833,China,98938,,,,,
Paoy Paet,13.65,102.5667,Cambodia,98934,,,,,
Nyeri,-0.4167,36.95,Kenya,98908,,,,,
Zelënodol’sk,55.85,48.5167,Russia,98888,,,,,
Burzaco,-34.8167,-58.3667,Argentina,98859,,,,,
Uch Sharif,29.2333,71.0667,Pakistan,98852,,,,,
Boca Raton,26.3752,-80.108,United States,98833,,,,,
Kontagora,10.403,5.473,Nigeria,98763,,,,,
Schwerin,53.6333,11.4167,Germany,98733,,,,,
Senahú,15.4164,-89.8203,Guatemala,98703,,,,,
Khambhāt,22.3,72.62,India,98700,,,,,
New Braunfels,29.6994,-98.1148,United States,98700,,,,,
Ixmiquilpan,20.4819,-99.2181,Mexico,98654,,,,,
Vista,33.1896,-117.2386,United States,98646,,,,,
Caldas Novas,-17.7439,-48.6258,Brazil,98622,,,,,
San Cugat del Vallés,41.4667,2.0833,Spain,98621,,,,,
Las Rozas de Madrid,40.4917,-3.8733,Spain,98590,,,,,
Itoshima,33.5539,130.1978,Japan,98527,,,,,
Mahuva,21.0833,71.8,India,98519,,,,,
Oton,10.6931,122.4736,Philippines,98509,,,,,
Manacapuru,-3.2997,-60.6206,Brazil,98502,,,,,
Ain El Aouda,33.8111,-6.7922,Morocco,98502,,,,,
Sopron,47.6849,16.5831,Hungary,98479,,,,,
Koytendag,37.5,66,Turkmenistan,98477,,,,,
Kadirli,37.3697,36.1,Turkey,98469,,,,,
Abreu e Lima,-7.9117,-34.9028,Brazil,98462,,,,,
Lethbridge,49.6942,-112.8328,Canada,98406,,,,,
Chikusei,36.3071,139.9831,Japan,98384,,,,,
Pátzcuaro,19.5164,-101.6097,Mexico,98382,,,,,
Kanoya,31.3783,130.8522,Japan,98367,,,,,
Ancona,43.6167,13.5167,Italy,98356,,,,,
Lorca,37.6798,-1.6944,Spain,98334,,,,,
Novokuybyshevsk,53.1,49.9333,Russia,98306,,,,,
Saku,36.2488,138.4769,Japan,98292,,,,,
Santa Cruz do Capibaribe,-7.9573,-36.2047,Brazil,98254,,,,,
Babahoyo,-1.8167,-79.5167,Ecuador,98251,,,,,
Sergiyev Posad,56.315,38.1367,Russia,98251,,,,,
M’lang,6.95,124.88,Philippines,98195,,,,,
Nanterre,48.8988,2.1969,France,98119,,,,,
Río Grande,-53.7833,-67.7,Argentina,98017,,,,,
Moortebeek,50.8547,4.3386,Belgium,97979,,,,,
Chitose,42.8167,141.65,Japan,97945,,,,,
Bălţi,47.7667,27.9167,Moldova,97930,,,,,
Smederevo,44.6633,20.9289,Serbia,97930,,,,,
Rāmnagar,29.395,79.1264,India,97916,,,,,
Trelew,-43.25,-65.3,Argentina,97915,,,,,
Kamloops,50.6761,-120.3408,Canada,97902,,,,,
Montego Bay,18.4667,-77.9167,Jamaica,97890,,,,,
Catarman,12.4994,124.6328,Philippines,97879,,,,,
Valença,-13.3703,-39.0731,Brazil,97873,,,,,
Saint-Jean-sur-Richelieu,45.3167,-73.2667,Canada,97873,,,,,
Salihorsk,52.8,27.5333,Belarus,97818,,,,,
Marmaris,36.85,28.2667,Turkey,97818,,,,,
Udine,46.0667,13.2333,Italy,97808,,,,,
Janakpur,26.7122,85.9217,Nepal,97776,,,,,
Nanxicun,23.4975,116.2436,China,97747,,,,,
Paulínia,-22.7611,-47.1542,Brazil,97702,,,,,
Kambar,27.9833,68.65,Pakistan,97691,,,,,
Errachidia,31.9319,-4.4244,Morocco,97687,,,,,
Al Jammālīyah,31.1806,31.865,Egypt,97682,,,,,
Itaúna,-20.075,-44.5758,Brazil,97669,,,,,
Ipojuca,-8.3989,-35.0639,Brazil,97669,,,,,
Quilenda,-10.6333,14.3333,Angola,97648,,,,,
Gambēla,8.25,34.5833,Ethiopia,97643,,,,,
Kallithéa,37.95,23.7,Greece,97616,,,,,
Deoni Buzurg,18.2639,77.0822,India,97598,,,,,
Mariano Roque Alonso,-25.2079,-57.532,Paraguay,97585,,,,,
Tsuyama,35.0692,134.0044,Japan,97507,,,,,
Nantou,23.9167,120.6833,Taiwan,97504,,,,,
Beaverton,45.4779,-122.8168,United States,97502,,,,,
Isulan,6.63,124.6,Philippines,97490,,,,,
Kallūru,15.8344,78.0292,India,97483,,,,,
Tartu,58.38,26.7225,Estonia,97435,,,,,
Kōnan,35.3321,136.8707,Japan,97435,,,,,
Lajeado,-29.4669,-51.9614,Brazil,97432,,,,,
Adjarra,6.5333,2.6667,Benin,97424,,,,,
Dongducheon,37.9167,127.0667,"Korea, South",97424,,,,,
Al Fqih Ben Çalah,32.5,-6.5333,Morocco,97380,,,,,
České Budějovice,48.9747,14.4747,Czechia,97377,,,,,
Attock Khurd,33.7667,72.3667,Pakistan,97374,,,,,
Fanyang,31.1006,118.1876,China,97300,,,,,
Portsmouth,36.8468,-76.354,United States,97299,,,,,
Yacuiba,-22.0153,-63.6772,Bolivia,97296,,,,,
Pernik,42.6,23.033,Bulgaria,97181,,,,,
Andria,41.2317,16.3083,Italy,97146,,,,,
Pará de Minas,-19.86,-44.6078,Brazil,97139,,,,,
Modi‘in Makkabbim Re‘ut,31.9339,34.9856,Israel,97097,,,,,
Orem,40.2981,-111.6994,United States,97048,,,,,
Munakata,33.8056,130.5408,Japan,97041,,,,,
Zheleznogorsk,52.3333,35.3667,Russia,97038,,,,,
Toms River,39.9895,-74.1654,United States,97034,,,,,
Harnai,30.1,67.9378,Pakistan,97017,,,,,
Didim,37.3756,27.2678,Turkey,97000,,,,,
Colón,13.7167,-89.3667,El Salvador,96989,,,,,
Kimberley,-28.7383,24.7639,South Africa,96977,,,,,
Conroe,30.3238,-95.4824,United States,96976,,,,,
Tumbes,-3.5708,-80.4597,Peru,96946,,,,,
Es Senia,35.65,-0.6333,Algeria,96928,,,,,
Bodināyakkanūr,10.0101,77.3511,India,96901,,,,,
Quvasoy,40.3,71.9667,Uzbekistan,96900,,,,,
Bekobod,40.2167,69.2167,Uzbekistan,96900,,,,,
Paletwa,21.3,92.85,Burma,96899,,,,,
Kamianets-Podilskyi,48.6833,26.5833,Ukraine,96896,,,,,
Caotun,23.983,120.7326,Taiwan,96838,,,,,
Tamazunchale,21.2667,-98.7833,Mexico,96820,,,,,
Arauca,7.0903,-70.7617,Colombia,96814,,,,,
Tela,15.7825,-87.4514,Honduras,96758,,,,,
Paraíso,18.3961,-93.2128,Mexico,96741,,,,,
Do Gonbadān,30.36,50.7839,Iran,96728,,,,,
Atamyrat,37.8531,65.2369,Turkmenistan,96720,,,,,
Kāzerūn,29.6156,51.6567,Iran,96683,,,,,
Francisco Beltrão,-26.0808,-53.055,Brazil,96666,,,,,
Sangolquí,-0.3344,-78.4475,Ecuador,96647,,,,,
Iida,35.515,137.8214,Japan,96642,,,,,
Suffolk,36.6953,-76.6398,United States,96638,,,,,
Votuporanga,-20.4228,-49.9728,Brazil,96634,,,,,
Sunrise,26.1547,-80.2997,United States,96633,,,,,
Ad Darwa,33.4167,-7.5333,Morocco,96619,,,,,
Buin,-33.7333,-70.7333,Chile,96614,,,,,
Ben Arous,36.7472,10.3333,Tunisia,96606,,,,,
Bab Ezzouar,36.7217,3.1853,Algeria,96597,,,,,
Oldham,53.5444,-2.1169,United Kingdom,96555,,,,,
Zhudong,24.7366,121.0916,Taiwan,96518,,,,,
Half Way Tree,18.0106,-76.7847,Jamaica,96494,,,,,
Sutton Coldfield,52.563,-1.822,United Kingdom,96475,,,,,
Pejë,42.66,20.2922,Kosovo,96450,,,,,
Cáceres,39.4833,-6.3667,Spain,96441,,,,,
Wujiaqu,44.167,87.543,China,96436,,,,,
Harihar,14.5129,75.8072,India,96422,,,,,
Tomohon,1.325,124.8389,Indonesia,96411,,,,,
Lawrence,38.9597,-95.2642,United States,96380,,,,,
Parintins,-2.6278,-56.7358,Brazil,96372,,,,,
Arden-Arcade,38.6017,-121.3845,United States,96319,,,,,
Osijek,45.5603,18.6703,Croatia,96313,,,,,
Corumbá,-19.0089,-57.6528,Brazil,96268,,,,,
Arezzo,43.4631,11.8781,Italy,96260,,,,,
Maribor,46.55,15.6333,Slovenia,96211,,,,,
Prescott Valley,34.598,-112.3185,United States,96190,,,,,
Mbale,1.0806,34.175,Uganda,96189,,,,,
Doudian,39.6503,116.0617,China,96184,,,,,
Mezhdurechensk,53.6864,88.0703,Russia,96174,,,,,
Escalante,10.83,123.5,Philippines,96159,,,,,
Itabaiana,-10.685,-37.4253,Brazil,96142,,,,,
Mthatha,-31.5886,28.79,South Africa,96114,,,,,
Chārīkār,35.0131,69.1689,Afghanistan,96093,,,,,
Harran,36.8708,39.025,Turkey,96072,,,,,
Votkinsk,57.05,54,Russia,96037,,,,,
Székesfehérvár,47.191,18.4108,Hungary,96024,,,,,
Muzaffarabad,34.3583,73.4722,Pakistan,96000,,,,,
Hammersmith,51.4928,-0.2229,United Kingdom,95996,,,,,
Amalner,21.05,75.05,India,95994,,,,,
Balayan,13.93,120.73,Philippines,95913,,,,,
Sardārshahr,28.4401,74.4908,India,95911,,,,,
Kalisz,51.7575,18.08,Poland,95905,,,,,
Martil,35.6167,-5.2667,Morocco,95896,,,,,
Middletown,39.5033,-84.3659,United States,95894,,,,,
Longkeng,23.9824,112.2149,China,95881,,,,,
Esslingen,48.7333,9.3167,Germany,95881,,,,,
Longquan,40.3703,113.7483,China,95849,,,,,
Greece,43.246,-77.6988,United States,95841,,,,,
Vanderbijlpark,-26.6992,27.8356,South Africa,95840,,,,,
Vilhena,-12.7406,-60.1458,Brazil,95832,,,,,
Río Gallegos,-51.6233,-69.2161,Argentina,95796,,,,,
Weiyuan,23.4683,100.6835,China,95795,,,,,
Caseros,-34.6106,-58.5625,Argentina,95785,,,,,
Cesena,44.1333,12.2333,Italy,95778,,,,,
Witten,51.4333,7.3333,Germany,95724,,,,,
Pôrto Seguro,-16.45,-39.065,Brazil,95721,,,,,
Navapolatsk,55.5333,28.65,Belarus,95717,,,,,
Dhuliān,24.681,87.954,India,95706,,,,,
Hadera,32.45,34.9167,Israel,95700,,,,,
Arifwala,30.2981,73.0561,Pakistan,95655,,,,,
San Germán,18.0827,-67.046,Puerto Rico,95622,,,,,
Edmond,35.6689,-97.416,United States,95618,,,,,
São Cristóvão,-11.015,-37.2058,Brazil,95612,,,,,
Zerakpur,30.65,76.82,India,95553,,,,,
Tandwa,26.55,82.65,India,95516,,,,,
Shirē,14.1,38.2833,Ethiopia,95491,,,,,
Kamisu,35.8899,140.6645,Japan,95471,,,,,
Çubuk,40.2386,33.0331,Turkey,95449,,,,,
Burdur,37.7194,30.2833,Turkey,95436,,,,,
Candelaria,3.4,-76.3833,Colombia,95413,,,,,
Pesaro,43.9102,12.9133,Italy,95376,,,,,
Tracy,37.7269,-121.4523,United States,95358,,,,,
Manteca,37.7927,-121.2264,United States,95347,,,,,
Tiruchengodu,11.379,77.8949,India,95335,,,,,
Mons,50.4547,3.9525,Belgium,95299,,,,,
Hương Thủy,16.4,107.6889,Vietnam,95299,,,,,
Pedagādi,17.6615,83.2104,India,95291,,,,,
Vitry-sur-Seine,48.7875,2.3928,France,95282,,,,,
Boli,45.7564,130.5759,China,95260,,,,,
Nagīna,29.443,78.433,India,95246,,,,,
Bogo,10.734,14.608,Cameroon,95230,,,,,
Saint-Michel de l’Atalaye,19.3708,-72.3347,Haiti,95216,,,,,
Chākdaha,23.08,88.52,India,95203,,,,,
Shimada,34.8363,138.1927,Japan,95198,,,,,
Closepet,12.723,77.286,India,95167,,,,,
Jiantang,27.8333,99.7,China,95163,,,,,
Emmiganūr,15.7333,77.4833,India,95149,,,,,
Yalamakūru,15.5103,77.5249,India,95149,,,,,
Balamban,10.47,123.78,Philippines,95136,,,,,
Siguatepeque,14.5978,-87.8353,Honduras,95121,,,,,
Labuan,5.2803,115.2475,Malaysia,95120,,,,,
Sidi Slimane,34.2167,-5.7,Morocco,95114,,,,,
Naxçıvan,39.2089,45.4122,Azerbaijan,95100,,,,,
Lindi,-9.9969,39.7144,Tanzania,95096,,,,,
Rawānduz,36.6121,44.5237,Iraq,95089,,,,,
Yumbo,3.585,-76.4958,Colombia,95072,,,,,
Vāniyambādi,12.6825,78.6167,India,95061,,,,,
Kingsport,36.5224,-82.5454,United States,95059,,,,,
Mianwali,32.5853,71.5436,Pakistan,95007,,,,,
Dongping,28.3817,111.2194,China,95000,,,,,
Meizichong,28.1419,111.6444,China,95000,,,,,
Nābha,30.37,76.15,India,95000,,,,,
Nāḩiyat al Karmah,33.3997,43.9089,Iraq,95000,,,,,
Gießen,50.5833,8.6667,Germany,94996,,,,,
Moca,19.3833,-70.5167,Dominican Republic,94981,,,,,
Rincón de Romos,22.2333,-102.3167,Mexico,94978,,,,,
Sibolga,1.74,98.78,Indonesia,94971,,,,,
San Sebastián de los Reyes,40.5469,-3.6258,Spain,94969,,,,,
Cereté,8.8833,-75.8,Colombia,94935,,,,,
Hemel Hempstead,51.7526,-0.4692,United Kingdom,94932,,,,,
San Ramón,-33.5333,-70.6417,Chile,94906,,,,,
San Martín Jilotepeque,14.7833,-90.8,Guatemala,94901,,,,,
Bouna,9.2667,-3,Côte d’Ivoire,94883,,,,,
Legnica,51.2083,16.1603,Poland,94878,,,,,
Kangan,34.263,74.903,India,94874,,,,,
Ludwigsburg,48.8975,9.1922,Germany,94859,,,,,
Los Patios,7.8333,-72.5167,Colombia,94847,,,,,
Gera,50.8806,12.0833,Germany,94847,,,,,
Portsmouth,43.058,-70.7826,United States,94815,,,,,
Torrevieja,37.9778,-0.6833,Spain,94803,,,,,
Lecce,40.352,18.1691,Italy,94783,,,,,
Itaituba,-4.2758,-55.9839,Brazil,94750,,,,,
Sandy,40.5709,-111.8506,United States,94723,,,,,
Behshahr,36.6936,53.5531,Iran,94702,,,,,
Hanamaki Onsen,39.3886,141.1169,Japan,94691,,,,,
Lopez,13.884,122.2604,Philippines,94657,,,,,
Lingwala,-4.3203,15.2983,Congo (Kinshasa),94635,,,,,
Bhadohi,25.42,82.57,India,94620,,,,,
Kanuma,36.5671,139.7451,Japan,94591,,,,,
Gjakovë,42.3803,20.4308,Kosovo,94556,,,,,
San Joaquín,-33.4792,-70.6413,Chile,94492,,,,,
Gerona,15.6069,120.5986,Philippines,94485,,,,,
Allinagaram,10.0119,77.4786,India,94453,,,,,
Bayan Hot,38.8556,105.7001,China,94445,,,,,
Amstelveen,52.3,4.85,Netherlands,94435,,,,,
Niagara Falls,43.06,-79.1067,Canada,94415,,,,,
Villa Luzuriaga,-34.6667,-58.5833,Argentina,94403,,,,,
Vāsco Da Gāma,15.3981,73.8111,India,94393,,,,,
Marmagao,15.4,73.8,India,94393,,,,,
Palm Coast,29.5389,-81.2457,United States,94362,,,,,
Pingyuanjie,23.7475,103.7525,China,94291,,,,,
Shibata,37.9479,139.3273,Japan,94258,,,,,
Umeå,63.8285,20.2706,Sweden,94243,,,,,
Slidell,30.2887,-89.7828,United States,94220,,,,,
Haskovo,41.933,25.567,Bulgaria,94156,,,,,
Ashiya,34.7278,135.3033,Japan,94116,,,,,
Yishui,35.7904,118.62,China,94115,,,,,
Yi Xian,39.3537,115.496,China,94110,,,,,
Bath,51.3814,-2.3597,United Kingdom,94092,,,,,
Ruwa,-17.8897,31.2447,Zimbabwe,94083,,,,,
San Marcos,33.135,-117.1743,United States,94078,,,,,
Zhoujiajing,31.1128,121.0503,China,94067,,,,,
Simões Filho,-12.7839,-38.4039,Brazil,94066,,,,,
Livonia,42.3972,-83.3733,United States,94058,,,,,
Santa Fe,35.6619,-105.9819,United States,94032,,,,,
Plantation,26.1259,-80.2617,United States,94002,,,,,
Herẕliyya,32.1556,34.8422,Israel,93989,,,,,
Akşehir,38.3575,31.4164,Turkey,93965,,,,,
Greenburgh,41.033,-73.8412,United States,93961,,,,,
Ponta Porã,-22.5361,-55.7256,Brazil,93937,,,,,
Monkayo,7.8239,126.0536,Philippines,93937,,,,,
Hayes,51.5127,-0.4211,United Kingdom,93928,,,,,
Rio Largo,-9.4778,-35.8528,Brazil,93927,,,,,
Azumino,36.3039,137.9058,Japan,93927,,,,,
Atascocita,29.9777,-95.1953,United States,93926,,,,,
Dhār,22.5972,75.3042,India,93917,,,,,
Hradec Králové,50.2092,15.8322,Czechia,93906,,,,,
Qormi,35.8794,14.4722,Malta,93897,,,,,
Birecik,37.025,37.9769,Turkey,93866,,,,,
Valongo,41.1833,-8.5,Portugal,93858,,,,,
Mairiporã,-23.3189,-46.5869,Brazil,93853,,,,,
Alvand,36.1867,50.0639,Iran,93836,,,,,
Lingtang,23.6032,113.074,China,93835,,,,,
Chiantla,15.35,-91.45,Guatemala,93780,,,,,
Oued Zem,32.8667,-6.5667,Morocco,93776,,,,,
Fall River,41.7136,-71.1015,United States,93764,,,,,
Simeulu,2.63,96.09,Indonesia,93762,,,,,
Ziftá,30.7119,31.2394,Egypt,93740,,,,,
Cape Breton,46.1389,-60.1931,Canada,93694,,,,,
Al Fujayrah,25.1222,56.3344,United Arab Emirates,93673,,,,,
Sanjō,37.6368,138.9617,Japan,93671,,,,,
San Fernando,36.4667,-6.2,Spain,93645,,,,,
Tübingen,48.52,9.0556,Germany,93615,,,,,
Compton,33.893,-118.2274,United States,93525,,,,,
Carson,33.8374,-118.2559,United States,93523,,,,,
Daanbantayan,11.25,124,Philippines,93502,,,,,
Inagi,35.6379,139.5046,Japan,93394,,,,,
Lysychansk,48.9167,38.4,Ukraine,93340,,,,,
Düren,50.8,6.4833,Germany,93323,,,,,
Mijas,36.6,-4.6333,Spain,93302,,,,,
Wangjia,30.5939,120.7795,China,93291,,,,,
Yashio,35.8225,139.8392,Japan,93283,,,,,
Jinbi,25.7086,101.3368,China,93281,,,,,
Yotsukaidō,35.6698,140.1679,Japan,93233,,,,,
Chilliwack,49.1577,-121.9509,Canada,93203,,,,,
Serov,59.6,60.5667,Russia,93192,,,,,
Santa Cruz Xoxocotlán,17.0264,-96.7333,Mexico,93188,,,,,
Lemery,13.881,120.9127,Philippines,93186,,,,,
Indanan,6,120.97,Philippines,93168,,,,,
La Crosse,43.8241,-91.2268,United States,93163,,,,,
Râmnicu Vâlcea,45.1047,24.3756,Romania,93151,,,,,
Fenggang,23.6283,116.5718,China,93148,,,,,
Galle,6.0328,80.2156,Sri Lanka,93118,,,,,
Dod Ballāpur,13.292,77.543,India,93105,,,,,
Itajubá,-22.4258,-45.4528,Brazil,93073,,,,,
Darlington,54.527,-1.5526,United Kingdom,93015,,,,,
Ciudad General Belgrano,-34.7167,-58.5333,Argentina,92957,,,,,
Rafaela,-31.2667,-61.4833,Argentina,92945,,,,,
Missoula,46.8751,-114.0214,United States,92942,,,,,
Wukari,7.8704,9.78,Nigeria,92933,,,,,
Guaíba,-30.1139,-51.325,Brazil,92924,,,,,
Barra do Piraí,-22.47,-43.8258,Brazil,92883,,,,,
Créteil,48.7911,2.4628,France,92859,,,,,
Palimbang,6.22,124.2,Philippines,92828,,,,,
Nisshin,35.132,137.0394,Japan,92823,,,,,
Boundiali,9.5167,-6.4833,Côte d’Ivoire,92792,,,,,
La Reina,-33.45,-70.55,Chile,92787,,,,,
Wimbledon,51.422,-0.208,United Kingdom,92765,,,,,
Ketapang,-1.85,109.9833,Indonesia,92755,,,,,
O'Fallon,38.785,-90.7175,United States,92697,,,,,
Kadugli,11.01,29.7,Sudan,92674,,,,,
Flensburg,54.7819,9.4367,Germany,92667,,,,,
Mount Pleasant,32.8537,-79.8203,United States,92662,,,,,
Yozgat,39.8208,34.8083,Turkey,92643,,,,,
Akot,21.1,77.06,India,92637,,,,,
Tamanrasset,22.7889,5.5256,Algeria,92635,,,,,
Helmond,51.4797,5.6556,Netherlands,92627,,,,,
Rongwo,35.5161,102.0183,China,92601,,,,,
Sablayan,12.8428,120.775,Philippines,92598,,,,,
Naju,35.0333,126.7167,"Korea, South",92582,,,,,
Roswell,34.0391,-84.3513,United States,92577,,,,,
Oss,51.7667,5.5167,Netherlands,92526,,,,,
Barletta,41.3167,16.2833,Italy,92427,,,,,
Bedford,52.135,-0.47,United Kingdom,92407,,,,,
Iserlohn,51.3833,7.6667,Germany,92404,,,,,
Hoover,33.3763,-86.8068,United States,92401,,,,,
Pardubice,50.0386,15.7792,Czechia,92362,,,,,
Tatakan,-6.1116,106.1036,Indonesia,92361,,,,,
Kitakami,39.2867,141.1132,Japan,92348,,,,,
Florence,34.178,-79.7898,United States,92315,,,,,
Kalamariá,40.5833,22.95,Greece,92248,,,,,
Leninsk-Kuznetskiy,54.6575,86.1617,Russia,92244,,,,,
Serra Talhada,-7.9858,-38.2958,Brazil,92228,,,,,
Contai,21.78,87.75,India,92226,,,,,
Santa Barbara,16.0031,120.4008,Philippines,92187,,,,,
Ōbu,35.0117,136.9637,Japan,92179,,,,,
Teziutlan,19.8178,-97.3667,Mexico,92170,,,,,
Coatepec,19.4522,-96.9614,Mexico,92127,,,,,
La Spezia,44.108,9.8289,Italy,92119,,,,,
Kot Kapūra,30.5833,74.9,India,91979,,,,,
Wuji,38.179,114.9763,China,91952,,,,,
Netrakona,24.8835,90.729,Bangladesh,91936,,,,,
Williamsburg,37.2693,-76.7076,United States,91935,,,,,
Sa’ada,31.621,-8.1303,Morocco,91903,,,,,
Hove,50.8352,-0.1758,United Kingdom,91900,,,,,
Cruzeiro do Sul,-7.6308,-72.67,Brazil,91888,,,,,
Satsumasendai,31.8133,130.3039,Japan,91875,,,,,
Shabqadar,34.2054,71.5833,Pakistan,91851,,,,,
Pato Branco,-26.2289,-52.6708,Brazil,91836,,,,,
South Gate,33.9447,-118.1926,United States,91836,,,,,
Higashi-Matsuyama,36.0422,139.3999,Japan,91818,,,,,
Hamilton,40.2046,-74.6765,United States,91802,,,,,
Kakamega,0.2833,34.75,Kenya,91778,,,,,
Chino,33.9836,-117.6654,United States,91775,,,,,
Avignon,43.95,4.8075,France,91760,,,,,
Türkmenbaşy,40.0167,52.9667,Turkmenistan,91745,,,,,
Raub,3.7927,101.8423,Malaysia,91731,,,,,
Fort Myers,26.6194,-81.8302,United States,91730,,,,,
Gatchina,59.5833,30.1333,Russia,91719,,,,,
Ţurayf,31.6775,38.6531,Saudi Arabia,91713,,,,,
Southport,53.6475,-3.0053,United Kingdom,91703,,,,,
Ouidah,6.3667,2.0833,Benin,91688,,,,,
Goalundo Ghāt,23.7241,89.765,Bangladesh,91675,,,,,
Sinendé,10.3447,2.3792,Benin,91672,,,,,
Linquan,37.9513,110.9877,China,91670,,,,,
Phú Thọ,21.4003,105.2225,Vietnam,91650,,,,,
Kirkland,47.697,-122.2057,United States,91614,,,,,
Niono,14.25,-6,Mali,91554,,,,,
Grahamstown,-33.2996,26.52,South Africa,91548,,,,,
Myingyan,21.46,95.3883,Burma,91542,,,,,
Santa Monica,34.0235,-118.481,United States,91535,,,,,
Brossard,45.4667,-73.45,Canada,91525,,,,,
Satu Mare,47.79,22.89,Romania,91520,,,,,
Pīrānshahr,36.6956,45.1456,Iran,91515,,,,,
Yao,12.8508,17.5608,Chad,91507,,,,,
Samālūţ,28.3122,30.71,Egypt,91475,,,,,
Kars,40.6078,43.0958,Turkey,91450,,,,,
Cisauk,-6.3333,106.65,Indonesia,91438,,,,,
Mīzan Teferī,7,35.5833,Ethiopia,91437,,,,,
Arzew,35.85,-0.3167,Algeria,91400,,,,,
Vineland,39.4653,-74.9981,United States,91393,,,,,
Norwalk,41.1144,-73.4215,United States,91375,,,,,
Azua,18.46,-70.74,Dominican Republic,91345,,,,,
San José del Rincón Centro,19.6606,-100.1525,Mexico,91345,,,,,
Salaman,6.6333,124.0667,Philippines,91344,,,,,
Ústí nad Labem,50.6583,14.0417,Czechia,91342,,,,,
Māndvi,22.8333,69.3556,India,91330,,,,,
San Francisco Solano,-34.7667,-58.3167,Argentina,91322,,,,,
Tucuruí,-3.7678,-49.6728,Brazil,91306,,,,,
Kendu Bay,-0.3596,34.64,Kenya,91248,,,,,
Hilversum,52.2333,5.1667,Netherlands,91235,,,,,
Rāyachoti,14.0583,78.7517,India,91234,,,,,
Avaré,-23.0989,-48.9258,Brazil,91232,,,,,
Pāloncha,17.6018,80.7051,India,91196,,,,,
Manhuaçu,-20.2581,-42.0336,Brazil,91169,,,,,
Caçapava,-23.1008,-45.7069,Brazil,91162,,,,,
Pamekasan,-7.1574,113.4718,Indonesia,91160,,,,,
Xiancun,23.2374,116.3152,China,91109,,,,,
Alessandria,44.9133,8.62,Italy,91059,,,,,
Ambohimangakely,-18.8998,47.5931,Madagascar,91056,,,,,
Hastings,50.85,0.57,United Kingdom,91053,,,,,
Agua Prieta,31.3258,-109.5489,Mexico,91029,,,,,
Maple Ridge,49.2167,-122.6,Canada,90990,,,,,
Parli Vaijnāth,18.85,76.53,India,90975,,,,,
Grudziądz,53.4875,18.755,Poland,90890,,,,,
Alafaya,28.528,-81.1868,United States,90874,,,,,
Solwezi,-12.1433,26.3858,Zambia,90856,,,,,
Caimbambo,-12.9,14.0833,Angola,90838,,,,,
Bauan,13.7917,121.0085,Philippines,90819,,,,,
Sivaganga,9.8433,78.4809,India,90803,,,,,
Chinhoyi,-17.3497,30.1944,Zimbabwe,90800,,,,,
Pantukan,7.1269,125.8975,Philippines,90786,,,,,
Pongotan,7.1269,125.8975,Philippines,90786,,,,,
Rāmagiri Udayagiri,19.1619,84.144,India,90774,,,,,
Cambambe,-9.7586,14.5122,Angola,90766,,,,,
Mengdingjie,23.55,99.0833,China,90715,,,,,
Colombes,48.9236,2.2522,France,90692,,,,,
Funza,4.7167,-74.2167,Colombia,90671,,,,,
Lawton,34.6175,-98.4202,United States,90662,,,,,
Zhezqazghan,47.7833,67.7,Kazakhstan,90661,,,,,
Avondale,33.3873,-112.3235,United States,90644,,,,,
Katiola,8.1333,-5.1,Côte d’Ivoire,90641,,,,,
Kattaqo’rg’on Shahri,39.8989,66.2561,Uzbekistan,90600,,,,,
Çankırı,40.5986,33.6192,Turkey,90564,,,,,
Eslāmābād-e Gharb,34.1103,46.5275,Iran,90559,,,,,
Chililabombwe,-12.3667,27.8278,Zambia,90530,,,,,
Vanadzor,40.8128,44.4883,Armenia,90525,,,,,
Germantown,39.1755,-77.2643,United States,90521,,,,,
Fundación,10.5214,-74.1867,Colombia,90514,,,,,
Ponnāni,10.77,75.9,India,90491,,,,,
Sahagún,8.95,-75.45,Colombia,90487,,,,,
Michurinsk,52.8833,40.4833,Russia,90451,,,,,
Montelíbano,7.975,-75.4208,Colombia,90450,,,,,
Ceylanpınar,36.8461,40.0489,Turkey,90440,,,,,
Jāmtāra,23.9633,86.8014,India,90426,,,,,
Rapid City,44.0716,-103.2204,United States,90421,,,,,
Larnaca,34.9167,33.6333,Cyprus,90419,,,,,
São Lourenço da Mata,-8.0019,-35.0178,Brazil,90402,,,,,
Guliston,40.4833,68.7833,Uzbekistan,90398,,,,,
Pinamalayan,13.0364,121.4889,Philippines,90383,,,,,
Orpington,51.3741,0.0986,United Kingdom,90315,,,,,
Valjevo,44.2708,19.8866,Serbia,90312,,,,,
Julu,37.2075,115.0233,China,90311,,,,,
Vezirköprü,41.1431,35.46,Turkey,90308,,,,,
Mandurah,-32.5289,115.7231,Australia,90306,,,,,
Watford,51.655,-0.3957,United Kingdom,90301,,,,,
Masvingo,-20.0744,30.8328,Zimbabwe,90286,,,,,
São João del Rei,-21.1358,-44.2619,Brazil,90225,,,,,
Yoshiwara,35.1633,138.6866,Japan,90224,,,,,
Puerto Padre,21.195,-76.6017,Cuba,90218,,,,,
Caucasia,7.9833,-75.2,Colombia,90213,,,,,
Peñaflor,-33.6167,-70.9167,Chile,90201,,,,,
Imizuchō,36.7306,137.0756,Japan,90201,,,,,
Nasatta,34.1022,71.7964,Pakistan,90200,,,,,
Abomey,7.1856,1.9881,Benin,90195,,,,,
Pollāchi,10.659,77.008,India,90180,,,,,
Gjilan,42.4689,21.4633,Kosovo,90178,,,,,
Hendek,40.805,30.7492,Turkey,90153,,,,,
Westminster,33.7523,-117.9938,United States,90147,,,,,
El Ejido,36.7831,-2.8167,Spain,90135,,,,,
Jalalpur Jattan,32.6419,74.2033,Pakistan,90130,,,,,
Wajir,1.7472,40.0572,Kenya,90116,,,,,
Victorias,10.9,123.08,Philippines,90101,,,,,
Marudi,4.1833,114.3167,Malaysia,90100,,,,,
Kāvali,14.913,79.9929,India,90099,,,,,
Botoşani,47.7486,26.6694,Romania,90010,,,,,
Luau,-10.7044,22.2283,Angola,90000,,,,,
Necochea,-38.55,-58.7333,Argentina,90000,,,,,
Tangjia,30.7833,120.3,China,90000,,,,,
Al Badrashayn,29.85,31.2667,Egypt,90000,,,,,
Léogâne,18.5108,-72.6339,Haiti,90000,,,,,
Darnah,32.7648,22.6391,Libya,90000,,,,,
Möng Tun,20.3,98.9333,Burma,90000,,,,,
Richard-Toll,16.4661,-15.6933,Senegal,90000,,,,,
Afmadow,0.5127,42.0796,Somalia,90000,,,,,
Barwaaqo,3.4832,42.1868,Somalia,90000,,,,,
Ma‘arrat an Nu‘mān,35.6483,36.6769,Syria,90000,,,,,
La Grita,8.1333,-71.9833,Venezuela,90000,,,,,
Mihara,34.3975,133.0786,Japan,89972,,,,,
El Puerto de Santa María,36.6015,-6.2381,Spain,89960,,,,,
Hoopstad,-27.8333,25.9167,South Africa,89917,,,,,
Compostela,7.67,126.08,Philippines,89884,,,,,
Mogok,22.9167,96.5,Burma,89855,,,,,
Bayt Lāhyā,31.5464,34.4951,Gaza Strip,89838,,,,,
Patrocínio,-18.9439,-46.9928,Brazil,89826,,,,,
Chiclana de la Frontera,36.4167,-6.15,Spain,89794,,,,,
Msaken,35.7333,10.5833,Tunisia,89745,,,,,
Itapeva,-23.9819,-48.8758,Brazil,89728,,,,,
Olavarría,-36.9,-60.3333,Argentina,89721,,,,,
Stevenage,51.9017,-0.2019,United Kingdom,89663,,,,,
San José Pinula,14.55,-90.4167,Guatemala,89639,,,,,
Sankeshwar,16.27,74.48,India,89627,,,,,
Kōka,34.9667,136.1667,Japan,89619,,,,,
Glyfáda,37.8667,23.75,Greece,89597,,,,,
Serdar,38.9833,56.2833,Turkmenistan,89582,,,,,
Saquarema,-22.92,-42.51,Brazil,89559,,,,,
Bangkalan,-7.0253,112.7519,Indonesia,89550,,,,,
Los Cerrillos,-33.5,-70.7167,Chile,89520,,,,,
Aubervilliers,48.9131,2.3831,France,89489,,,,,
Conda,-11.1667,14.5,Angola,89479,,,,,
Poitiers,46.58,0.34,France,89472,,,,,
Ţarţūs,34.8846,35.8866,Syria,89457,,,,,
Sarapul,56.4667,53.8,Russia,89442,,,,,
Kadiri,14.12,78.17,India,89429,,,,,
Zhunan,24.6833,120.8833,Taiwan,89420,,,,,
Torrente,39.4389,-0.4656,Spain,89401,,,,,
Ipil,7.7822,122.5867,Philippines,89401,,,,,
Prijedor,44.9808,16.7133,Bosnia and Herzegovina,89397,,,,,
Mestre,45.4906,12.2381,Italy,89376,,,,,
Villa de Cura,10.0383,-67.4892,Venezuela,89364,,,,,
Caracase,3.7532,42.5441,Somalia,89345,,,,,
Surallah,6.37,124.73,Philippines,89340,,,,,
Ciudad de Atlixco,18.9,-98.45,Mexico,89314,,,,,
Pistoia,43.9333,10.9167,Italy,89309,,,,,
Ségbana,10.9278,3.6944,Benin,89268,,,,,
Clifton,40.863,-74.1575,United States,89247,,,,,
Léré,9.6572,14.2283,Chad,89237,,,,,
Cheektowaga,42.9082,-78.7466,United States,89201,,,,,
Kazanlak,42.617,25.4,Bulgaria,89197,,,,,
Magadan,59.5667,150.8,Russia,89193,,,,,
Phusro,23.77,85.99,India,89178,,,,,
Polangui,13.2922,123.4856,Philippines,89176,,,,,
Banga,6.3,124.78,Philippines,89164,,,,,
Humpata,-15,13.3333,Angola,89144,,,,,
Kalibo,11.7072,122.37,Philippines,89127,,,,,
San Francisco,30.7841,-112.518,Mexico,89122,,,,,
Kūhdasht,33.5294,47.6092,Iran,89091,,,,,
Maladzyechna,54.3208,26.8572,Belarus,89068,,,,,
Jalal-Abad,40.9375,72.9861,Kyrgyzstan,89004,,,,,
Kairāna,29.3953,77.2053,India,89000,,,,,
Jaworzno,50.2044,19.27,Poland,88998,,,,,
Waukegan,42.3698,-87.8716,United States,88919,,,,,
Shwebo,22.5667,95.7,Burma,88914,,,,,
Hinigaran,10.27,122.85,Philippines,88909,,,,,
Calabanga,13.7089,123.2161,Philippines,88906,,,,,
As Salţ,32.0333,35.7333,Jordan,88900,,,,,
Passi,11.1,122.63,Philippines,88873,,,,,
Murcia,10.6,123.03,Philippines,88868,,,,,
Bogo,11.02,124,Philippines,88867,,,,,
Aalst,50.9383,4.0392,Belgium,88854,,,,,
Al Khmissat,33.8167,-6.0667,Morocco,88839,,,,,
Bloomington,44.8306,-93.3151,United States,88838,,,,,
Lucca,43.85,10.5167,Italy,88798,,,,,
Solikamsk,59.6433,56.75,Russia,88789,,,,,
Hemei,24.1167,120.5,Taiwan,88740,,,,,
Pisa,43.7167,10.4,Italy,88737,,,,,
Wangqing,43.3126,129.7572,China,88732,,,,,
Viana do Castelo,41.7,-8.8333,Portugal,88725,,,,,
Danlí,14.0324,-86.5683,Honduras,88722,,,,,
Mayagüez,18.2003,-67.1397,Puerto Rico,88722,,,,,
Gueznaia,35.7066,-5.9088,Morocco,88676,,,,,
Toviklin,6.8333,1.8167,Benin,88611,,,,,
Chosica,-11.9361,-76.6972,Peru,88606,,,,,
Paingkyon,17.0242,97.9844,Burma,88604,,,,,
Villa María,-32.4103,-63.2314,Argentina,88600,,,,,
Rāsipuram,11.4618,78.1909,India,88584,,,,,
Leping,37.6147,113.665,China,88559,,,,,
Najībābād,29.6128,78.3425,India,88535,,,,,
San Leandro,37.7074,-122.1599,United States,88531,,,,,
Newton,42.3316,-71.2085,United States,88504,,,,,
Podujevë,42.9111,21.1899,Kosovo,88499,,,,,
San Luis,20.1881,-75.8486,Cuba,88496,,,,,
Barra do Corda,-5.5031,-45.2369,Brazil,88492,,,,,
Joplin,37.0757,-94.5018,United States,88490,,,,,
Bhakkar,31.6278,71.0625,Pakistan,88472,,,,,
Berisso,-34.8728,-57.8858,Argentina,88470,,,,,
Bertoua,4.5833,13.6833,Cameroon,88462,,,,,
Solana,17.6522,121.6914,Philippines,88445,,,,,
Aïn M’Lila,36.0361,6.5708,Algeria,88441,,,,,
Nirmal,19.1,78.35,India,88433,,,,,
Nirāla,19.8143,78.1662,India,88433,,,,,
Ootacamund,11.41,76.7,India,88430,,,,,
Fūlād Shahr,32.4906,51.4211,Iran,88426,,,,,
Echague,16.7056,121.6761,Philippines,88410,,,,,
Aroroy,12.5125,123.3989,Philippines,88351,,,,,
Buzuluk,52.7833,52.25,Russia,88341,,,,,
Mobara,35.4285,140.2881,Japan,88330,,,,,
Prosperidad,8.61,125.92,Philippines,88321,,,,,
Lawrence,42.7002,-71.1626,United States,88297,,,,,
Alabel,6.1023,125.2868,Philippines,88294,,,,,
Suva,-18.1333,178.4333,Fiji,88271,,,,,
Ban Laem Chabang,13.0833,100.8833,Thailand,88271,,,,,
Béja,36.7333,9.1833,Tunisia,88251,,,,,
Grimsby,53.5675,-0.08,United Kingdom,88243,,,,,
Villingen-Schwenningen,48.0603,8.4586,Germany,88213,,,,,
Jangipur,24.4691,88.1032,India,88165,,,,,
Jaffna,9.6647,80.0167,Sri Lanka,88138,,,,,
Níkaia,37.9667,23.6333,Greece,88077,,,,,
Janzūr,32.8172,13.0111,Libya,88073,,,,,
Leshou,38.1822,116.1108,China,88069,,,,,
Sangrūr,30.2506,75.8442,India,88043,,,,,
Damaturu,11.7444,11.9611,Nigeria,88014,,,,,
Qiantangcun,23.6742,116.915,China,88001,,,,,
Hartlepool,54.69,-1.21,United Kingdom,87995,,,,,
Al Wakrah,25.18,51.61,Qatar,87970,,,,,
Tuban,-6.9,112.05,Indonesia,87947,,,,,
Sassandra,4.9504,-6.0833,Côte d’Ivoire,87945,,,,,
Sakai,36.1669,136.2314,Japan,87945,,,,,
Newmarket,44.05,-79.4667,Canada,87942,,,,,
Jilotepec,19.9519,-99.5328,Mexico,87927,,,,,
Makilala,6.97,125.08,Philippines,87927,,,,,
Panevėžys,55.725,24.3639,Lithuania,87913,,,,,
Wislane,30.225,-8.3801,Morocco,87910,,,,,
Maiquetía,10.5958,-66.9772,Venezuela,87909,,,,,
Mettupālaiyam,11.2341,76.9067,India,87905,,,,,
Wakiso,0.3981,32.4781,Uganda,87900,,,,,
Bromley,51.407,0.021,United Kingdom,87889,,,,,
Jumri Tilaiyā,24.4289,85.5355,India,87867,,,,,
Guanambi,-14.2228,-42.7808,Brazil,87817,,,,,
Jagüey Grande,22.5292,-81.1325,Cuba,87771,,,,,
Glazov,58.1333,52.6667,Russia,87762,,,,,
Baggao,17.9347,121.7733,Philippines,87753,,,,,
San Juan de los Morros,9.901,-67.354,Venezuela,87739,,,,,
Tonghae,37.5248,129.1143,"Korea, South",87724,,,,,
Ende,-8.8333,121.65,Indonesia,87723,,,,,
Aruppukkottai,9.5139,78.1002,India,87722,,,,,
Menglang,22.5586,99.9336,China,87703,,,,,
Farīdkot,30.67,74.76,India,87695,,,,,
Calauan,14.15,121.32,Philippines,87693,,,,,
Ama,35.2004,136.7832,Japan,87668,,,,,
Słupsk,54.4658,17.0292,Poland,87660,,,,,
Madgaon,15.2736,73.9581,India,87650,,,,,
Baras,14.52,121.27,Philippines,87637,,,,,
Gitarama,-2.0696,29.76,Rwanda,87613,,,,,
Zwickau,50.7167,12.5,Germany,87593,,,,,
Koidu-Bulma,8.4405,-10.85,Sierra Leone,87539,,,,,
Palangotu Adwār,32.7888,76.0009,India,87535,,,,,
Ratingen,51.3,6.85,Germany,87513,,,,,
Western Bicutan,14.5094,121.0381,Philippines,87508,,,,,
Chester,53.1914,-2.8903,United Kingdom,87507,,,,,
Consolación del Sur,22.5083,-83.5172,Cuba,87500,,,,,
Tire,38.0833,27.7333,Turkey,87462,,,,,
Changting,25.867,116.3167,China,87458,,,,,
Maasin,10.13,124.85,Philippines,87446,,,,,
San Fabian,16.15,120.45,Philippines,87428,,,,,
Ben Gardane,33.1389,11.2167,Tunisia,87404,,,,,
Şatrovka,39.829,48.9478,Azerbaijan,87400,,,,,
Springdale,36.1901,-94.1574,United States,87388,,,,,
Midrand,-25.9992,28.1264,South Africa,87387,,,,,
Denan,6.5,43.5,Ethiopia,87380,,,,,
Chauk Azam,30.9648,71.217,Pakistan,87376,,,,,
Santa Catarina Pinula,14.5667,-90.5,Guatemala,87362,,,,,
Dobrich,43.5667,27.8333,Bulgaria,87361,,,,,
Calaca,13.93,120.8131,Philippines,87361,,,,,
Caratinga,-19.79,-42.1389,Brazil,87360,,,,,
Jamūī,24.9278,86.2239,India,87357,,,,,
Middelburg,-25.7681,29.4547,South Africa,87348,,,,,
Nahualá,14.85,-91.3167,Guatemala,87319,,,,,
Camiling,15.6867,120.4131,Philippines,87319,,,,,
Troy,42.5817,-83.1457,United States,87307,,,,,
Limpio,-25.1673,-57.4695,Paraguay,87301,,,,,
Reutov,55.7622,37.8567,Russia,87300,,,,,
Shuangshuicun,22.4356,112.9964,China,87295,,,,,
Chongoroi,-13.5667,13.95,Angola,87278,,,,,
Lünen,51.6167,7.5167,Germany,87266,,,,,
Chimbas,-31.5,-68.5319,Argentina,87258,,,,,
Rubio,7.7,-72.35,Venezuela,87249,,,,,
Bhola,22.6833,90.65,Bangladesh,87243,,,,,
Lorena,-22.7308,-45.1247,Brazil,87178,,,,,
Dipalpur,30.6708,73.6533,Pakistan,87176,,,,,
Fulham,51.4828,-0.195,United Kingdom,87161,,,,,
Houndé,11.5,-3.5167,Burkina Faso,87154,,,,,
Usulután,13.35,-88.45,El Salvador,87078,,,,,
Ad Diwem,13.9904,32.3,Sudan,87068,,,,,
Norton,-17.8833,30.7,Zimbabwe,87038,,,,,
Citrus Heights,38.6948,-121.288,United States,87036,,,,,
Dunkerque,51.0383,2.3775,France,87013,,,,,
Bama,24.1474,107.2593,China,87000,,,,,
Wulan,36.5585,104.6765,China,86990,,,,,
Cuscatancingo,13.7333,-89.1833,El Salvador,86964,,,,,
Heyunkeng,23.9533,112.9808,China,86951,,,,,
Kumārapālaiyam,11.4416,77.6907,India,86945,,,,,
Heerlen,50.8833,5.9833,Netherlands,86936,,,,,
Mechelen,51.0281,4.4803,Belgium,86921,,,,,
Takasagochō-takasemachi,34.7667,134.7833,Japan,86888,,,,,
Binmaley,16.0323,120.269,Philippines,86881,,,,,
Tangxing,35.7261,111.7108,China,86862,,,,,
Campana,-34.1667,-58.9167,Argentina,86860,,,,,
Paredes,41.2,-8.3333,Portugal,86854,,,,,
Fukuroi,34.7502,137.9247,Japan,86851,,,,,
Widekum,5.8717,9.7706,Cameroon,86822,,,,,
Kansk,56.2,95.7167,Russia,86816,,,,,
Taohuajiang,28.5239,112.1342,China,86800,,,,,
Longonjo,-12.9067,15.1864,Angola,86795,,,,,
Les Cayes,18.2,-73.75,Haiti,86780,,,,,
Hānsi,29.1,75.97,India,86770,,,,,
Salinas Victoria,25.9667,-100.3,Mexico,86766,,,,,
Deerfield Beach,26.305,-80.1277,United States,86742,,,,,
Cárdenas,23.0428,-81.2036,Cuba,86700,,,,,
Shahdol,23.28,81.35,India,86681,,,,,
Yoro,15.1379,-87.1249,Honduras,86665,,,,,
Hamakita,34.7931,137.79,Japan,86653,,,,,
Arona,28.1,-16.6667,Spain,86624,,,,,
Unaí,-16.3639,-46.8944,Brazil,86619,,,,,
Belladère,18.85,-71.7833,Haiti,86612,,,,,
Clarkstown,41.1319,-73.966,United States,86575,,,,,
Nuneaton,52.523,-1.468,United Kingdom,86552,,,,,
Town 'n' Country,28.0106,-82.5763,United States,86544,,,,,
Gävle,60.6748,17.1444,Sweden,86533,,,,,
Toledo,39.8567,-4.0244,Spain,86526,,,,,
Anakāpalle,17.6913,83.0039,India,86519,,,,,
Gravatá,-8.2008,-35.565,Brazil,86516,,,,,
Winchester,39.1735,-78.1746,United States,86501,,,,,
Nabua,13.4083,123.375,Philippines,86490,,,,,
Tucupita,9.0592,-62.0681,Venezuela,86487,,,,,
Tuncheng,19.3633,110.0978,China,86474,,,,,
Nīmbāhera,24.62,74.68,India,86453,,,,,
Yaofeng,35.1395,111.2174,China,86435,,,,,
Nachchāndupatti,10.3238,78.7233,India,86422,,,,,
Hassi Bahbah,35.0667,3.0333,Algeria,86421,,,,,
Loznica,44.5333,19.2258,Serbia,86413,,,,,
Kalpitiya,8.2372,79.7628,Sri Lanka,86405,,,,,
Karanganyar,-7.6033,110.9778,Indonesia,86402,,,,,
Navegantes,-26.8989,-48.6539,Brazil,86401,,,,,
Yabēlo,4.8833,38.0833,Ethiopia,86400,,,,,
Santa Rosa Jauregui,20.7418,-100.4473,Mexico,86376,,,,,
Dingcheng,19.6803,110.3681,China,86367,,,,,
Guasave,25.5655,-108.4718,Mexico,86361,,,,,
Aulnay-sous-Bois,48.9386,2.4906,France,86360,,,,,
Gotenba,35.3087,138.9346,Japan,86334,,,,,
Miaoli,24.57,120.82,Taiwan,86327,,,,,
Odienné,9.5,-7.5667,Côte d’Ivoire,86279,,,,,
Bilwi,14.0281,-83.3808,Nicaragua,86279,,,,,
Bantayan,11.2,123.73,Philippines,86247,,,,,
San Antonio,-33.5933,-71.6217,Chile,86239,,,,,
Mission,26.2039,-98.3256,United States,86234,,,,,
Kâhta,37.7803,38.6217,Turkey,86232,,,,,
Batticaloa,7.717,81.7,Sri Lanka,86227,,,,,
Ibshawāy,29.359,30.6806,Egypt,86186,,,,,
La Libertad,16.7861,-90.1167,Guatemala,86171,,,,,
Bryan,30.665,-96.3807,United States,86169,,,,,
Settsu,34.7772,135.5622,Japan,86168,,,,,
Chekhov,55.15,37.45,Russia,86164,,,,,
Silvan,38.1422,41.0014,Turkey,86161,,,,,
Sārni,22.104,78.173,India,86141,,,,,
Repentigny,45.7333,-73.4667,Canada,86100,,,,,
Shchëkino,54,37.5167,Russia,86088,,,,,
Thanhlyin,16.7333,96.25,Burma,86065,,,,,
Khowrāsgān,32.6528,51.7589,Iran,86063,,,,,
Kitanagoya,35.2456,136.8659,Japan,86060,,,,,
Shaoshanzhan,27.915,112.5267,China,86036,,,,,
Potiskum,11.7104,11.08,Nigeria,86002,,,,,
Tajrīsh,35.8056,51.4381,Iran,86000,,,,,
Vélez-Málaga,36.7833,-4.1,Spain,85990,,,,,
Velikiye Luki,56.3333,30.5333,Russia,85989,,,,,
Ciudad de Melilla,35.2922,-2.9408,Spain,85985,,,,,
Sharūrah,17.4908,47.1126,Saudi Arabia,85977,,,,,
Kameoka,35.0167,135.5667,Japan,85962,,,,,
Hawthorne,33.9147,-118.3476,United States,85933,,,,,
Whittier,33.9678,-118.0188,United States,85925,,,,,
Keffi,8.8464,7.8733,Nigeria,85911,,,,,
Qaraçuxur,40.3969,49.9733,Azerbaijan,85900,,,,,
Iga,34.7667,136.1333,Japan,85883,,,,,
Livermore,37.6868,-121.7607,United States,85870,,,,,
Chiguayante,-36.9167,-73.0167,Chile,85863,,,,,
Cabiao,15.2522,120.8575,Philippines,85862,,,,,
Fuengirola,36.5417,-4.625,Spain,85859,,,,,
Cáceres,-16.0711,-57.6789,Brazil,85857,,,,,
Lake Forest,33.6605,-117.6714,United States,85846,,,,,
Vólos,39.3667,22.9333,Greece,85803,,,,,
Guinobatan,13.18,123.6,Philippines,85786,,,,,
Konstanz,47.6667,9.1833,Germany,85770,,,,,
Kharian,32.8108,73.8647,Pakistan,85765,,,,,
Anapa,44.8944,37.3167,Russia,85747,,,,,
San Ramon,37.7624,-121.9365,United States,85734,,,,,
Melbourne,28.1086,-80.6627,United States,85718,,,,,
Bāsoda,23.8515,77.9365,India,85716,,,,,
Longhua,41.3246,117.7344,China,85697,,,,,
Taishan Houcun,41.317,117.7264,China,85697,,,,,
San Pedro Sacatepéquez,14.9667,-91.7667,Guatemala,85671,,,,,
Ducheng,23.2445,111.5342,China,85659,,,,,
Sekimachi,35.4958,136.918,Japan,85636,,,,,
Maratturai,11.1536,79.5329,India,85632,,,,,
Worms,49.6319,8.3653,Germany,85609,,,,,
Redenção,-8.0289,-50.0308,Brazil,85597,,,,,
Karakol,42.4906,78.3936,Kyrgyzstan,85588,,,,,
El Bayadh,33.6803,1.0203,Algeria,85577,,,,,
Franklin,35.92,-86.8516,United States,85575,,,,,
Mukacheve,48.45,22.75,Ukraine,85569,,,,,
Fusui,22.6325,107.9047,China,85512,,,,,
Karād,17.285,74.184,India,85500,,,,,
Xuddur,4.12,43.8878,Somalia,85500,,,,,
Kırklareli,41.7347,27.2253,Turkey,85493,,,,,
Pariaman,-0.6264,100.1178,Indonesia,85485,,,,,
Auburn,47.3039,-122.2108,United States,85455,,,,,
Chinnachauku,14.4732,78.8451,India,85442,,,,,
Batarasa,8.67,117.62,Philippines,85439,,,,,
Colonie,42.7396,-73.7874,United States,85426,,,,,
Lugang,24.05,120.4333,Taiwan,85423,,,,,
Junín,-34.5833,-60.95,Argentina,85420,,,,,
Caldas,6.09,-75.638,Colombia,85385,,,,,
Kombolcha,11.0867,39.7367,Ethiopia,85367,,,,,
Novo Hamburgo,-29.6778,-51.1308,Brazil,85364,,,,,
Mitrovicë,42.8833,20.8667,Kosovo,85360,,,,,
Jinhe,22.7667,103.25,China,85350,,,,,
Garulia,22.82,88.37,India,85336,,,,,
Tagaytay,14.1,120.93,Philippines,85330,,,,,
Apaseo el Grande,20.5531,-100.6347,Mexico,85319,,,,,
Chanwari,23.1917,82.3542,India,85317,,,,,
General Rodríguez,-34.6167,-58.95,Argentina,85315,,,,,
Chiquinquirá,5.6333,-73.75,Colombia,85274,,,,,
Krishnagiri,12.5317,78.2174,India,85254,,,,,
Dapitan,8.6549,123.4243,Philippines,85202,,,,,
Takayama,36.146,137.2522,Japan,85199,,,,,
Upper Darby,39.949,-75.2891,United States,85190,,,,,
Grand Bourg,-34.4833,-58.7167,Argentina,85189,,,,,
Harda Khās,22.3441,77.0954,India,85136,,,,,
Maga,10.85,14.9333,Cameroon,85100,,,,,
Zarafshon Shahri,41.6081,64.2264,Uzbekistan,85100,,,,,
Araripina,-7.55,-40.5667,Brazil,85088,,,,,
Monte Chingolo,-34.7333,-58.35,Argentina,85060,,,,,
Port Huron,42.9821,-82.4388,United States,85051,,,,,
Puerto Maldonado,-12.6,-69.1833,Peru,85024,,,,,
Mhow,22.55,75.76,India,85023,,,,,
Derry,54.9975,-7.32,United Kingdom,85016,,,,,
Santa Inês,-3.6669,-45.38,Brazil,85014,,,,,
Ealing,51.5175,-0.2988,United Kingdom,85014,,,,,
Marl,51.6667,7.1167,Germany,85001,,,,,
Hövsan,40.3753,50.0839,Azerbaijan,85000,,,,,
Luvungi,-2.86,29.03,Congo (Kinshasa),85000,,,,,
Bahlā’,22.9789,57.3047,Oman,85000,,,,,
Atakpamé,7.5269,1.1267,Togo,84979,,,,,
Woolwich,51.488,0.063,United Kingdom,84959,,,,,
Longchuan,25.1615,101.2942,China,84955,,,,,
Karacabey,40.2167,28.35,Turkey,84907,,,,,
Baabda,33.8333,35.5333,Lebanon,84900,,,,,
Hinthada,17.6461,95.4603,Burma,84880,,,,,
San Baudilio de Llobregat,41.336,2.043,Spain,84831,,,,,
Prešov,49,21.2333,Slovakia,84824,,,,,
Sayhāt,26.4834,50.0485,Saudi Arabia,84818,,,,,
Yüksekova,37.569,44.283,Turkey,84800,,,,,
Peterborough,44.3,-78.3167,Canada,84793,,,,,
Ciudad Mante,22.7333,-98.95,Mexico,84787,,,,,
Pandacan,14.594,121.007,Philippines,84769,,,,,
Túxpam de Rodríguez Cano,20.95,-97.4,Mexico,84750,,,,,
Chirundu,-16.05,28.8333,Zambia,84750,,,,,
Mohammadia,35.5833,0.0667,Algeria,84700,,,,,
Điện Biên Phủ,21.3833,103.0167,Vietnam,84672,,,,,
Catanzaro,38.91,16.5875,Italy,84670,,,,,
Sumenep,-7.0049,113.8496,Indonesia,84656,,,,,
Tshilenge,-6.25,23.7667,Congo (Kinshasa),84651,,,,,
Sentani,-2.5636,140.5146,Indonesia,84648,,,,,
Decatur,39.8557,-88.9342,United States,84629,,,,,
Treviso,45.6722,12.2422,Italy,84607,,,,,
Mādabā,31.7167,35.8,Jordan,84600,,,,,
Khemis Miliana,36.2667,2.2167,Algeria,84574,,,,,
Yokotemachi,39.3113,140.5533,Japan,84556,,,,,
Dhorāji,21.7337,70.4499,India,84545,,,,,
Baytown,29.7587,-94.9671,United States,84538,,,,,
Rafḩā,29.6202,43.4948,Saudi Arabia,84536,,,,,
Honiara,-9.4333,159.95,Solomon Islands,84520,,,,,
Ushiku,35.9794,140.1496,Japan,84505,,,,,
Houmt Souk,33.8667,10.85,Tunisia,84494,,,,,
Vīrappanchathiram,11.3553,77.6678,India,84453,,,,,
Komae,35.6348,139.5787,Japan,84437,,,,,
Santana do Livramento,-30.8908,-55.5328,Brazil,84421,,,,,
Sabanalarga,10.63,-74.9236,Colombia,84410,,,,,
New Kru Town,6.3733,-10.7928,Liberia,84399,,,,,
Carpina,-7.8508,-35.2547,Brazil,84395,,,,,
Standerton,-26.95,29.25,South Africa,84383,,,,,
Kaizuka,34.4333,135.3667,Japan,84356,,,,,
Brooklyn Park,45.1112,-93.3505,United States,84349,,,,,
Nabunturan,7.6008,125.9656,Philippines,84340,,,,,
Bais,9.5907,123.1213,Philippines,84317,,,,,
Villa Altagracia,18.67,-70.17,Dominican Republic,84312,,,,,
Springfield,39.93,-83.7959,United States,84309,,,,,
Science City of Muñoz,15.7153,120.9039,Philippines,84308,,,,,
Newport Beach,33.6151,-117.8668,United States,84304,,,,,
Nabeul,36.4542,10.7347,Tunisia,84291,,,,,
Athurugiriya,6.8687,79.9998,Sri Lanka,84278,,,,,
Higashiyamato,35.75,139.4264,Japan,84260,,,,,
Ayase,35.4333,139.4333,Japan,84257,,,,,
Bangil,-7.5978,112.7846,Indonesia,84240,,,,,
Chigorodó,7.6675,-76.6808,Colombia,84183,,,,,
Westland,42.3192,-83.3805,United States,84155,,,,,
Concepción Tutuapa,15.2833,-91.7833,Guatemala,84138,,,,,
Port of Spain,10.6667,-61.5167,Trinidad and Tobago,84126,,,,,
Euriápolis,-16.3778,-39.58,Brazil,84120,,,,,
Wakō,35.7812,139.6057,Japan,84120,,,,,
Al Hindīyah,32.5467,44.2277,Iraq,84100,,,,,
Luancheng,37.9003,114.6483,China,84068,,,,,
Dārayyā,33.4583,36.2326,Syria,84044,,,,,
Sambava,-14.2662,50.1666,Madagascar,84039,,,,,
Pori,61.4833,21.8,Finland,84026,,,,,
Kitakōriyamachō,34.6494,135.7828,Japan,84007,,,,,
Ílion,38.0333,23.7,Greece,84004,,,,,
Lāharpur,27.72,80.9,India,84000,,,,,
Heṭauḍā,27.4167,85.0333,Nepal,84000,,,,,
Ath Thawrah,35.8367,38.5481,Syria,84000,,,,,
Bolinao,16.3881,119.8947,Philippines,83979,,,,,
San Carlos,9.65,-68.5833,Venezuela,83957,,,,,
Arujá,-23.3967,-46.3211,Brazil,83939,,,,,
El Milia,36.75,6.2667,Algeria,83931,,,,,
Channapatna,12.6514,77.2067,India,83921,,,,,
Versailles,48.805,2.135,France,83918,,,,,
Newark,40.0706,-82.425,United States,83890,,,,,
Chita,35,136.8667,Japan,83881,,,,,
Keşan,40.85,26.6333,Turkey,83874,,,,,
Ermelo,-26.5333,29.9833,South Africa,83865,,,,,
Yambol,42.4833,26.5,Bulgaria,83861,,,,,
Xishancun,23.2618,116.2321,China,83822,,,,,
Acayucan,17.9422,-94.9103,Mexico,83817,,,,,
Lucas do Rio Verde,-13.05,-55.9108,Brazil,83798,,,,,
Dolisie,-4.2006,12.6792,Congo (Brazzaville),83798,,,,,
Gubkin,51.2828,37.5353,Russia,83766,,,,,
Pilkhua,28.712,77.6545,India,83736,,,,,
Ho,6.6004,0.47,Ghana,83715,,,,,
Matão,-21.6033,-48.3658,Brazil,83626,,,,,
Barahona,18.2079,-71.0996,Dominican Republic,83619,,,,,
Tiruppattūr,12.4915,78.5684,India,83612,,,,,
Hamma Bouziane,36.5333,6.7167,Algeria,83603,,,,,
Moriyama,35.0586,135.9942,Japan,83567,,,,,
Nizwá,22.9333,57.5333,Oman,83544,,,,,
Konotop,51.2167,33.2,Ukraine,83543,,,,,
Foumban,5.7167,10.9167,Cameroon,83522,,,,,
Valdemoro,40.1908,-3.6742,Spain,83507,,,,,
Baghlān,36.1328,68.7,Afghanistan,83490,,,,,
Talavera de la Reina,39.9583,-4.8328,Spain,83477,,,,,
Muncie,40.1989,-85.395,United States,83477,,,,,
Lafey,3.1508,41.1864,Kenya,83457,,,,,
Galway,53.2729,-9.0418,Ireland,83456,,,,,
Aylesbury,51.8168,-0.8124,United Kingdom,83407,,,,,
Nazareth,32.7019,35.3033,Israel,83400,,,,,
Taytay,10.82,119.52,Philippines,83357,,,,,
Phúc Yên,21.2333,105.7,Vietnam,83352,,,,,
Reşiţa,45.3008,21.8892,Romania,83324,,,,,
La Piedad,20.3333,-102.0167,Mexico,83323,,,,,
Farmington Hills,42.486,-83.3771,United States,83316,,,,,
Gokulgarh,28.2468,76.6176,India,83310,,,,,
Kamensk-Shakhtinskiy,48.3206,40.2611,Russia,83286,,,,,
Serrinha,-11.6642,-39.0075,Brazil,83275,,,,,
Venado Tuerto,-33.75,-61.9667,Argentina,83263,,,,,
Maco,7.3619,125.8553,Philippines,83237,,,,,
Ciudad de Ceuta,35.8883,-5.3156,Spain,83229,,,,,
Cicero,41.8445,-87.7593,United States,83223,,,,,
Ashford,51.1465,0.8676,United Kingdom,83213,,,,,
Sirsilla,18.38,78.83,India,83186,,,,,
Como,45.8103,9.0861,Italy,83184,,,,,
Boukoumbé,10.1833,1.1,Benin,83147,,,,,
Habiganj,24.3804,91.413,Bangladesh,83114,,,,,
Lakshmīpur,22.9443,90.8301,Bangladesh,83112,,,,,
La Trinidad,15.9833,-91.8667,Mexico,83111,,,,,
Minden,52.2883,8.9167,Germany,83100,,,,,
Picos,-7.0769,-41.4669,Brazil,83090,,,,,
Siaton,9.07,123.03,Philippines,83082,,,,,
Pontevedra,42.4333,-8.6333,Spain,83077,,,,,
Kampong Trach,10.5585,104.4675,Cambodia,83061,,,,,
San Antonio,15.3078,120.8533,Philippines,83060,,,,,
Buena Park,33.8572,-118.0046,United States,83052,,,,,
Lelystad,52.5167,5.4833,Netherlands,83033,,,,,
San Fernando,10.2833,-61.4667,Trinidad and Tobago,82997,,,,,
Wutiancun,23.1852,116.4757,China,82986,,,,,
Mingxing,37.4264,112.5442,China,82981,,,,,
Valinhos,-22.9708,-46.9958,Brazil,82973,,,,,
Mazatenango,14.5333,-91.5,Guatemala,82969,,,,,
Mānsa,29.9906,75.3996,India,82956,,,,,
Tual,-5.6368,132.7508,Indonesia,82955,,,,,
Mabinay,9.73,122.92,Philippines,82953,,,,,
Busto Arsizio,45.612,8.8518,Italy,82951,,,,,
Nantingcun,20.8422,110.0586,China,82944,,,,,
David,8.4333,-82.4333,Panama,82907,,,,,
Al Ḩayy,32.1742,46.0433,Iraq,82900,,,,,
Louga,15.6167,-16.2167,Senegal,82884,,,,,
Warwick,41.7062,-71.4334,United States,82871,,,,,
Ufeyn,10.6524,49.7537,Somalia,82850,,,,,
Ji’an,23.95,121.5722,Taiwan,82840,,,,,
Wadala Sandhuan,32.1833,74.4,Pakistan,82835,,,,,
Araruama,-22.8728,-42.3428,Brazil,82803,,,,,
Jastrzębie-Zdrój,49.95,18.5833,Poland,82788,,,,,
Bayeux,-7.1333,-34.9333,Brazil,82742,,,,,
Hattiesburg,31.3074,-89.317,United States,82730,,,,,
Stockton-on-Tees,54.57,-1.32,United Kingdom,82729,,,,,
Zheleznogorsk,56.25,93.5333,Russia,82723,,,,,
Norderstedt,53.7064,10.0103,Germany,82719,,,,,
Muğla,37.2167,28.3667,Turkey,82717,,,,,
Nakatsu,33.5983,131.1883,Japan,82714,,,,,
Brindisi,40.6383,17.9458,Italy,82694,,,,,
Shīrvān,37.4019,57.9281,Iran,82689,,,,,
Villa Vicente Guerrero,19.119,-98.17,Mexico,82688,,,,,
Žilina,49.2167,18.7333,Slovakia,82656,,,,,
Tanjay,9.52,123.16,Philippines,82642,,,,,
Cranston,41.7658,-71.4858,United States,82632,,,,,
Ushuaia,-54.8019,-68.3031,Argentina,82615,,,,,
Albany,31.5776,-84.1762,United States,82612,,,,,
Chingleput,12.6918,79.9766,India,82608,,,,,
Jacobina,-11.1808,-40.5178,Brazil,82590,,,,,
Mian Channun,30.45,72.3667,Pakistan,82586,,,,,
Manfalūţ,27.3128,30.9703,Egypt,82585,,,,,
Rivadavia,-31.5303,-68.5947,Argentina,82582,,,,,
Rivadavia,-33.1833,-68.4667,Argentina,82582,,,,,
Bagamoyo,-6.4444,38.9028,Tanzania,82578,,,,,
Cruzeiro,-22.5772,-44.9583,Brazil,82571,,,,,
Chelghoum el Aïd,36.1667,6.1667,Algeria,82560,,,,,
Bhalwal,32.2656,72.8994,Pakistan,82556,,,,,
Mussende,-10.5103,16.0107,Angola,82544,,,,,
Calatrava,10.6,123.48,Philippines,82540,,,,,
Wuyi,37.7965,115.892,China,82526,,,,,
Chulucanas,-5.0961,-80.1647,Peru,82521,,,,,
Layton,41.077,-111.962,United States,82512,,,,,
Madera,36.963,-120.0778,United States,82510,,,,,
Largo,27.9088,-82.7712,United States,82506,,,,,
El Estor,15.5333,-89.35,Guatemala,82491,,,,,
Velbert,51.3333,7.05,Germany,82462,,,,,
Cukai,4.2332,103.4479,Malaysia,82425,,,,,
Redwood City,37.5025,-122.2253,United States,82423,,,,,
Sabaneta,6.15,-75.6,Colombia,82375,,,,,
Mountain View,37.4001,-122.0796,United States,82363,,,,,
Owariasahi,35.2165,137.0354,Japan,82336,,,,,
Izalco,13.7333,-89.6667,El Salvador,82332,,,,,
Shikokuchūō,33.9833,133.55,Japan,82320,,,,,
Nakhon Sawan,15.7133,100.1353,Thailand,82305,,,,,
Deurne,51.2247,4.4625,Belgium,82270,,,,,
Pine Hills,28.5818,-81.4692,United States,82264,,,,,
Cajicá,4.9167,-74.0333,Colombia,82244,,,,,
Ōmihachiman,35.1283,136.0981,Japan,82233,,,,,
Puerto Iguazú,-25.6,-54.5667,Argentina,82227,,,,,
Nueva Concepción,14.1997,-91.2997,Guatemala,82216,,,,,
Comonfort,20.7167,-100.7667,Mexico,82216,,,,,
Quixeramobim,-5.1989,-39.2928,Brazil,82177,,,,,
Yeysk,46.7111,38.2733,Russia,82172,,,,,
Saint Albans,51.755,-0.336,United Kingdom,82146,,,,,
Folsom,38.6668,-121.1422,United States,82140,,,,,
Silver Spring,39.0028,-77.0207,United States,82129,,,,,
Johns Creek,34.0333,-84.2027,United States,82115,,,,,
The Villages,28.9034,-81.9887,United States,82108,,,,,
Tacaná,15.2414,-92.0683,Guatemala,82079,,,,,
Harlow,51.779,0.128,United Kingdom,82059,,,,,
Carmen,7.3606,125.7064,Philippines,82018,,,,,
Burnley,53.789,-2.248,United Kingdom,82002,,,,,
Courbevoic,48.8978,2.2531,France,81945,,,,,
Ratodero,27.8,68.2833,Pakistan,81935,,,,,
Jepara,-6.5333,110.6667,Indonesia,81920,,,,,
Redditch,52.3,-1.9333,United Kingdom,81919,,,,,
Saunda,23.66,85.35,India,81915,,,,,
Kongjiazhuangcun,40.7536,114.7237,China,81909,,,,,
Ashoknagar,24.58,77.73,India,81828,,,,,
Ubay,10.056,124.4729,Philippines,81799,,,,,
Bhaktapur,27.6722,85.4278,Nepal,81748,,,,,
Banco Filipino International Village,14.4499,120.9996,Philippines,81739,,,,,
Owensboro,37.7575,-87.1172,United States,81734,,,,,
Yıldız,41.6344,32.3375,Turkey,81692,,,,,
Gürgenpınarı,41.6344,32.3375,Turkey,81692,,,,,
Uzungöz,41.6344,32.3375,Turkey,81692,,,,,
Bartın,41.6344,32.3375,Turkey,81692,,,,,
Lucerne,47.0523,8.3059,Switzerland,81691,,,,,
Siasi,5.5462,120.8145,Philippines,81689,,,,,
Concórdia,-27.2339,-52.0278,Brazil,81646,,,,,
Napa,38.2975,-122.301,United States,81643,,,,,
Watampone,-4.5386,120.3297,Indonesia,81629,,,,,
Kātoya,23.65,88.13,India,81615,,,,,
An Khê,13.9531,108.6569,Vietnam,81600,,,,,
New Rochelle,40.9304,-73.7836,United States,81591,,,,,
Jaén,-5.7083,-78.8083,Peru,81587,,,,,
Muroran,42.3167,140.9667,Japan,81580,,,,,
Timóteo,-19.5828,-42.6439,Brazil,81579,,,,,
Apizaco,19.4167,-98.1333,Mexico,81565,,,,,
Hukou,24.9,121.05,Taiwan,81550,,,,,
Rubí,41.4933,2.0325,Spain,81532,,,,,
Uman,48.75,30.2167,Ukraine,81525,,,,,
Purmerend,52.5,4.95,Netherlands,81515,,,,,
Dar el Beïda,36.7142,3.2125,Algeria,81509,,,,,
Imam Qasim,32.298,44.6828,Iraq,81500,,,,,
Kentaū,43.5167,68.5167,Kazakhstan,81484,,,,,
Alhambra,34.084,-118.1355,United States,81483,,,,,
Mogi Mirim,-22.4319,-46.9578,Brazil,81467,,,,,
Remedios de Escalada,-34.7167,-58.4,Argentina,81465,,,,,
Xicotepec de Juárez,20.3,-97.9667,Mexico,81455,,,,,
Fiumicino,41.7667,12.2333,Italy,81426,,,,,
Shuibian,24.1263,112.7668,China,81413,,,,,
Mandiraja Kulon,-7.4722,109.5133,Indonesia,81411,,,,,
Kadi,23.3009,72.3322,India,81404,,,,,
Chapadinha,-3.7419,-43.36,Brazil,81386,,,,,
Xiedian,35.419,110.8281,China,81386,,,,,
Cheyenne,41.135,-104.7902,United States,81378,,,,,
Kimje,35.8017,126.8889,"Korea, South",81357,,,,,
Kimitsu,35.3304,139.9027,Japan,81355,,,,,
Matalam,7.08,124.9,Philippines,81355,,,,,
Grosseto,42.7722,11.1089,Italy,81321,,,,,
Miami Beach,25.8171,-80.1396,United States,81319,,,,,
Buhi,13.4347,123.5167,Philippines,81306,,,,,
Athi River,-1.45,36.9833,Kenya,81302,,,,,
Nowy Sącz,49.6239,20.6972,Poland,81281,,,,,
San José de las Lajas,22.9614,-82.1511,Cuba,81261,,,,,
Lambunao,11.05,122.48,Philippines,81236,,,,,
Bulacan,14.7928,120.8789,Philippines,81232,,,,,
Shumen,43.2746,26.9349,Bulgaria,81207,,,,,
Mannārgudi,10.6653,79.4521,India,81150,,,,,
Pilar,-34.45,-58.9167,Argentina,81120,,,,,
Orhangazi,40.4889,29.3083,Turkey,81110,,,,,
Wenatchee,47.436,-120.3295,United States,81106,,,,,
Hengkou,32.7378,108.7695,China,81086,,,,,
Itá,-25.5096,-57.36,Paraguay,81084,,,,,
Kapalong,7.5854,125.7052,Philippines,81068,,,,,
Panzos,15.4,-89.6667,Guatemala,81063,,,,,
Salina Cruz,16.1833,-95.2083,Mexico,81063,,,,,
Tecate,32.5722,-116.6403,Mexico,81059,,,,,
Jackson,42.2431,-84.4038,United States,81058,,,,,
Balrāmpur,27.43,82.18,India,81054,,,,,
Baalbek,34.0063,36.2073,Lebanon,81052,,,,,
Hengelo,52.2656,6.7931,Netherlands,81049,,,,,
Lehi,40.4136,-111.8725,United States,81039,,,,,
Kashiwazaki,37.3719,138.559,Japan,81027,,,,,
Tallaght,53.2878,-6.3411,Ireland,81022,,,,,
Khamānon Kalān,30.82,76.35,India,80991,,,,,
La Louvière,50.4667,4.1833,Belgium,80986,,,,,
Launceston,-41.4419,147.145,Australia,80943,,,,,
Dera Allahyar,28.4167,68.1667,Pakistan,80908,,,,,
Gonder,12.6075,37.4592,Ethiopia,80886,,,,,
Campo Limpo,-23.2064,-46.7844,Brazil,80847,,,,,
Rueil-Malmaison,48.876,2.181,France,80842,,,,,
Gaoliying Ercun,40.1578,116.4933,China,80840,,,,,
Rafaḩ,31.282,34.2387,Egypt,80823,,,,,
Anderson,40.0891,-85.6892,United States,80820,,,,,
Béziers,43.3476,3.219,France,80815,,,,,
Ahenkro,7.1146,0.3211,Ghana,80813,,,,,
Kharan,28.5833,65.4167,Pakistan,80806,,,,,
Yonezawa,37.9222,140.1168,Japan,80795,,,,,
Orihuela,38.0856,-0.9469,Spain,80784,,,,,
Shiji,23.5045,112.9345,China,80773,,,,,
Gobernador Gálvez,-33.0256,-60.6336,Argentina,80769,,,,,
San Francisco,8.51,125.98,Philippines,80760,,,,,
Leme,-22.1858,-47.39,Brazil,80757,,,,,
Malapatan,5.97,125.28,Philippines,80741,,,,,
Homestead,25.4665,-80.4472,United States,80725,,,,,
Balçova,38.3856,27.0581,Turkey,80721,,,,,
Florence,34.8303,-87.6655,United States,80720,,,,,
Barili,10.12,123.53,Philippines,80715,,,,,
Wujindian,31.9839,112.7703,China,80714,,,,,
Meybod,32.2456,54.0153,Iran,80712,,,,,
Gelendzhik,44.575,38.0725,Russia,80706,,,,,
Guercif,34.2333,-3.3667,Morocco,80703,,,,,
Yanggao,21.3298,109.9177,China,80681,,,,,
Rancho Cordova,38.5737,-121.2527,United States,80656,,,,,
Morgantown,39.6383,-79.9464,United States,80626,,,,,
Bargarh,21.3333,83.6167,India,80625,,,,,
Curvelo,-18.7564,-44.4308,Brazil,80616,,,,,
San Cristóbal Verapaz,15.365,-90.4792,Guatemala,80613,,,,,
Comitancillo,15.0833,-91.7167,Guatemala,80612,,,,,
Boynton Beach,26.5281,-80.0811,United States,80601,,,,,
Seropédica,-22.7439,-43.7078,Brazil,80596,,,,,
Bamberg,49.8914,10.8869,Germany,80580,,,,,
San Ramón,10.2182,-84.5992,Costa Rica,80566,,,,,
Somerville,42.3908,-71.1014,United States,80549,,,,,
Edmonton,51.6154,-0.0708,United Kingdom,80546,,,,,
Samā’il,23.2984,57.9531,Oman,80538,,,,,
Dahegām,23.17,72.82,India,80532,,,,,
North Port,27.0576,-82.1977,United States,80512,,,,,
Lakewood,33.8471,-118.1222,United States,80510,,,,,
Torre del Greco,40.7853,14.3953,Italy,80508,,,,,
Randfontein,-26.1797,27.7042,South Africa,80492,,,,,
Batley,53.7167,-1.6356,United Kingdom,80485,,,,,
Ādīgala,10.4236,42.2333,Ethiopia,80440,,,,,
Santana,-0.035,-51.175,Brazil,80439,,,,,
Nagaoka,34.9269,135.6958,Japan,80423,,,,,
Rājula,21.05,71.43,India,80393,,,,,
Azov,47.1083,39.4181,Russia,80381,,,,,
Butterworth,5.4171,100.4,Malaysia,80378,,,,,
Tala,20.6667,-103.7,Mexico,80365,,,,,
Antehiroka,-18.8492,47.4828,Madagascar,80360,,,,,
Oum el Bouaghi,35.8775,7.1136,Algeria,80359,,,,,
Cabadbaran,9.12,125.53,Philippines,80354,,,,,
Salisbury,38.3756,-75.5865,United States,80352,,,,,
South Jordan,40.557,-111.9784,United States,80331,,,,,
Tagoloan,8.53,124.75,Philippines,80319,,,,,
Kāmāreddipet,18.3205,78.337,India,80315,,,,,
Zuwārah,32.9333,12.0833,Libya,80310,,,,,
Bafut,6.0833,10.1,Cameroon,80305,,,,,
Tākestān,36.0672,49.6958,Iran,80299,,,,,
Arni,12.6677,79.2853,India,80275,,,,,
Echizen,35.9035,136.1687,Japan,80264,,,,,
Maravatío de Ocampo,19.8976,-100.45,Mexico,80258,,,,,
Lívingston,15.83,-88.75,Guatemala,80249,,,,,
Kumbo,6.205,10.685,Cameroon,80212,,,,,
Bolpur,23.67,87.72,India,80210,,,,,
Manresa,41.7294,1.8272,Spain,80201,,,,,
Peruvancha,17.1719,80.5839,India,80199,,,,,
Neumünster,54.0714,9.99,Germany,80185,,,,,
Sint-Niklaas,51.1667,4.1333,Belgium,80167,,,,,
Namsan,42.2275,129.2541,"Korea, North",80146,,,,,
Parma,41.3843,-81.7286,United States,80131,,,,,
Gumlā,23.0444,84.5417,India,80129,,,,,
Simdega,22.62,84.52,India,80129,,,,,
San Andrés Cholula,19.05,-98.3,Mexico,80118,,,,,
Hannō,35.8557,139.3277,Japan,80099,,,,,
Gandía,38.9667,-0.1833,Spain,80095,,,,,
Cachoeira do Sul,-30.0394,-52.8953,Brazil,80070,,,,,
Gamagōri,34.8431,137.2196,Japan,80063,,,,,
Doğubayazıt,39.5472,44.0833,Turkey,80061,,,,,
Manmād,20.251,74.439,India,80058,,,,,
Goiana,-7.5606,-35.0025,Brazil,80055,,,,,
Afşin,38.2464,36.9186,Turkey,80044,,,,,
Koktokay,47.0004,89.4666,China,80000,,,,,
Piro,25.33,84.42,India,80000,,,,,
Sīra,13.745,76.909,India,80000,,,,,
Arsikere,13.3139,76.2369,India,80000,,,,,
Tall ‘Afar,36.3792,42.4497,Iraq,80000,,,,,
Taldyqorghan,45.0167,78.3667,Kazakhstan,80000,,,,,
Nabatîyé,33.3833,35.45,Lebanon,80000,,,,,
Masallātah,32.5822,14.04,Libya,80000,,,,,
Andahuaylas,-13.6575,-73.3833,Peru,80000,,,,,
Kathri,26.4583,68.3192,Pakistan,80000,,,,,
Jamshoro,25.4244,68.2811,Pakistan,80000,,,,,
Khewra,32.65,73.0167,Pakistan,80000,,,,,
Puerto Ayacucho,5.6631,-67.6264,Venezuela,80000,,,,,
Scunthorpe,53.5809,-0.6502,United Kingdom,79977,,,,,
La Rochelle,46.16,-1.15,France,79961,,,,,
Mīt Salsīl,31.1676,31.8012,Egypt,79957,,,,,
Jagannāthaprasād,19.97,84.77,India,79901,,,,,
San Jose,13.8772,121.105,Philippines,79868,,,,,
Drobeta-Turnu Severin,44.6333,22.65,Romania,79865,,,,,
Sokcho,38.2069,128.5919,"Korea, South",79846,,,,,
Paco,14.583,120.983,Philippines,79839,,,,,
Kottagūdem,17.55,80.63,India,79819,,,,,
Idah,7.0978,6.7433,Nigeria,79815,,,,,
Marsala,37.7981,12.4342,Italy,79809,,,,,
Pharr,26.1685,-98.1904,United States,79809,,,,,
State College,40.7909,-77.8567,United States,79803,,,,,
Ban Map Ta Phut,12.7258,101.1722,Thailand,79773,,,,,
Poblacion,6.8,124.63,Philippines,79739,,,,,
Dessau-Rosslau,51.8333,12.2333,Germany,79686,,,,,
Piatra Neamţ,46.9275,26.3708,Romania,79679,,,,,
Ciudad Lerdo,25.55,-103.5167,Mexico,79669,,,,,
Tissamaharama,6.2765,81.2865,Sri Lanka,79618,,,,,
Akiruno,35.7289,139.2941,Japan,79600,,,,,
Polatsk,55.4833,28.8,Belarus,79579,,,,,
Ust’-Ilimsk,58,102.6667,Russia,79570,,,,,
Patikul,6.07,121.1,Philippines,79564,,,,,
Ezpeleta,-34.7517,-58.2344,Argentina,79557,,,,,
Banī Mazār,28.5036,30.8003,Egypt,79553,,,,,
Bugulma,54.5364,52.7975,Russia,79545,,,,,
Vila do Conde,41.35,-8.75,Portugal,79533,,,,,
Krasnyi Luch,48.1333,38.9333,Ukraine,79533,,,,,
Khrustalnyi,48.1333,38.9333,Ukraine,79533,,,,,
Cianorte,-23.6628,-52.605,Brazil,79527,,,,,
Plymouth,45.0225,-93.4617,United States,79526,,,,,
Belo Jardim,-8.3358,-36.4239,Brazil,79507,,,,,
Viana,-20.3893,-40.4948,Brazil,79500,,,,,
Eséka,3.65,10.7667,Cameroon,79500,,,,,
Xai,20.6914,101.9861,Laos,79500,,,,,
Döşemealtı,37.0236,30.6011,Turkey,79495,,,,,
Robles,10.35,123.07,Philippines,79492,,,,,
São Roque,-23.5289,-47.135,Brazil,79484,,,,,
San Martín,-33.0806,-68.4706,Argentina,79476,,,,,
Torres Vedras,39.0833,-9.2667,Portugal,79465,,,,,
Chibemba,15,46,Angola,79462,,,,,
Langarūd,37.1911,50.1556,Iran,79445,,,,,
Senhor do Bonfim,-10.4614,-40.1894,Brazil,79424,,,,,
Medenine,33.3547,10.5053,Tunisia,79406,,,,,
Afgooye,2.1381,45.1212,Somalia,79400,,,,,
Turlock,37.5053,-120.8588,United States,79394,,,,,
Viçosa,-20.7539,-42.8819,Brazil,79388,,,,,
Dudley,52.508,-2.089,United Kingdom,79379,,,,,
San Isidro,14.4685,121.0118,Philippines,79372,,,,,
Iwamizawa,43.2,141.7833,Japan,79361,,,,,
Davis,38.5553,-121.737,United States,79355,,,,,
Perris,33.7898,-117.2233,United States,79349,,,,,
Mangatarem,15.7874,120.2921,Philippines,79323,,,,,
Ban Talat Rangsit,13.9833,100.6167,Thailand,79319,,,,,
Caçador,-26.7753,-51.015,Brazil,79313,,,,,
Phuket,7.8881,98.3975,Thailand,79308,,,,,
Owendo,0.2912,9.5047,Gabon,79300,,,,,
Schiedam,51.9167,4.4,Netherlands,79279,,,,,
Ban Nong Prue,12.9228,100.9375,Thailand,79258,,,,,
Drummondville,45.8833,-72.4833,Canada,79258,,,,,
Viersen,51.2561,6.3972,Germany,79250,,,,,
Natori-shi,38.1715,140.8918,Japan,79250,,,,,
Kawartha Lakes,44.35,-78.75,Canada,79247,,,,,
Lisala,2.1486,21.5136,Congo (Kinshasa),79235,,,,,
Évosmos,40.6689,22.9083,Greece,79221,,,,,
Warzat,30.9167,-6.9167,Morocco,79218,,,,,
Tatvan,38.5022,42.2814,Turkey,79214,,,,,
Ciudad Lázaro Cárdenas,17.9561,-102.1922,Mexico,79200,,,,,
Jaen,15.3392,120.9069,Philippines,79189,,,,,
Jonesboro,35.8212,-90.6791,United States,79187,,,,,
Dobni Para,22.8347,74.2556,India,79185,,,,,
Carmen,7.2,124.78,Philippines,79140,,,,,
Ceará-Mirim,-5.6339,-35.4258,Brazil,79115,,,,,
Tīkamgarh,24.7472,78.85,India,79106,,,,,
Ikom,6.0833,8.6167,Nigeria,79103,,,,,
Tustin,33.7311,-117.8107,United States,79035,,,,,
Būmahen,35.7322,51.8672,Iran,79034,,,,,
Bahārestān,32.4867,51.7808,Iran,79023,,,,,
Arāria,26.15,87.52,India,79021,,,,,
Cuamba,-14.82,36.5486,Mozambique,79013,,,,,
Huaral,-11.5,-77.2,Peru,79011,,,,,
Madīnat as Sādāt,30.4182,30.5747,Egypt,79000,,,,,
Pèrèrè,9.7994,2.9928,Benin,78988,,,,,
Delmenhorst,53.0506,8.6317,Germany,78979,,,,,
Türkoğlu,37.3914,36.8522,Turkey,78976,,,,,
Alfenas,-21.4289,-45.9469,Brazil,78970,,,,,
Sougueur,35.1833,1.5,Algeria,78956,,,,,
Terre Haute,39.466,-87.3751,United States,78940,,,,,
Upland,34.1178,-117.6604,United States,78940,,,,,
Nakatsugawa,35.4876,137.5006,Japan,78930,,,,,
Caraguatatuba,-23.62,-45.4128,Brazil,78921,,,,,
New Westminster,49.2069,-122.9111,Canada,78916,,,,,
Tiko,4.075,9.36,Cameroon,78885,,,,,
Sesto San Giovanni,45.5333,9.2333,Italy,78884,,,,,
Bistriţa,47.1333,24.5,Romania,78877,,,,,
Kouvola,60.8681,26.7042,Finland,78824,,,,,
Georgetown,30.666,-97.6966,United States,78803,,,,,
Subulussalam,2.6422,98.0042,Indonesia,78801,,,,,
Tambacounda,13.7689,-13.6672,Senegal,78800,,,,,
Dome,5.65,-0.2361,Ghana,78785,,,,,
Tierralta,7.9167,-76.1667,Colombia,78770,,,,,
Zarzis,33.5,11.1167,Tunisia,78766,,,,,
Maizuru,35.4667,135.3833,Japan,78730,,,,,
Bury,53.593,-2.298,United Kingdom,78729,,,,,
Eastleigh,50.9667,-1.35,United Kingdom,78716,,,,,
Elbasan,41.1111,20.0806,Albania,78703,,,,,
Pagbilao,13.972,121.687,Philippines,78700,,,,,
Villa Celina,-34.7167,-58.4833,Argentina,78699,,,,,
Ra’s al Khafjī,28.4237,48.5091,Saudi Arabia,78691,,,,,
Alīgūdarz,33.4025,49.6903,Iran,78690,,,,,
Zaandam,52.4333,4.8333,Netherlands,78682,,,,,
Mooka,36.4404,140.0134,Japan,78665,,,,,
Formosa,-15.5369,-47.3339,Brazil,78651,,,,,
Arlit,18.7333,7.3833,Niger,78651,,,,,
Skarżysko-Kamienna,51.1167,20.9167,Poland,78636,,,,,
Dabakala,8.3667,-4.4333,Côte d’Ivoire,78634,,,,,
Moju,-1.8839,-48.7689,Brazil,78629,,,,,
Pau,43.3,-0.37,France,78620,,,,,
Curepipe,-20.3188,57.5263,Mauritius,78618,,,,,
Dongchuan,25.4765,101.2847,China,78611,,,,,
Hengbei,23.8787,115.7309,China,78575,,,,,
Kuvango,-14.4667,16.3,Angola,78543,,,,,
Texarkana,33.45,-94.0847,United States,78541,,,,,
Brixton,51.4575,-0.1175,United Kingdom,78536,,,,,
Kendall,25.6697,-80.3556,United States,78527,,,,,
Taher,36.7719,5.8983,Algeria,78500,,,,,
Gyōda,36.1389,139.4556,Japan,78488,,,,,
Sahuayo de Morelos,20.05,-102.7333,Mexico,78477,,,,,
Ijuí,-28.3878,-53.915,Brazil,78461,,,,,
Aveiro,40.6389,-8.6553,Portugal,78450,,,,,
Bauang,16.53,120.33,Philippines,78449,,,,,
Pasco,46.2506,-119.1305,United States,78446,,,,,
Dinga,32.641,73.7243,Pakistan,78422,,,,,
Estepona,36.4264,-5.1472,Spain,78413,,,,,
Iperu,6.9143,3.6632,Nigeria,78412,,,,,
Varese,45.8167,8.8333,Italy,78409,,,,,
Arkonam,13.0778,79.6667,India,78395,,,,,
Kuznetsk,53.1167,46.6,Russia,78390,,,,,
Champigny-sur-Marne,48.8172,2.5156,France,78367,,,,,
Samadiāla,21.337,71.31,India,78354,,,,,
Bandar-e Emām Khomeynī,30.5491,49.0586,Iran,78353,,,,,
Bandar Emām,30.5058,49.0742,Iran,78353,,,,,
Três Rios,-22.1169,-43.2089,Brazil,78346,,,,,
Kashiba,34.5414,135.6992,Japan,78346,,,,,
Barreiro,38.6631,-9.0725,Portugal,78345,,,,,
Denov,38.2667,67.9,Uzbekistan,78300,,,,,
Pototan,10.95,122.63,Philippines,78298,,,,,
Qorveh,35.1678,47.8008,Iran,78276,,,,,
Queluz,38.7566,-9.2545,Portugal,78273,,,,,
Limay,14.5619,120.5983,Philippines,78272,,,,,
Bamban,15.2742,120.5669,Philippines,78260,,,,,
Manbij,36.5266,37.9563,Syria,78255,,,,,
Yuanshan,24.3733,114.4856,China,78254,,,,,
Pingyi,35.5104,117.62,China,78254,,,,,
Southall,51.5111,-0.3756,United Kingdom,78253,,,,,
Huolu,38.0874,114.3159,China,78250,,,,,
San Pedro Pinula,14.6667,-89.85,Guatemala,78244,,,,,
Rheine,52.2833,7.4333,Germany,78220,,,,,
Péhonko,10.2283,2.0019,Benin,78217,,,,,
Milpitas,37.4336,-121.8921,United States,78216,,,,,
Sankt Gallen,47.4233,9.3772,Switzerland,78213,,,,,
Marburg,50.81,8.7708,Germany,78203,,,,,
Argao,9.88,123.6,Philippines,78187,,,,,
Al Khānkah,30.2104,31.3681,Egypt,78185,,,,,
Joensuu,62.6,29.75,Finland,78175,,,,,
Tanashichō,35.7275,139.5489,Japan,78165,,,,,
Chitembo,-13.5138,16.7541,Angola,78156,,,,,
Chitemo,-13.5167,16.7667,Angola,78156,,,,,
Macabebe,14.9081,120.7156,Philippines,78151,,,,,
Kuacjok,8.3028,27.98,South Sudan,78111,,,,,
Faranah,10.0333,-10.7333,Guinea,78108,,,,,
Carmichael,38.6318,-121.3263,United States,78070,,,,,
Baracoa,20.3444,-74.4956,Cuba,78056,,,,,
Kizugawa,34.7372,135.82,Japan,78035,,,,,
Chino Hills,33.9508,-117.7254,United States,78024,,,,,
Godāwari̇̄,28.91,80.59,Nepal,78018,,,,,
Vsevolozhsk,60.0333,30.6667,Russia,78011,,,,,
Balqash,46.8481,74.995,Kazakhstan,78002,,,,,
Colón,9.365,-79.875,Panama,78000,,,,,
Tanuku,16.7566,81.677,India,77962,,,,,
Narra,9.28,118.42,Philippines,77948,,,,,
Koch Bihār,26.3242,89.451,India,77935,,,,,
Maumere,-8.6222,122.2122,Indonesia,77909,,,,,
Chengbin,19.9969,110.3375,China,77904,,,,,
Honjō,36.2436,139.1904,Japan,77900,,,,,
Pakxé,15.1167,105.7833,Laos,77900,,,,,
Toyomamachi-teraike,38.6918,141.1877,Japan,77897,,,,,
Fray Bartolomé de Las Casas,15.8456,-89.8658,Guatemala,77896,,,,,
Novouralsk,57.25,60.0833,Russia,77894,,,,,
Flower Mound,33.0343,-97.1146,United States,77886,,,,,
Hoofddorp,52.3061,4.6907,Netherlands,77885,,,,,
Flagstaff,35.1872,-111.6194,United States,77868,,,,,
Villa Victoria,19.4333,-100,Mexico,77819,,,,,
Daugavpils,55.8714,26.5161,Latvia,77799,,,,,
Linkou,45.2819,130.2519,China,77754,,,,,
Birkhadem,36.7167,3.05,Algeria,77749,,,,,
Kuniyamuttūr,10.9638,76.9525,India,77748,,,,,
Kortrijk,50.8275,3.2658,Belgium,77741,,,,,
Kambam,9.7375,77.2823,India,77736,,,,,
Bir el Ater,34.7497,8.0578,Algeria,77727,,,,,
Brikama,13.2667,-16.65,"Gambia, The",77700,,,,,
Kineshma,57.4333,42.1333,Russia,77694,,,,,
Beyşehir,37.6764,31.7261,Turkey,77690,,,,,
Ukunda,-4.2929,39.564,Kenya,77686,,,,,
Huebampo,26.7228,-109.4856,Mexico,77682,,,,,
Benalmádena,36.6,-4.5167,Spain,77654,,,,,
Hasselt,50.9304,5.3383,Belgium,77651,,,,,
Bebedouro,-20.9494,-48.4792,Brazil,77627,,,,,
Aksu,36.95,30.85,Turkey,77623,,,,,
Nitra,48.3147,18.0875,Slovakia,77610,,,,,
Lipjan,42.5217,21.1258,Kosovo,77605,,,,,
Alton,38.9037,-90.152,United States,77583,,,,,
Bodhan,18.67,77.9,India,77573,,,,,
Santa Rosa,-27.8708,-54.4814,Brazil,77519,,,,,
Zhongcheng,28.5973,103.9773,China,77514,,,,,
Lüneburg,53.2525,10.4144,Germany,77511,,,,,
Santa Catalina,9.3331,122.8658,Philippines,77501,,,,,
Pleasanton,37.6663,-121.8805,United States,77500,,,,,
Molina de Segura,38.0548,-1.2131,Spain,77493,,,,,
Stellenbosch,-33.9367,18.8614,South Africa,77476,,,,,
Cedar Park,30.5105,-97.8197,United States,77474,,,,,
Çatalca,41.1417,28.4631,Turkey,77468,,,,,
Hermosa,14.83,120.5,Philippines,77443,,,,,
Blagoevgrad,42.0227,23.0975,Bulgaria,77441,,,,,
Perote,19.5619,-97.2419,Mexico,77432,,,,,
Mengla,21.4686,101.5507,China,77425,,,,,
Katano,34.7833,135.6833,Japan,77401,,,,,
Bellflower,33.888,-118.1271,United States,77396,,,,,
San Luis,16.1989,-89.4403,Guatemala,77395,,,,,
São João da Boa Vista,-21.9689,-46.7978,Brazil,77387,,,,,
Tsubame,37.6731,138.8822,Japan,77382,,,,,
Loveland,40.4166,-105.0623,United States,77350,,,,,
Bor,56.35,44.0833,Russia,77320,,,,,
Tirkākara,10.035,76.329,India,77319,,,,,
Quatre Bornes,-20.2654,57.4791,Mauritius,77308,,,,,
Jelenia Góra,50.9033,15.7344,Poland,77305,,,,,
Puli,23.9667,120.9667,Taiwan,77299,,,,,
Caxito,-8.58,13.6642,Angola,77276,,,,,
Latacunga,-0.9319,-78.6161,Ecuador,77267,,,,,
Fnidq,35.85,-5.35,Morocco,77250,,,,,
Ban Tha Khlong,14.0894,100.6236,Thailand,77243,,,,,
Cozumel,20.5104,-86.9493,Mexico,77236,,,,,
Paisley,55.8456,-4.4239,United Kingdom,77220,,,,,
Pattoki,31.0167,73.85,Pakistan,77210,,,,,
Harunabad,29.6097,73.1378,Pakistan,77206,,,,,
Aş Şuwayrah,32.9256,44.7758,Iraq,77200,,,,,
Roosendaal,51.5314,4.4556,Netherlands,77200,,,,,
Bustos,14.95,120.92,Philippines,77199,,,,,
Ukhta,63.5667,53.7,Russia,77187,,,,,
Kabacan,7.12,124.82,Philippines,77164,,,,,
Fukuchiyama,35.3,135.1333,Japan,77150,,,,,
Shūsh,32.1947,48.2475,Iran,77148,,,,,
Mansfield,40.7656,-82.5275,United States,77137,,,,,
Mérignac,44.8386,-0.6436,France,77136,,,,,
Chalándri,38.0167,23.8,Greece,77102,,,,,
Hammond,41.6168,-87.4909,United States,77098,,,,,
Umingan,15.9289,120.8419,Philippines,77074,,,,,
Bethlehem,40.6266,-75.3679,United States,77069,,,,,
Tecamachalco,18.8667,-97.7167,Mexico,77061,,,,,
Guildford,51.2365,-0.5703,United Kingdom,77057,,,,,
Nikkō,36.7198,139.6982,Japan,77027,,,,,
Talakag,8.2319,124.6025,Philippines,77027,,,,,
Nabari,34.6276,136.1084,Japan,77022,,,,,
Balagtas,14.8145,120.9085,Philippines,77018,,,,,
Toyooka,35.55,134.8167,Japan,77005,,,,,
Balkh,36.7581,66.8981,Afghanistan,77000,,,,,
Bongabong,12.7469,121.4881,Philippines,76973,,,,,
Çınar,37.7242,40.415,Turkey,76966,,,,,
Woodbury,44.9057,-92.923,United States,76945,,,,,
Nagua,19.38,-69.85,Dominican Republic,76933,,,,,
Alcalá de Guadaira,37.3333,-5.85,Spain,76922,,,,,
Berbérati,4.2614,15.7894,Central African Republic,76918,,,,,
Santo Ângelo,-28.2989,-54.2628,Brazil,76917,,,,,
Ébolowa,2.9167,11.15,Cameroon,76885,,,,,
Alameda,37.7668,-122.267,United States,76876,,,,,
Valença,-22.2456,-43.7003,Brazil,76869,,,,,
Wyoming,42.8908,-85.7066,United States,76865,,,,,
Mao,19.5667,-71.0833,Dominican Republic,76863,,,,,
Zhlobin,52.9,30.0333,Belarus,76844,,,,,
Dorsten,51.66,6.9642,Germany,76842,,,,,
Baj Baj,22.4737,88.1739,India,76837,,,,,
Chatham,51.37,0.52,United Kingdom,76792,,,,,
Surt,31.205,16.5886,Libya,76788,,,,,
Schaumburg,42.0308,-88.0838,United States,76780,,,,,
El Viejo,12.6667,-87.1667,Nicaragua,76775,,,,,
Usta Muhammad,28.1783,68.0431,Pakistan,76753,,,,,
Yalta,44.4994,34.17,Ukraine,76746,,,,,
Pyapon,16.286,95.6658,Burma,76741,,,,,
Palencia,42.0167,-4.5333,Spain,76738,,,,,
Maricá,-22.9189,-42.8189,Brazil,76737,,,,,
Atambua,-9.1061,124.8925,Indonesia,76732,,,,,
Ilioúpoli,37.9333,23.75,Greece,76730,,,,,
Prince George,53.9169,-122.7494,Canada,76708,,,,,
Mafra,38.9333,-9.3333,Portugal,76685,,,,,
Yenakiieve,48.2167,38.2,Ukraine,76673,,,,,
Nipāni,16.399,74.3829,India,76666,,,,,
Tacámbaro de Codallos,19.2356,-101.4569,Mexico,76661,,,,,
Castle Rock,39.3763,-104.8535,United States,76614,,,,,
Antibes,43.5808,7.1239,France,76612,,,,,
Aira,31.7283,130.6278,Japan,76610,,,,,
Caledon,43.8667,-79.8667,Canada,76581,,,,,
Cotuí,19.06,-70.15,Dominican Republic,76554,,,,,
Evanston,42.0464,-87.6943,United States,76552,,,,,
Tianguá,-3.7322,-40.9917,Brazil,76537,,,,,
Daxincun,38.4428,106.3111,China,76536,,,,,
Dschang,5.45,10.0667,Cameroon,76524,,,,,
Virac,13.58,124.23,Philippines,76520,,,,,
Mahdia,35.5,11.0667,Tunisia,76513,,,,,
Troisdorf,50.8161,7.1556,Germany,76503,,,,,
Trinidad,21.8019,-79.9842,Cuba,76500,,,,,
Fāzilka,30.403,74.025,India,76492,,,,,
Abéché,13.8331,20.8347,Chad,76492,,,,,
Doral,25.8152,-80.3565,United States,76490,,,,,
St. Joseph,39.7598,-94.821,United States,76484,,,,,
Khemis el Khechna,36.65,3.3306,Algeria,76474,,,,,
Funing,39.8879,119.2314,China,76460,,,,,
Armant,25.6167,32.5333,Egypt,76457,,,,,
Al Musayyib,32.7786,44.29,Iraq,76454,,,,,
Paragominas,-2.995,-47.3528,Brazil,76450,,,,,
Shinkai,35.8367,139.5803,Japan,76445,,,,,
Ozërsk,55.75,60.7167,Russia,76434,,,,,
Ibiúna,-23.6564,-47.2225,Brazil,76432,,,,,
Kafr az Zayyāt,30.8248,30.818,Egypt,76413,,,,,
Paysandú,-32.3214,-58.0756,Uruguay,76412,,,,,
Valdosta,30.8502,-83.2788,United States,76393,,,,,
Crateús,-5.1778,-40.6778,Brazil,76390,,,,,
Wausau,44.962,-89.6459,United States,76386,,,,,
Pocatello,42.8724,-112.4647,United States,76370,,,,,
Ninh Hòa,12.4917,109.1258,Vietnam,76368,,,,,
Elizabethtown,37.7031,-85.8773,United States,76363,,,,,
Siedlce,52.165,22.2714,Poland,76357,,,,,
Sasolburg,-26.8142,27.8286,South Africa,76349,,,,,
Melton,-37.6833,144.5833,Australia,76346,,,,,
Pozzuoli,40.8231,14.1222,Italy,76331,,,,,
Shājāpur,23.4264,76.2778,India,76319,,,,,
So-Awa,6.4667,2.4167,Benin,76315,,,,,
Wilhelmshaven,53.5286,8.1056,Germany,76247,,,,,
Palmerston North,-40.3549,175.6095,New Zealand,76236,,,,,
Anniston,33.6712,-85.8135,United States,76228,,,,,
Arlington Heights,42.0955,-87.9826,United States,76220,,,,,
Padre Hurtado,-33.5667,-70.8333,Chile,76219,,,,,
Palo,11.1583,124.9917,Philippines,76213,,,,,
Keshod,21.3,70.25,India,76193,,,,,
East Ham,51.5323,0.0554,United Kingdom,76186,,,,,
Infanta,14.7425,121.6494,Philippines,76186,,,,,
Daisen,39.4531,140.4754,Japan,76164,,,,,
Nahāvand,34.1928,48.3731,Iran,76162,,,,,
Bender,46.8333,29.4833,Moldova,76158,,,,,
Knysna,-34.0356,23.0489,South Africa,76150,,,,,
Weston-super-Mare,51.346,-2.977,United Kingdom,76143,,,,,
Montepuez,-13.1167,39,Mozambique,76139,,,,,
Esteio,-29.8608,-51.1789,Brazil,76137,,,,,
Padre Las Casas,-38.7667,-72.6,Chile,76126,,,,,
Kahror Pakka,29.6236,71.9167,Pakistan,76098,,,,,
Oleksandriia,48.6667,33.1167,Ukraine,76097,,,,,
Lins,-21.6786,-49.7425,Brazil,76092,,,,,
Fancheng,39.1891,113.2729,China,76088,,,,,
Rochester Hills,42.6645,-83.1563,United States,76086,,,,,
San Ramón de la Nueva Orán,-23.1333,-64.3333,Argentina,76070,,,,,
Chintāmani,13.4,78.066,India,76068,,,,,
Ryūgasaki,35.9116,140.1823,Japan,76055,,,,,
Manaoag,16.0439,120.4856,Philippines,76045,,,,,
Southfield,42.4765,-83.2605,United States,76025,,,,,
Banská Bystrica,48.7353,19.1453,Slovakia,76018,,,,,
Saint-Maur-des-Fossés,48.7994,2.4997,France,76010,,,,,
Shkodër,42.0681,19.5119,Albania,76000,,,,,
Merouana,35.6333,5.9167,Algeria,76000,,,,,
Yanam,16.7333,82.2167,India,76000,,,,,
Sakon Nakhon,17.1564,104.1456,Thailand,76000,,,,,
Tailai,46.3909,123.4161,China,75992,,,,,
Toba Tek Singh,30.9711,72.4825,Pakistan,75943,,,,,
Villa Elisa,-25.3734,-57.5841,Paraguay,75933,,,,,
Şırnak,37.52,42.459,Turkey,75932,,,,,
Daytona Beach,29.1995,-81.0982,United States,75924,,,,,
Ciudad Real,38.9833,-3.9167,Spain,75909,,,,,
Rulin,26.3585,110.3117,China,75900,,,,,
Châteauguay,45.38,-73.75,Canada,75891,,,,,
Catacaos,-5.2653,-80.675,Peru,75870,,,,,
Pittsburg,38.0182,-121.8965,United States,75868,,,,,
Kengtung,21.2917,99.6083,Burma,75865,,,,,
Oshkosh,44.0227,-88.5619,United States,75850,,,,,
Espinal,4.2,-74.8333,Colombia,75828,,,,,
Gladbeck,51.5667,6.9667,Germany,75799,,,,,
Pilar,12.9244,123.6756,Philippines,75793,,,,,
Surendranagar,22.7,71.6833,India,75755,,,,,
Paranavaí,-23.0728,-52.465,Brazil,75750,,,,,
Malappuram,11.042,76.0815,India,75740,,,,,
Kargilik,37.885,77.4131,China,75730,,,,,
Keratsíni,37.9667,23.6167,Greece,75721,,,,,
Cadereyta Jiménez,25.6,-100,Mexico,75721,,,,,
Redmond,47.6763,-122.1169,United States,75721,,,,,
Laiyuan,39.3478,114.6808,China,75701,,,,,
Lod,31.95,34.9,Israel,75700,,,,,
Xaignabouli,19.25,101.75,Laos,75700,,,,,
Maghāghah,28.6483,30.8422,Egypt,75657,,,,,
Santa Rosa,15.4239,120.9389,Philippines,75649,,,,,
Sapiranga,-29.6378,-51.0069,Brazil,75648,,,,,
Hoorn,52.65,5.0667,Netherlands,75645,,,,,
Cherry Hill,39.9034,-74.9947,United States,75641,,,,,
San Pedro,-33.6792,-59.6669,Argentina,75616,,,,,
Arjona,10.2586,-75.3461,Colombia,75615,,,,,
Saratoga Springs,43.0674,-73.7775,United States,75599,,,,,
Jocotán,14.8167,-89.3833,Guatemala,75578,,,,,
Aïn Temouchent,35.3,-1.1333,Algeria,75558,,,,,
Garhi,28.6317,77.3186,India,75544,,,,,
Cataguases,-21.3892,-42.6967,Brazil,75540,,,,,
Jablah,35.3621,35.9276,Syria,75505,,,,,
Ramla,31.9275,34.8625,Israel,75500,,,,,
Três Corações,-21.6947,-45.2553,Brazil,75485,,,,,
Apple Valley,34.5352,-117.2109,United States,75478,,,,,
Carlisle,54.8947,-2.9364,United Kingdom,75399,,,,,
Mansfield,32.569,-97.1213,United States,75398,,,,,
Srīvilliputtūr,9.512,77.633,India,75396,,,,,
Kiyose,35.7857,139.5265,Japan,75389,,,,,
Xinglong,40.4146,117.493,China,75381,,,,,
Bhadarwāh,32.98,75.7137,India,75376,,,,,
Rānāghāt,23.18,88.58,India,75365,,,,,
Avilés,43.5561,-5.9083,Spain,75351,,,,,
Cheria,35.2667,7.75,Algeria,75344,,,,,
Ajaccio,41.9267,8.7369,France,75343,,,,,
South Shields,54.995,-1.43,United Kingdom,75337,,,,,
Kai,35.6608,138.5158,Japan,75337,,,,,
Bonāb,37.3383,46.0539,Iran,75332,,,,,
Villa Carlos Paz,-31.4,-64.5167,Argentina,75315,,,,,
Ekpé,6.4,2.5333,Benin,75313,,,,,
Pawtucket,41.8744,-71.3743,United States,75280,,,,,
Landshut,48.5397,12.1508,Germany,75272,,,,,
Ardakān,32.3094,54.0186,Iran,75271,,,,,
Acacías,3.9878,-73.7597,Colombia,75252,,,,,
Frontera,26.926,-101.449,Mexico,75242,,,,,
Itapira,-22.4361,-46.8217,Brazil,75234,,,,,
Missouri City,29.563,-95.5365,United States,75234,,,,,
Nek’emtē,9.0833,36.55,Ethiopia,75219,,,,,
Paracatu,-17.2217,-46.875,Brazil,75216,,,,,
Moussoro,13.6431,16.4919,Chad,75210,,,,,
Erbaa,40.6744,36.5681,Turkey,75210,,,,,
Tissemsilt,35.6078,1.8111,Algeria,75197,,,,,
Sehwan,26.4193,67.8594,Pakistan,75167,,,,,
Lagoa Santa,-19.6357,-43.8966,Brazil,75145,,,,,
Dongguan,39.0173,111.1267,China,75135,,,,,
Dhrāngadhra,22.98,71.47,India,75133,,,,,
Kunitachi,35.6839,139.4414,Japan,75133,,,,,
Dayr al Balaḩ,31.4178,34.3503,Gaza Strip,75132,,,,,
Pinamungahan,10.27,123.58,Philippines,75131,,,,,
East Kilbride,55.7644,-4.1769,United Kingdom,75120,,,,,
Teyateyaneng,-29.1511,27.7425,Lesotho,75115,,,,,
Broomfield,39.9542,-105.0526,United States,75110,,,,,
Zacatecoluca,13.5,-88.8667,El Salvador,75100,,,,,
Kpalimé,6.9,0.6333,Togo,75084,,,,,
Newcastle under Lyme,53.0109,-2.2278,United Kingdom,75082,,,,,
Mawatagama,7.4322,80.4479,Sri Lanka,75081,,,,,
Burton upon Trent,52.8019,-1.6367,United Kingdom,75074,,,,,
Libon,13.3,123.4333,Philippines,75073,,,,,
Belleville,44.1667,-77.3833,Canada,75052,,,,,
Telêmaco Borba,-24.3239,-50.6158,Brazil,75042,,,,,
Sidi Qacem,34.2167,-5.7,Morocco,75037,,,,,
Gangammapeta,18.498,83.9642,India,75017,,,,,
Puqiancun,23.5797,114.62,China,75006,,,,,
Khejroli,27.37,75.57,India,75000,,,,,
Afak,32.0889,45.2506,Iraq,75000,,,,,
Wisil,5.4281,48.1201,Somalia,75000,,,,,
Feriana,34.95,8.5667,Tunisia,75000,,,,,
Warabi,35.8256,139.6797,Japan,74996,,,,,
Bugallon,15.92,120.18,Philippines,74962,,,,,
Tocumen,9.0894,-79.3831,Panama,74952,,,,,
Chaykovskiy,56.7667,54.15,Russia,74913,,,,,
Panggezhuang,39.6336,116.3178,China,74912,,,,,
Bayreuth,49.9481,11.5783,Germany,74907,,,,,
Jaorā,23.63,75.13,India,74907,,,,,
Kropotkin,45.4333,40.5667,Russia,74893,,,,,
Ārba Minch’,6.0333,37.55,Ethiopia,74879,,,,,
Gönen,40.1014,27.6514,Turkey,74871,,,,,
Fouchana,36.7,10.1667,Tunisia,74868,,,,,
Amakusa,32.4586,130.1931,Japan,74861,,,,,
Tura,25.52,90.22,India,74858,,,,,
Ambājogāi,18.73,76.38,India,74844,,,,,
Palencia,14.6667,-90.3667,Guatemala,74839,,,,,
Detmold,51.9378,8.8833,Germany,74835,,,,,
Upington,-28.45,21.25,South Africa,74834,,,,,
Sinop,-11.8639,-55.5039,Brazil,74831,,,,,
Juchitán de Zaragoza,16.4333,-95.0167,Mexico,74825,,,,,
Paterna,39.5028,-0.4406,Spain,74822,,,,,
Dabra,25.8857,78.3322,India,74807,,,,,
Brick,40.06,-74.1099,United States,74807,,,,,
Ubud,-8.5069,115.2624,Indonesia,74800,,,,,
Sasagawa,37.2865,140.3727,Japan,74778,,,,,
La Paz,-30.75,-59.65,Argentina,74762,,,,,
Usol’ye-Sibirskoye,52.75,103.6333,Russia,74762,,,,,
Darhan,49.4867,105.9228,Mongolia,74738,,,,,
Darhan,49.6167,106.35,Mongolia,74738,,,,,
Urla,38.3222,26.7647,Turkey,74736,,,,,
Pozorrubio,16.12,120.55,Philippines,74729,,,,,
Toffo,6.85,2.0833,Benin,74717,,,,,
Esperanza,6.7167,124.5167,Philippines,74696,,,,,
Tanguiéta,10.6167,1.2667,Benin,74675,,,,,
Tosu,33.3833,130.5,Japan,74673,,,,,
Benidorm,38.5342,-0.1314,Spain,74663,,,,,
Mirpur Mathelo,28.0167,69.5333,Pakistan,74651,,,,,
Cotorro,23.0261,-82.2475,Cuba,74650,,,,,
Janesville,42.6854,-89.0135,United States,74640,,,,,
Dalaguete,9.7612,123.5349,Philippines,74596,,,,,
Piraçununga,-21.9961,-47.4258,Brazil,74587,,,,,
Ouro Prêto,-20.3853,-43.5036,Brazil,74558,,,,,
Stakhanov,48.5681,38.6586,Ukraine,74546,,,,,
Cinisello Balsamo,45.55,9.2167,Italy,74528,,,,,
Dayong,22.4653,113.3004,China,74516,,,,,
Īṭahari̇̄,26.6667,87.2833,Nepal,74501,,,,,
Naro-Fominsk,55.3833,36.7667,Russia,74493,,,,,
Péda-Houéyogbé,6.45,1.9333,Benin,74492,,,,,
Katori,35.6833,140.0333,Japan,74469,,,,,
Kandori,35.6796,139.9062,Japan,74469,,,,,
Novotroitsk,51.2039,58.3114,Russia,74469,,,,,
San Marcos,29.8734,-97.9356,United States,74469,,,,,
Shancheng,34.7904,116.08,China,74459,,,,,
Bilecik,40.1431,29.9792,Turkey,74457,,,,,
San Antonio de Los Altos,10.3744,-66.9669,Venezuela,74422,,,,,
Assab,13.0078,42.7411,Eritrea,74405,,,,,
Gbawe,5.5769,-0.3104,Ghana,74403,,,,,
Skellefteå,64.65,20.85,Sweden,74402,,,,,
Balingasag,8.75,124.78,Philippines,74385,,,,,
Castrop-Rauxel,51.55,7.3167,Germany,74370,,,,,
Wandiwāsh,12.5,79.62,India,74320,,,,,
Ouaké,9.6617,1.3847,Benin,74289,,,,,
Rāmhormoz,31.2753,49.6044,Iran,74285,,,,,
Bongouanou,6.6517,-4.2041,Côte d’Ivoire,74281,,,,,
San Juan Opico,13.8833,-89.35,El Salvador,74280,,,,,
Zlín,49.2331,17.6669,Czechia,74255,,,,,
Miki,34.7936,134.9931,Japan,74255,,,,,
Uspantán,15.3458,-90.8694,Guatemala,74244,,,,,
Silao,20.9478,-101.4281,Mexico,74242,,,,,
San Marcos,13.5833,-89.2167,El Salvador,74221,,,,,
Camarillo,34.223,-119.0321,United States,74210,,,,,
Arnsberg,51.3833,8.0833,Germany,74206,,,,,
Izumiōtsu,34.5,135.4,Japan,74175,,,,,
Canindé,-4.3589,-39.3119,Brazil,74174,,,,,
Eusébio,-3.89,-38.4508,Brazil,74170,,,,,
Mankono,8.0586,-6.1897,Côte d’Ivoire,74165,,,,,
Le Kram,36.8333,10.3167,Tunisia,74132,,,,,
Aprilia,41.5833,12.65,Italy,74126,,,,,
Okegawa,36.0057,139.5427,Japan,74115,,,,,
Meshgīn Shahr,38.3906,47.6742,Iran,74109,,,,,
Al Qā’im,34.3925,40.9895,Iraq,74100,,,,,
Airdrie,51.2917,-114.0144,Canada,74100,,,,,
Balashov,51.5469,43.1733,Russia,74057,,,,,
Jackson,35.6538,-88.8354,United States,74049,,,,,
Cannes,43.5513,7.0128,France,74040,,,,,
Coatepeque,13.9167,-89.5,El Salvador,74038,,,,,
Pennepalli,14.1473,79.8477,India,74037,,,,,
Gūdūr,14.1473,79.8477,India,74037,,,,,
Dubna,56.7364,37.1625,Russia,74032,,,,,
Ayvalık,39.3167,26.6944,Turkey,74030,,,,,
Casoria,40.9,14.3,Italy,74021,,,,,
Pedro Brand,18.5667,-70.0911,Dominican Republic,74016,,,,,
Dothan,31.2336,-85.407,United States,74002,,,,,
Gravesend,51.4415,0.3685,United Kingdom,74000,,,,,
Ra‘ananna,32.1833,34.8667,Israel,74000,,,,,
Brookes Point,8.78,117.83,Philippines,73994,,,,,
Tatebayashi,36.2448,139.5421,Japan,73991,,,,,
Kyōtanabe,34.8144,135.7678,Japan,73985,,,,,
Sherman,33.6273,-96.6221,United States,73984,,,,,
Kahan,29.2982,68.9023,Pakistan,73981,,,,,
Sarai Alamgir,32.9,73.75,Pakistan,73967,,,,,
Singaparna,-7.3497,108.1106,Indonesia,73965,,,,,
Lauderhill,26.1605,-80.2241,United States,73961,,,,,
Le Bardo,36.8092,10.1406,Tunisia,73953,,,,,
Tatsunochō-tominaga,34.8508,134.5453,Japan,73952,,,,,
Majalengka,-6.8353,108.2278,Indonesia,73948,,,,,
Sarnia,42.9994,-82.3089,Canada,73944,,,,,
Pazardzhik,42.1935,24.3328,Bulgaria,73931,,,,,
Harrisonburg,38.4362,-78.8735,United States,73926,,,,,
Tamworth,52.633,-1.695,United Kingdom,73924,,,,,
Vlaardingen,51.9167,4.35,Netherlands,73924,,,,,
Brandenburg,52.4167,12.5333,Germany,73921,,,,,
Samundri,31.0625,72.9542,Pakistan,73911,,,,,
Dumangas,10.83,122.72,Philippines,73899,,,,,
Alicia,16.7787,121.6972,Philippines,73874,,,,,
Dĩ An,10.9039,106.7678,Vietnam,73859,,,,,
Yurihonjō,39.3859,140.0488,Japan,73840,,,,,
Aïn Oulmene,35.9167,5.3,Algeria,73831,,,,,
Cunhinga,-12.2333,16.7833,Angola,73826,,,,,
Bolingbrook,41.6901,-88.1021,United States,73813,,,,,
Hāveri,14.7935,75.4045,India,73805,,,,,
Yelabuga,55.7667,52.0833,Russia,73759,,,,,
Ellicott City,39.2774,-76.8345,United States,73737,,,,,
Verkhnyaya Pyshma,56.9761,60.5944,Russia,73727,,,,,
Drohobych,49.35,23.5,Ukraine,73682,,,,,
Gouda,52.0181,4.7056,Netherlands,73681,,,,,
Tefé,-3.3539,-64.7108,Brazil,73669,,,,,
Tarn Tāran,31.4519,74.9278,India,73638,,,,,
Nandi Hills,0.1037,35.1843,Kenya,73626,,,,,
Birobidzhan,48.8,132.9333,Russia,73623,,,,,
Mangalagiri,16.43,80.55,India,73613,,,,,
João Monlevade,-19.81,-43.1736,Brazil,73610,,,,,
Linares,-35.85,-71.6,Chile,73602,,,,,
Vriddhāchalam,11.5,79.33,India,73585,,,,,
Harrogate,53.9919,-1.5378,United Kingdom,73576,,,,,
Copacabana,6.3333,-75.5,Colombia,73574,,,,,
Cacoal,-11.4386,-61.4472,Brazil,73568,,,,,
Cao Bằng,22.6667,106.2583,Vietnam,73549,,,,,
Târgu Jiu,45.0342,23.2747,Romania,73545,,,,,
Xindian,25.2814,101.5583,China,73530,,,,,
Kallakkurichchi,11.738,78.962,India,73528,,,,,
Bat Khela,34.62,71.97,Pakistan,73525,,,,,
Irecê,-11.3042,-41.8558,Brazil,73524,,,,,
Kasama,36.3452,140.3043,Japan,73521,,,,,
Novoaltaysk,53.3833,83.9333,Russia,73511,,,,,
Kumluca,36.3667,30.2833,Turkey,73496,,,,,
Bandar-e Genāveh,29.5808,50.5172,Iran,73472,,,,,
Tupi,6.33,124.95,Philippines,73459,,,,,
Alexandria,31.2923,-92.4702,United States,73457,,,,,
Battle Creek,42.2985,-85.2296,United States,73448,,,,,
Kāsipālaiyam,11.3156,77.7092,India,73425,,,,,
Lala,7.97,123.75,Philippines,73425,,,,,
Asti,44.9,8.2069,Italy,73421,,,,,
Inuyama,35.3786,136.9445,Japan,73420,,,,,
Pančevo,44.8739,20.6519,Serbia,73401,,,,,
Jose Abad Santos,5.92,125.65,Philippines,73381,,,,,
Ban Plai Bua Phatthana,13.9032,100.3989,Thailand,73369,,,,,
Bagan Si Api-api,2.1667,100.8167,Indonesia,73360,,,,,
Majadahonda,40.4728,-3.8722,Spain,73355,,,,,
Tavşanlı,39.5333,29.4833,Turkey,73306,,,,,
New Britain,41.6759,-72.7862,United States,73301,,,,,
Aguilares,13.95,-89.1833,El Salvador,73300,,,,,
Reconquista,-29.2333,-59.9333,Argentina,73293,,,,,
Sheboygan,43.7403,-87.7316,United States,73268,,,,,
Quillota,-32.8667,-71.25,Chile,73261,,,,,
Fada Ngourma,12.05,0.3667,Burkina Faso,73200,,,,,
Ōtawara,36.8711,140.0156,Japan,73189,,,,,
Pacajus,-4.1725,-38.4606,Brazil,73188,,,,,
Shakargarh,32.2628,75.1583,Pakistan,73160,,,,,
Ragusa,36.925,14.7306,Italy,73159,,,,,
Brunswick,31.1449,-81.4746,United States,73159,,,,,
Ciudadela,-34.6333,-58.5333,Argentina,73155,,,,,
Bula,13.4694,123.2775,Philippines,73143,,,,,
Pattukkottai,10.43,79.32,India,73135,,,,,
Almelo,52.3567,6.6625,Netherlands,73132,,,,,
Gobindgarh,30.6709,76.3019,India,73131,,,,,
Edéa,3.8,10.1333,Cameroon,73128,,,,,
Saint-Nazaire,47.2736,-2.2139,France,73111,,,,,
Brakpan,-26.2353,28.37,South Africa,73080,,,,,
Altoona,40.5082,-78.4007,United States,73070,,,,,
Shibukawa,36.3894,139.0633,Japan,73064,,,,,
Luján de Cuyo,-32.998,-68.873,Argentina,73058,,,,,
Moa,20.6556,-74.9417,Cuba,73053,,,,,
Berdychiv,49.9,28.5667,Ukraine,73046,,,,,
Chaigoubu,37.7868,114.6107,China,73028,,,,,
Santa Rosa de Cabal,4.8667,-75.6167,Colombia,73028,,,,,
Santa Isabel do Pará,-1.2989,-48.1608,Brazil,73019,,,,,
Sharm ash Shaykh,27.8519,34.305,Egypt,73000,,,,,
Lodi,38.1218,-121.2932,United States,72996,,,,,
Redlands,34.0512,-117.1712,United States,72985,,,,,
Naqadeh,36.9547,45.3881,Iran,72975,,,,,
Lappeenranta,61.0667,28.1833,Finland,72959,,,,,
San Vicente del Caguán,2.1167,-74.7667,Colombia,72949,,,,,
Sidi Bibi,30.2333,-9.5333,Morocco,72929,,,,,
Russas,-4.94,-37.9758,Brazil,72928,,,,,
La Dorada,5.4538,-74.6647,Colombia,72925,,,,,
Aschaffenburg,49.9667,9.15,Germany,72918,,,,,
Mackay,-21.1411,149.1858,Australia,72900,,,,,
Khomeyn,33.6422,50.0789,Iran,72882,,,,,
Jōyō,34.8531,135.78,Japan,72869,,,,,
Caguas,18.2319,-66.0388,Puerto Rico,72862,,,,,
Néa Smýrni,37.95,23.7167,Greece,72853,,,,,
Tocoa,15.6576,-86.005,Honduras,72847,,,,,
Jingzhou,37.6911,116.2672,China,72806,,,,,
Caserta,41.0667,14.3333,Italy,72805,,,,,
Dale City,38.6473,-77.3459,United States,72793,,,,,
Chopda,21.25,75.3,India,72783,,,,,
Glen Burnie,39.156,-76.6071,United States,72772,,,,,
Paine,-33.8167,-70.75,Chile,72759,,,,,
Catanauan,13.5917,122.325,Philippines,72752,,,,,
Spijkenisse,51.8333,4.3167,Netherlands,72740,,,,,
Chalchuapa,13.9833,-89.6833,El Salvador,72728,,,,,
Södertälje,59.1978,17.6272,Sweden,72704,,,,,
Amparo,-22.7031,-46.765,Brazil,72677,,,,,
Hương Trà,16.4675,107.5181,Vietnam,72677,,,,,
Yafran,32.0629,12.5267,Libya,72662,,,,,
Carles,11.57,123.13,Philippines,72637,,,,,
Sanwal,27.63,83.65,Nepal,72621,,,,,
Rio do Sul,-27.2139,-49.6428,Brazil,72587,,,,,
Sremska Mitrovica,44.9661,19.6106,Serbia,72580,,,,,
Gaspar,-26.9308,-48.9589,Brazil,72570,,,,,
Mysłowice,50.2333,19.1333,Poland,72553,,,,,
Zhuolu,40.3753,115.215,China,72538,,,,,
Lanxi,46.2664,126.276,China,72528,,,,,
Mount Vernon,40.9136,-73.8291,United States,72528,,,,,
San Dionisio,14.4839,120.9925,Philippines,72522,,,,,
Esmeraldas,-19.7625,-44.3139,Brazil,72512,,,,,
Weligama,5.975,80.4297,Sri Lanka,72511,,,,,
Siruguppa,15.6,77,India,72503,,,,,
Nepālgañj,28.05,81.6167,Nepal,72503,,,,,
Tangalla,6.024,80.7911,Sri Lanka,72500,,,,,
Bacacay,13.2925,123.7917,Philippines,72485,,,,,
Hekinan,34.8847,136.9934,Japan,72480,,,,,
Lakeville,44.6774,-93.252,United States,72480,,,,,
Dover,43.1887,-70.8845,United States,72476,,,,,
Lebanon,40.3412,-76.4228,United States,72475,,,,,
Ede,52.0436,5.6667,Netherlands,72460,,,,,
Sipalay,9.75,122.4,Philippines,72448,,,,,
Dazaifu,33.5128,130.5239,Japan,72430,,,,,
Samborondón,-2.1833,-79.8833,Ecuador,72425,,,,,
Longkoucun,23.5742,116.7303,China,72421,,,,,
Alegrete,-29.7839,-55.7911,Brazil,72409,,,,,
Bocholt,51.8333,6.6167,Germany,72409,,,,,
Keshan,48.0263,125.8659,China,72403,,,,,
Candeias,-12.6678,-38.5508,Brazil,72382,,,,,
Yukuhashi,33.7289,130.9831,Japan,72376,,,,,
Sangāreddi,17.6119,78.0819,India,72344,,,,,
Rocklin,38.8075,-121.2489,United States,72340,,,,,
Zogbodomé,7.0833,2.1,Benin,72338,,,,,
Wood Buffalo,57.6042,-111.3284,Canada,72326,,,,,
Kotelniki,55.6617,37.8672,Russia,72311,,,,,
Dambulla,7.86,80.6517,Sri Lanka,72306,,,,,
Goya,-29.1333,-59.25,Argentina,72304,,,,,
Oroquieta,8.48,123.8,Philippines,72301,,,,,
Virudunagar,9.568,77.9624,India,72296,,,,,
Abancay,-13.6333,-72.8833,Peru,72277,,,,,
Penafiel,41.2,-8.2833,Portugal,72265,,,,,
San Fernando,10.17,123.7,Philippines,72224,,,,,
Radès,36.7667,10.2833,Tunisia,72209,,,,,
Palín,14.4039,-90.6986,Guatemala,72203,,,,,
Tlemcen,34.8828,-1.3167,Algeria,72200,,,,,
Turbaná,10.2833,-75.45,Colombia,72168,,,,,
Yoshikawa,35.8939,139.8414,Japan,72139,,,,,
El Banco,8.9983,-73.9747,Colombia,72131,,,,,
Warora,20.23,79.0008,India,72126,,,,,
Tibati,6.4667,12.6333,Cameroon,72081,,,,,
Sault Ste. Marie,46.5333,-84.35,Canada,72051,,,,,
Camalig,13.13,123.67,Philippines,72042,,,,,
Sakrand,26.1381,68.2731,Pakistan,72040,,,,,
Najrān,17.4917,44.1322,Saudi Arabia,72038,,,,,
Framingham,42.3085,-71.4368,United States,72013,,,,,
Bella Vista,-34.5333,-58.6667,Argentina,72000,,,,,
Bailongqiaocun,29.0767,119.5517,China,72000,,,,,
Colón,22.7225,-80.9067,Cuba,72000,,,,,
Chaklāsi,22.65,72.93,India,72000,,,,,
Nilanga,18.1161,76.7525,India,72000,,,,,
Belo Tsiribihina,-19.7016,44.5465,Madagascar,72000,,,,,
Myaydo,19.3667,95.2167,Burma,72000,,,,,
Haka,22.6455,93.605,Burma,72000,,,,,
Al Līth,20.148,40.2722,Saudi Arabia,72000,,,,,
Sonsonate,13.7167,-89.7167,El Salvador,71980,,,,,
Shostka,51.8667,33.4833,Ukraine,71966,,,,,
Wesley Chapel,28.2106,-82.3238,United States,71965,,,,,
Long Mỹ,9.6814,105.5708,Vietnam,71963,,,,,
Borongan,11.6094,125.4361,Philippines,71961,,,,,
San Andrés,12.5847,-81.7006,Colombia,71946,,,,,
Wenping,27.1931,103.5273,China,71943,,,,,
Gumaca,13.921,122.1002,Philippines,71942,,,,,
Noblesville,40.0355,-86.0042,United States,71940,,,,,
Stara Pazova,44.9833,20.1667,Serbia,71931,,,,,
Araranguá,-28.935,-49.4858,Brazil,71922,,,,,
Esbjerg,55.467,8.45,Denmark,71921,,,,,
Goianira,-16.4958,-49.4258,Brazil,71916,,,,,
La Lima,15.4402,-87.9278,Honduras,71910,,,,,
Chiryū,35.0014,137.0506,Japan,71907,,,,,
Tamarac,26.2056,-80.2539,United States,71887,,,,,
Centreville,38.839,-77.4389,United States,71885,,,,,
Čačak,43.8914,20.3497,Serbia,71883,,,,,
Quilāndi,11.439,75.695,India,71873,,,,,
Carpi,44.7833,10.885,Italy,71869,,,,,
São Tomé,0.3361,6.7306,Sao Tome and Principe,71868,,,,,
Mun’gyŏng,36.5939,128.2014,"Korea, South",71863,,,,,
Ishioka,36.1908,140.2872,Japan,71851,,,,,
Maroúsi,38.05,23.8,Greece,71830,,,,,
Jabuticabal,-21.255,-48.3219,Brazil,71821,,,,,
Castro,-24.7893,-50.0123,Brazil,71809,,,,,
Calauag,13.9575,122.2875,Philippines,71809,,,,,
Bozüyük,39.9078,30.0367,Turkey,71806,,,,,
Cajamar,-23.3561,-46.8769,Brazil,71805,,,,,
São Sebastião do Paraíso,-20.9169,-46.9908,Brazil,71796,,,,,
Kresek,-6.1314,106.38,Indonesia,71795,,,,,
Patzún,14.6833,-91.0167,Guatemala,71790,,,,,
Kabarore,-1.6306,30.3787,Rwanda,71769,,,,,
Sambrial,32.16,74.4,Pakistan,71766,,,,,
Piła,53.15,16.7333,Poland,71735,,,,,
Dondo,-9.6942,14.4228,Angola,71715,,,,,
Shrewsbury,52.708,-2.754,United Kingdom,71715,,,,,
Mazabuka,-15.8467,27.7475,Zambia,71700,,,,,
Mānikganj,23.8614,90.0003,Bangladesh,71698,,,,,
Florida,21.5294,-78.2228,Cuba,71676,,,,,
Poinciana,28.1217,-81.4821,United States,71665,,,,,
Ágios Dimítrios,37.9333,23.7333,Greece,71664,,,,,
Noisy-le-Grand,48.8478,2.5528,France,71632,,,,,
Kayes,-4.1683,13.2933,Congo (Brazzaville),71620,,,,,
Sertolovo,60.15,30.2167,Russia,71614,,,,,
Calarcá,4.5333,-75.65,Colombia,71605,,,,,
Tarīn Kōṯ,32.6267,65.8733,Afghanistan,71604,,,,,
Bakıxanov,40.4217,49.9644,Azerbaijan,71600,,,,,
Kawm Umbū,24.4667,32.95,Egypt,71596,,,,,
Mandlā,22.5978,80.3714,India,71579,,,,,
Palmeira dos Índios,-9.4069,-36.6278,Brazil,71574,,,,,
Ostend,51.2258,2.9194,Belgium,71557,,,,,
Saymayl,36.8582,42.8482,Iraq,71557,,,,,
Fairbanks,64.8353,-147.6533,United States,71555,,,,,
Indaial,-26.8978,-49.2319,Brazil,71549,,,,,
Anzhero-Sudzhensk,56.0833,86.0333,Russia,71547,,,,,
La Estrella,6.1667,-75.6667,Colombia,71545,,,,,
Pililla,14.48,121.3,Philippines,71535,,,,,
Santo Tirso,41.3425,-8.4775,Portugal,71530,,,,,
Gosport,50.79,-1.12,United Kingdom,71529,,,,,
Lake Elsinore,33.6847,-117.3344,United States,71516,,,,,
Kirovo-Chepetsk,58.55,50,Russia,71498,,,,,
Parang,5.92,120.92,Philippines,71495,,,,,
Dias d’Ávila,-12.6128,-38.2969,Brazil,71485,,,,,
Lomas del Mirador,-34.6667,-58.5297,Argentina,71479,,,,,
Nanfengcun,23.746,111.7966,China,71479,,,,,
Salamá,15.1,-90.2667,Guatemala,71478,,,,,
Camden,39.9361,-75.1073,United States,71471,,,,,
Biankouma,7.7333,-7.6167,Côte d’Ivoire,71470,,,,,
Korgas,44.2125,80.4097,China,71466,,,,,
Lisburn,54.512,-6.031,United Kingdom,71465,,,,,
Lüdenscheid,51.2167,7.6333,Germany,71463,,,,,
Rāyadrug,14.6997,76.8524,India,71445,,,,,
Mamoudzou,-12.7806,45.2278,Mayotte,71437,,,,,
Halmstad,56.6718,12.8556,Sweden,71422,,,,,
Rogers,36.317,-94.1531,United States,71411,,,,,
Binalbagan,10.2,122.87,Philippines,71407,,,,,
Shahrixon,40.7167,72.05,Uzbekistan,71400,,,,,
Bilāra,26.1792,73.7056,India,71396,,,,,
Villa Tunari,-16.9747,-65.4203,Bolivia,71386,,,,,
Huanchaco,-7.7,-79.4333,Peru,71379,,,,,
Campo Formoso,-10.5089,-40.3208,Brazil,71377,,,,,
Sagunto,39.68,-0.2783,Spain,71377,,,,,
Goa,13.6983,123.4889,Philippines,71368,,,,,
Érd,47.3833,18.9167,Hungary,71338,,,,,
Drancy,48.93,2.45,France,71312,,,,,
Vyborg,60.7167,28.7667,Russia,71279,,,,,
Talibon,10.12,124.28,Philippines,71272,,,,,
Las Piedras,-34.7167,-56.2167,Uruguay,71268,,,,,
Ganthier,18.5316,-72.0633,Haiti,71261,,,,,
Blaine,45.1696,-93.2077,United States,71261,,,,,
Jinsha,23.5286,116.615,China,71240,,,,,
Parappanangādi,11.0497,75.8575,India,71239,,,,,
Konongo,6.6167,-1.2167,Ghana,71238,,,,,
Waingapu,-9.65,120.2667,Indonesia,71218,,,,,
Gela,37.0667,14.25,Italy,71217,,,,,
Placetas,22.3158,-79.6556,Cuba,71208,,,,,
Rāyagada,19.17,83.42,India,71208,,,,,
Melong,5.1211,9.9528,Cameroon,71189,,,,,
Fernandópolis,-20.2839,-50.2458,Brazil,71186,,,,,
Musashimurayama,35.7548,139.3874,Japan,71183,,,,,
Morong,14.5127,121.2385,Philippines,71151,,,,,
San Francisco del Rincón,21.0228,-101.86,Mexico,71139,,,,,
Gibara,21.1072,-76.1367,Cuba,71126,,,,,
Ratangarh,28.0787,74.6219,India,71124,,,,,
Wilmington,39.7415,-75.5416,United States,71124,,,,,
Tāndūr,17.2576,77.5875,India,71108,,,,,
Hala,25.81,68.43,Pakistan,71094,,,,,
Bakhmut,48.5947,38.0008,Ukraine,71094,,,,,
Mārkāpur,15.73,79.26,India,71092,,,,,
Terme,41.2092,36.9739,Turkey,71092,,,,,
Bunbury,-33.3272,115.6369,Australia,71090,,,,,
Sihanoukville,10.6333,103.5,Cambodia,71082,,,,,
Mauban,14.1911,121.7308,Philippines,71081,,,,,
Tejupilco,18.9058,-100.1528,Mexico,71077,,,,,
Goianésia,-15.3175,-49.1175,Brazil,71075,,,,,
Alabang,14.4184,121.0385,Philippines,71075,,,,,
Montecristi,-1.05,-80.6667,Ecuador,71066,,,,,
Nadi,-17.8,177.4167,Fiji,71048,,,,,
St. Charles,38.7954,-90.5157,United States,71048,,,,,
Blacksburg,37.23,-80.4279,United States,71014,,,,,
An Nu‘mānīyah,32.5562,45.4129,Iraq,71000,,,,,
Abū Tīj,27.0442,31.3189,Egypt,70969,,,,,
Juayúa,13.8333,-89.7333,El Salvador,70959,,,,,
Malaut,30.19,74.499,India,70958,,,,,
Samraong,14.25,103.5833,Cambodia,70944,,,,,
Kopargo,9.8375,1.5481,Benin,70938,,,,,
Torremolinos,36.6218,-4.5003,Spain,70933,,,,,
Kodungallūr,10.2338,76.1946,India,70868,,,,,
Corozal,9.3333,-75.25,Colombia,70853,,,,,
Gwadar,25.1264,62.3225,Pakistan,70852,,,,,
Neyyāttinkara,8.4,77.08,India,70850,,,,,
Kumanovo,42.1322,21.7144,North Macedonia,70842,,,,,
Dondo,-19.6167,34.75,Mozambique,70817,,,,,
Ejura,7.3856,-1.3562,Ghana,70807,,,,,
Sesvete,45.8311,16.1164,Croatia,70800,,,,,
Zadar,44.117,15.2355,Croatia,70779,,,,,
Waukesha,43.0087,-88.2464,United States,70779,,,,,
Bāpatla,15.9044,80.4675,India,70777,,,,,
Fatehābād,29.52,75.45,India,70777,,,,,
Kalamasseri,10.052,76.3158,India,70776,,,,,
Casas Adobes,32.3423,-111.0113,United States,70770,,,,,
Tumauini,17.27,121.8,Philippines,70743,,,,,
Ostrów Wielkopolski,51.6494,17.8164,Poland,70725,,,,,
Baldwin Park,34.0829,-117.9722,United States,70720,,,,,
Şirvan,39.9323,48.9203,Azerbaijan,70684,,,,,
Al Qurayyā,34.9563,40.5414,Syria,70680,,,,,
Gardēz,33.6,69.2169,Afghanistan,70641,,,,,
Cremona,45.1333,10.0247,Italy,70637,,,,,
Pavia,45.1853,9.155,Italy,70636,,,,,
Paphos,34.7667,32.4167,Cyprus,70635,,,,,
Rugby,52.37,-1.26,United Kingdom,70627,,,,,
Badvel,14.75,79.05,India,70626,,,,,
Loulé,37.144,-8.0235,Portugal,70622,,,,,
Yinying,37.941,113.5602,China,70614,,,,,
Longzhou,38.4348,114.5465,China,70614,,,,,
Karasu,41.1036,30.6936,Turkey,70600,,,,,
Poblacion,10.25,123.95,Philippines,70595,,,,,
Shujaabad,29.8792,71.3028,Pakistan,70595,,,,,
Stafford,52.807,-2.117,United Kingdom,70592,,,,,
Vālpārai,10.3276,76.9553,India,70589,,,,,
Chingford,51.623,0.009,United Kingdom,70583,,,,,
Cabudare,10.0331,-69.2633,Venezuela,70578,,,,,
Cleveland,35.1817,-84.8707,United States,70578,,,,,
Sankaranayinār Kovil,9.16,77.55,India,70574,,,,,
Xangongo,-16.7467,14.9747,Angola,70568,,,,,
Uxbridge,51.5404,-0.4778,United Kingdom,70560,,,,,
Zenica,44.2017,17.9039,Bosnia and Herzegovina,70553,,,,,
Tenkāsi,8.9564,77.3152,India,70545,,,,,
Dublin,37.7161,-121.8963,United States,70542,,,,,
Ankeny,41.7288,-93.6031,United States,70542,,,,,
Bundaberg,-24.8661,152.3494,Australia,70540,,,,,
Maple Grove,45.1089,-93.4626,United States,70539,,,,,
Sūratgarh,29.3177,73.8989,India,70536,,,,,
Quíbor,9.9311,-69.6247,Venezuela,70536,,,,,
Kaukhāli,22.6333,90.0667,Bangladesh,70515,,,,,
Sig,35.5278,-0.1861,Algeria,70499,,,,,
Baiquan,47.6018,126.0819,China,70472,,,,,
Mindelo,16.886,-24.988,Cabo Verde,70468,,,,,
Bayonne,40.6668,-74.1158,United States,70468,,,,,
Palni,10.45,77.5161,India,70467,,,,,
Mubārakpur,26.09,83.29,India,70463,,,,,
Togoch’alē,9.6014,43.3361,Ethiopia,70450,,,,,
Būr Fu’ād,31.2314,32.3253,Egypt,70417,,,,,
Capanema,-1.1958,-47.1808,Brazil,70394,,,,,
Nelamangala,13.102,77.374,India,70393,,,,,
Pavia,10.775,122.5417,Philippines,70388,,,,,
Bayramaly,37.6167,62.15,Turkmenistan,70376,,,,,
Yawata-shimizui,34.8756,135.7075,Japan,70373,,,,,
Linares,24.8597,-99.5647,Mexico,70368,,,,,
Fulda,50.5508,9.6753,Germany,70366,,,,,
Aliaga,15.5036,120.845,Philippines,70363,,,,,
Dandeli,15.2667,74.6167,India,70342,,,,,
Orani,14.8,120.53,Philippines,70342,,,,,
North Richland Hills,32.8604,-97.218,United States,70338,,,,,
Santa María La Pila,15.6056,-89.8125,Guatemala,70321,,,,,
Minxiong,23.5504,120.4457,Taiwan,70316,,,,,
Huwei,23.72,120.4354,Taiwan,70300,,,,,
Celle,52.6256,10.0825,Germany,70293,,,,,
Bopa,6.5833,1.9833,Benin,70268,,,,,
Brumado,-14.2036,-41.6653,Brazil,70268,,,,,
Chapayevsk,52.9833,49.7167,Russia,70228,,,,,
Tataouine,32.9306,10.45,Tunisia,70224,,,,,
Hujra Shah Muqim,30.7333,73.8167,Pakistan,70204,,,,,
Nāndūra Buzurg,20.8333,76.4597,India,70200,,,,,
Dimbokro,6.6505,-4.71,Côte d’Ivoire,70198,,,,,
Rizal,15.71,121.1047,Philippines,70196,,,,,
Eastvale,33.9617,-117.5803,United States,70179,,,,,
Tinambac,13.8183,123.3244,Philippines,70176,,,,,
Pazarcık,37.4894,37.2967,Turkey,70173,,,,,
San Antonio,14.4656,121.0311,Philippines,70134,,,,,
Kabirwala,30.2,70.43,Pakistan,70123,,,,,
Thaba Nchu,-29.2,26.8333,South Africa,70118,,,,,
Eniwa,42.8833,141.5833,Japan,70102,,,,,
Guzhou,25.9278,108.5186,China,70098,,,,,
Guaynabo,18.3832,-66.1134,Puerto Rico,70087,,,,,
Gaura,25.4961,85.9709,India,70081,,,,,
Pan’an,34.7575,105.1135,China,70072,,,,,
Tsurugashima,35.9345,139.3931,Japan,70067,,,,,
Grajaú,-5.8194,-46.1386,Brazil,70065,,,,,
Cahama,-16.2833,14.3167,Angola,70061,,,,,
Ko Samui,9.5,100,Thailand,70059,,,,,
Kempten,47.7333,10.3167,Germany,70056,,,,,
Lubin,51.3972,16.2056,Poland,70016,,,,,
Glens Falls,43.3109,-73.6458,United States,70005,,,,,
Longview,46.1461,-122.963,United States,70004,,,,,
Luodong,24.6753,121.7711,Taiwan,70002,,,,,
Zhanggu,30.9504,101.9167,China,70000,,,,,
Longtangwan,27.7772,111.7514,China,70000,,,,,
‘Izbat al Burj,31.5084,31.8411,Egypt,70000,,,,,
Satyamangalam,11.5167,77.25,India,70000,,,,,
Madhipura,25.92,86.792,India,70000,,,,,
Bhattu Kolān,29.3872,75.3422,India,70000,,,,,
Kodoli,16.88,74.2,India,70000,,,,,
Az Zubaydīyah,32.7588,45.1773,Iraq,70000,,,,,
Thakhèk,17.4,104.8,Laos,70000,,,,,
Castries,14.0108,-60.9894,Saint Lucia,70000,,,,,
Al ‘Āmirāt,23.5224,58.4987,Oman,70000,,,,,
Talamba,30.5255,72.2398,Pakistan,70000,,,,,
Badhan,10.7142,48.3359,Somalia,70000,,,,,
Phú Quốc,10.2289,103.9669,Vietnam,70000,,,,,
Hosa’ina,7.55,37.85,Ethiopia,69995,,,,,
Mansfield,53.1444,-1.1964,United Kingdom,69987,,,,,
Tulare,36.1995,-119.34,United States,69984,,,,,
Troitsk,54.0833,61.5667,Russia,69983,,,,,
Raha Tiga,-4.8311,122.7239,Indonesia,69980,,,,,
Raha,-4.8311,122.7239,Indonesia,69980,,,,,
San Antonio,-25.4138,-57.5659,Paraguay,69976,,,,,
Nikki,9.9333,3.2083,Benin,69970,,,,,
Avaniyāpuram,9.8818,78.1125,India,69967,,,,,
Entebbe,0.05,32.46,Uganda,69958,,,,,
Imerintsiatosika,-18.9804,47.3285,Madagascar,69953,,,,,
Eskilstuna,59.3674,16.516,Sweden,69948,,,,,
Izmail,45.3517,28.8364,Ukraine,69932,,,,,
Rohri,27.6831,68.9,Pakistan,69920,,,,,
Conway,35.0753,-92.4692,United States,69918,,,,,
Sagaing,21.8822,95.9786,Burma,69917,,,,,
Qingquan,38.7931,101.0887,China,69902,,,,,
Saint John,45.2806,-66.0761,Canada,69895,,,,,
West Des Moines,41.5521,-93.7806,United States,69893,,,,,
Chiang Rai,19.9094,99.8275,Thailand,69888,,,,,
Moquegua,-17.2,-70.9333,Peru,69882,,,,,
Yueshanwan,27.8614,112.2911,China,69880,,,,,
Altamura,40.8167,16.55,Italy,69880,,,,,
Sanlúcar de Barrameda,36.7667,-6.35,Spain,69876,,,,,
Zográfos,37.9783,23.7717,Greece,69874,,,,,
Vushtrri,42.8231,20.9675,Kosovo,69870,,,,,
Encarnación,-27.3472,-55.8739,Paraguay,69868,,,,,
Konin,52.2167,18.2667,Poland,69858,,,,,
Novomoskovsk,48.6333,35.2167,Ukraine,69855,,,,,
Kwamhlanga,-25.432,28.708,South Africa,69853,,,,,
Ratnanagar,27.5833,84.5,Nepal,69851,,,,,
Garzón,2.1819,-75.6578,Colombia,69823,,,,,
Redondo Beach,33.8577,-118.3765,United States,69814,,,,,
San Miguel de Allende,20.9142,-100.7436,Mexico,69811,,,,,
Walnut Creek,37.9024,-122.0399,United States,69790,,,,,
San Juan de los Lagos,21.2458,-102.3308,Mexico,69725,,,,,
Los Reyes de Salgado,19.5833,-102.4667,Mexico,69723,,,,,
Basavakalyān,17.8728,76.9497,India,69717,,,,,
Escada,-8.3592,-35.2236,Brazil,69701,,,,,
Farīdpur,28.2086,79.5381,India,69700,,,,,
Havířov,49.7831,18.4228,Czechia,69694,,,,,
Kiyosu,35.1998,136.8529,Japan,69687,,,,,
Quixadá,-4.9708,-39.015,Brazil,69654,,,,,
Passaic,40.8574,-74.1282,United States,69651,,,,,
Ziguinchor,12.5861,-16.2707,Senegal,69646,,,,,
Minami-Alps,35.6083,138.465,Japan,69642,,,,,
Uwajima,33.2167,132.5667,Japan,69639,,,,,
Roxas,10.3197,119.3408,Philippines,69624,,,,,
Porterville,36.0643,-119.0338,United States,69616,,,,,
Rioverde,21.93,-99.98,Mexico,69613,,,,,
Rittō,35.0167,136,Japan,69598,,,,,
Saint-Louis du Nord,19.934,-72.7214,Haiti,69592,,,,,
Cergy,49.0361,2.0631,France,69578,,,,,
Inowrocław,52.7931,18.2611,Poland,69576,,,,,
Somasso,12.8728,-5.6033,Mali,69561,,,,,
L’Aquila,42.354,13.392,Italy,69558,,,,,
Tivaouane,14.9543,-16.8132,Senegal,69556,,,,,
Tournai,50.6056,3.3881,Belgium,69554,,,,,
Buynaksk,42.8167,47.1167,Russia,69554,,,,,
Maricopa,33.0408,-112.0011,United States,69554,,,,,
Samch’ŏk,37.45,129.165,"Korea, South",69509,,,,,
Rhondda,51.6159,-3.4175,United Kingdom,69506,,,,,
Apatity,67.5667,33.4,Russia,69500,,,,,
Biguaçu,-27.4942,-48.6556,Brazil,69486,,,,,
Thohoyandou,-22.95,30.4833,South Africa,69453,,,,,
Castelldefels,41.286,1.982,Spain,69450,,,,,
Poptún,16.3222,-89.4222,Guatemala,69437,,,,,
Sōja,34.6728,133.7464,Japan,69428,,,,,
Izúcar de Matamoros,18.6,-98.4667,Mexico,69413,,,,,
Tripunittura,9.9439,76.3494,India,69390,,,,,
Toyoake,35.0509,137.0128,Japan,69389,,,,,
Al Qūşīyah,27.4444,30.8167,Egypt,69388,,,,,
Fajardo,18.3331,-65.6589,Puerto Rico,69381,,,,,
Alenquer,-1.9419,-54.7378,Brazil,69377,,,,,
Victoria,15.5781,120.6819,Philippines,69370,,,,,
Aqsū,52.0333,76.9167,Kazakhstan,69354,,,,,
Chisec,15.8125,-90.3217,Guatemala,69325,,,,,
Kirdāsah,30.031,31.1111,Egypt,69317,,,,,
Nowrangapur,19.23,82.55,India,69307,,,,,
Welland,42.9833,-79.2333,Canada,69302,,,,,
Spring Hill,35.7437,-86.9116,United States,69298,,,,,
Bitola,41.0319,21.3347,North Macedonia,69287,,,,,
Planeta Rica,8.4089,-75.5819,Colombia,69285,,,,,
Don Carlos,7.6808,124.9953,Philippines,69273,,,,,
Bafia,4.75,11.2167,Cameroon,69270,,,,,
Cawayan,11.9303,123.7689,Philippines,69265,,,,,
Anan,33.9167,134.6667,Japan,69259,,,,,
Limonade,19.6701,-72.1243,Haiti,69256,,,,,
Limbé,19.706,-72.4034,Haiti,69256,,,,,
Shangchuankou,36.3283,102.8015,China,69252,,,,,
Gaithersburg,39.1346,-77.2131,United States,69225,,,,,
El Paso de Robles,35.6394,-120.656,United States,69218,,,,,
Barra do Garças,-15.89,-52.2569,Brazil,69210,,,,,
Ongjang,37.9371,125.3571,"Korea, North",69195,,,,,
Cuímba,-6.1178,14.6172,Angola,69194,,,,,
Torbeck,18.1634,-73.8095,Haiti,69189,,,,,
East Orange,40.7651,-74.2117,United States,69183,,,,,
Aalen,48.8333,10.1,Germany,69147,,,,,
Fedosiia,45.0342,35.3792,Ukraine,69145,,,,,
Rongcheng,39.0525,115.8603,China,69143,,,,,
Ad Darb,17.7229,42.2526,Saudi Arabia,69134,,,,,
Imola,44.3531,11.7147,Italy,69121,,,,,
Necoclí,8.4167,-76.7833,Colombia,69090,,,,,
Mansehra,34.3339,73.2014,Pakistan,69085,,,,,
Mineral’nyye Vody,44.2167,43.1333,Russia,69082,,,,,
Renk,11.7431,32.8049,South Sudan,69079,,,,,
Kladno,50.1431,14.1053,Czechia,69078,,,,,
Mila,36.4503,6.2644,Algeria,69052,,,,,
Lippstadt,51.6667,8.35,Germany,69047,,,,,
Bhawānipatna,19.91,83.128,India,69045,,,,,
Mocuba,-16.8391,36.9855,Mozambique,69045,,,,,
Dharmasāgaram,17.9933,79.4428,India,69043,,,,,
Vaasa,63.1,21.6167,Finland,69036,,,,,
Granby,45.4,-72.7333,Canada,69025,,,,,
San Pascual,13.8,121.03,Philippines,69009,,,,,
Southampton,40.8997,-72.4931,United States,69002,,,,,
Peruíbe,-24.32,-46.9983,Brazil,69001,,,,,
Kireka,0.3467,32.5,Uganda,69000,,,,,
Kamsar,10.65,-14.6167,Guinea,68999,,,,,
Moriya,35.9514,139.9754,Japan,68992,,,,,
Tanabe,33.7333,135.3833,Japan,68986,,,,,
Mocuba,-16.8496,38.26,Mozambique,68984,,,,,
Mococa,-21.4678,-47.0047,Brazil,68980,,,,,
Piotrków Trybunalski,51.4,19.6833,Poland,68978,,,,,
Varisshiyakuni,11.6325,75.584,India,68970,,,,,
Huishi,35.6918,105.0531,China,68958,,,,,
Yitiaoshan,37.1889,104.0571,China,68952,,,,,
La Paz,15.4431,120.7289,Philippines,68952,,,,,
Bagumbayan,6.5339,124.5633,Philippines,68947,,,,,
Liuhe,42.2669,125.7404,China,68938,,,,,
Pālghar,19.6969,72.7654,India,68931,,,,,
Sumter,33.9392,-80.393,United States,68914,,,,,
La Chorrera,8.8792,-79.7822,Panama,68896,,,,,
Buenavista,8.97,125.41,Philippines,68892,,,,,
San José del Guaviare,2.5667,-72.6333,Colombia,68878,,,,,
Queenstown,-31.9,26.8833,South Africa,68872,,,,,
Yunnanyi,25.4245,100.689,China,68858,,,,,
Villanueva y Geltrú,41.2242,1.7256,Spain,68854,,,,,
Grand Forks,47.9214,-97.0884,United States,68853,,,,,
Aparri,18.3575,121.6372,Philippines,68839,,,,,
Assen,52.9953,6.5606,Netherlands,68836,,,,,
Ixtaczoquitlán,18.85,-97.0667,Mexico,68823,,,,,
Ponta Delgada,37.74,-25.67,Portugal,68809,,,,,
Purísima de Bustos,21.0333,-101.8667,Mexico,68795,,,,,
Jacona de Plancarte,19.9333,-102.3167,Mexico,68781,,,,,
Pakribarawān,24.9516,85.7347,India,68780,,,,,
Al Aḩmadī,29.0769,48.0838,Kuwait,68763,,,,,
Suwałki,54.0989,22.9286,Poland,68752,,,,,
Say’ūn,15.943,48.7873,Yemen,68747,,,,,
Yuriria,20.2,-101.15,Mexico,68741,,,,,
Bristol,36.5572,-82.2154,United States,68737,,,,,
Todupulai,9.9,76.7192,India,68722,,,,,
Mineral de la Reforma,20.15,-98.4333,Mexico,68704,,,,,
Indang,14.2,120.88,Philippines,68699,,,,,
Sabae,35.9565,136.1843,Japan,68666,,,,,
Alamada,7.3868,124.5534,Philippines,68659,,,,,
Isnā,25.2933,32.5564,Egypt,68656,,,,,
Požarevac,44.62,21.1897,Serbia,68648,,,,,
Kāyankulam,9.172,76.501,India,68634,,,,,
Velsen-Zuid,52.4667,4.6167,Netherlands,68617,,,,,
Michigan City,41.7092,-86.869,United States,68617,,,,,
Gary,41.5905,-87.3473,United States,68604,,,,,
Minusinsk,53.7,91.6833,Russia,68603,,,,,
Solok,-0.7997,100.6661,Indonesia,68602,,,,,
Jarabacoa,19.1167,-70.6333,Dominican Republic,68585,,,,,
Parādīp Garh,20.316,86.61,India,68585,,,,,
Quartu Sant’Elena,39.2413,9.1839,Italy,68585,,,,,
Valle Hermoso,25.6736,-97.8144,Mexico,68573,,,,,
Dubuque,42.5002,-90.707,United States,68567,,,,,
Bouira,36.38,3.9014,Algeria,68545,,,,,
San Leonardo,15.3611,120.9622,Philippines,68536,,,,,
Ilkal,15.9592,76.1135,India,68534,,,,,
Schenectady,42.8025,-73.9275,United States,68521,,,,,
Zapotlanejo,20.6228,-103.0689,Mexico,68519,,,,,
Doboj,44.7333,18.1333,Bosnia and Herzegovina,68514,,,,,
Víctor Larco Herrera,-8.1333,-79.05,Peru,68506,,,,,
Nihtaur,29.33,78.38,India,68500,,,,,
E’erguna,50.243,120.181,China,68482,,,,,
Ubon Ratchathani,15.2281,104.8594,Thailand,68477,,,,,
Mamungan,8.12,124.22,Philippines,68465,,,,,
Casper,42.842,-106.3208,United States,68438,,,,,
Levallois-Perret,48.895,2.2872,France,68412,,,,,
Sanza Pombo,-7.3333,16,Angola,68391,,,,,
Tangub,8.0667,123.75,Philippines,68389,,,,,
Anjangaon,21.15,77.28,India,68380,,,,,
Franklin,40.4759,-74.5515,United States,68367,,,,,
Şəki,41.1919,47.1706,Azerbaijan,68360,,,,,
Bardi̇̄bās,26.9917,85.8917,Nepal,68353,,,,,
Tuymazy,54.6,53.7,Russia,68349,,,,,
Puerto San José,13.9333,-90.8167,Guatemala,68331,,,,,
Ash Shiḩr,14.7608,49.6069,Yemen,68313,,,,,
Oriximiná,-1.7658,-55.8658,Brazil,68294,,,,,
Hämeenlinna,60.9944,24.4667,Finland,68288,,,,,
Adrar,27.8667,-0.2833,Algeria,68276,,,,,
Hanford,36.3274,-119.6549,United States,68276,,,,,
Lodja,-3.5242,23.5964,Congo (Kinshasa),68244,,,,,
Matara,5.95,80.5333,Sri Lanka,68244,,,,,
St. Albert,53.6303,-113.6258,Canada,68232,,,,,
Otukpo,7.1904,8.13,Nigeria,68220,,,,,
Swedru,5.5371,-0.6998,Ghana,68216,,,,,
Nghĩa Lộ,21.5758,104.5192,Vietnam,68206,,,,,
Tynemouth,55.017,-1.423,United Kingdom,68202,,,,,
Shawnee,39.0158,-94.8076,United States,68175,,,,,
Sipocot,13.7675,122.9783,Philippines,68169,,,,,
Tuburan,10.73,123.83,Philippines,68167,,,,,
South Hill,47.1198,-122.2853,United States,68161,,,,,
Eagan,44.817,-93.1638,United States,68158,,,,,
Union City,37.6032,-122.0181,United States,68141,,,,,
Miagao,10.6442,122.2352,Philippines,68115,,,,,
Xá Muteba,-9.5167,17.8167,Angola,68114,,,,,
Cuyapo,15.7778,120.6608,Philippines,68066,,,,,
Mbaké,14.7903,-15.9078,Senegal,68054,,,,,
Pinheiro,-2.5208,-45.0828,Brazil,68030,,,,,
Fort McMurray,56.7333,-111.3833,Canada,68002,,,,,
Lindong,43.9681,119.3756,China,68000,,,,,
Renukūt,24.2,83.03,India,68000,,,,,
Ixtlahuacán de los Membrillos,20.35,-103.1833,Mexico,67969,,,,,
Putrajaya,2.914,101.7019,Malaysia,67964,,,,,
Al Buraymī,24.2558,55.8025,Oman,67963,,,,,
Weston,26.1006,-80.4054,United States,67952,,,,,
Dinslaken,51.5667,6.7333,Germany,67949,,,,,
San Pedro Ayampuc,14.7833,-90.45,Guatemala,67946,,,,,
La Barca,20.2833,-102.5667,Mexico,67937,,,,,
Kankakee,41.102,-87.8643,United States,67925,,,,,
Yanghe,38.2727,106.2496,China,67901,,,,,
Castillejos,14.93,120.2,Philippines,67889,,,,,
Antalaha,-14.8833,50.2833,Madagascar,67888,,,,,
Leander,30.5728,-97.8618,United States,67880,,,,,
Hammond,30.5061,-90.4563,United States,67874,,,,,
Ōdate,40.2714,140.5642,Japan,67865,,,,,
Siuri,23.91,87.527,India,67864,,,,,
Bodītī,6.8667,37.8667,Ethiopia,67861,,,,,
Januária,-15.4886,-44.36,Brazil,67852,,,,,
Chengjiao Chengguanzhen,34.4362,104.0306,China,67826,,,,,
Conceição do Coité,-11.5639,-39.2828,Brazil,67825,,,,,
Formiga,-20.4644,-45.4264,Brazil,67822,,,,,
Ksar el Boukhari,35.8856,2.7508,Algeria,67813,,,,,
Kamuli,0.945,33.125,Uganda,67800,,,,,
Xo‘jayli Shahri,42.4,59.45,Uzbekistan,67800,,,,,
Rājsamand,25.07,73.88,India,67798,,,,,
Longshan,26.4519,106.9718,China,67790,,,,,
Bishnupur,23.075,87.317,India,67783,,,,,
Corvallis,44.5698,-123.2779,United States,67769,,,,,
Cannock,52.691,-2.027,United Kingdom,67768,,,,,
Apex,35.7237,-78.8743,United States,67765,,,,,
Kashiwara,34.5833,135.6333,Japan,67757,,,,,
Pesqueira,-8.3578,-36.6964,Brazil,67735,,,,,
Tepotzotlán,19.7161,-99.2236,Mexico,67724,,,,,
Bayombong,16.48,121.15,Philippines,67714,,,,,
Sant’Eufemia Lamezia,38.9198,16.2522,Italy,67713,,,,,
Shashijie,28.3458,113.424,China,67700,,,,,
Apac,1.985,32.535,Uganda,67700,,,,,
Issy-les-Moulineaux,48.8239,2.27,France,67695,,,,,
Pongnam,37.22,126.9494,"Korea, South",67694,,,,,
Çumra,37.575,32.7747,Turkey,67690,,,,,
İslahiye,37.025,36.6345,Turkey,67650,,,,,
Modāsa,23.47,73.3,India,67648,,,,,
Santa Barbara,10.8231,122.5344,Philippines,67630,,,,,
Banepā,27.6333,85.5167,Nepal,67629,,,,,
Kerpen,50.8719,6.6961,Germany,67627,,,,,
Ishim,56.1167,69.5,Russia,67614,,,,,
Santa Catarina Otzolotepec,18.5667,-97.25,Mexico,67611,,,,,
Heroica Caborca,30.7167,-112.15,Mexico,67604,,,,,
M’diq,35.6858,-5.3253,Morocco,67599,,,,,
Molepolole,-24.4066,25.4951,Botswana,67598,,,,,
Walsall,52.58,-1.98,United Kingdom,67594,,,,,
Calais,50.9481,1.8564,France,67585,,,,,
Manaure,11.7792,-72.4494,Colombia,67584,,,,,
Kovel,51.2167,24.7167,Ukraine,67575,,,,,
Bāprola,28.6408,77.0104,India,67555,,,,,
Vorkuta,67.5,64.0333,Russia,67547,,,,,
Abnūb,27.2667,31.15,Egypt,67526,,,,,
Zigon,18.3385,95.623,Burma,67523,,,,,
Gauravaram,17.1,80.6,India,67521,,,,,
Bergen op Zoom,51.5,4.3,Netherlands,67514,,,,,
Tejen,37.3833,60.5,Turkmenistan,67488,,,,,
Areguá,-25.3125,-57.3847,Paraguay,67487,,,,,
Ayolas,-27.3842,-56.8395,Paraguay,67487,,,,,
Sausar,21.65,78.78,India,67459,,,,,
Yuquan,40.4203,114.0864,China,67449,,,,,
Babati,-4.2167,35.75,Tanzania,67445,,,,,
Taman Senai,1.6006,103.6419,Malaysia,67440,,,,,
Omīdīyeh,30.7583,49.705,Iran,67427,,,,,
Huajing,31.1194,121.4519,China,67415,,,,,
Dhenkānāl,20.67,85.6,India,67414,,,,,
Zihuatanejo,17.6444,-101.5511,Mexico,67408,,,,,
Yorba Linda,33.889,-117.7714,United States,67407,,,,,
Bethesda,38.9866,-77.1188,United States,67403,,,,,
Chicacao,14.5333,-91.3167,Guatemala,67399,,,,,
Fuefuki,35.6473,138.6397,Japan,67396,,,,,
Old Bridge,40.4004,-74.3126,United States,67392,,,,,
Urun-Islāmpur,17.05,74.267,India,67391,,,,,
Haverhill,42.7838,-71.0871,United States,67387,,,,,
Rolândia,-23.3097,-51.3692,Brazil,67383,,,,,
Colmar,48.0817,7.3556,France,67360,,,,,
Kostiantynivka,48.5333,37.7167,Ukraine,67350,,,,,
Viladecáns,41.3158,2.0197,Spain,67348,,,,,
Stargard Szczeciński,53.3333,15.0333,Poland,67348,,,,,
Gopālganj,26.47,84.43,India,67339,,,,,
Itapema,-27.0903,-48.6114,Brazil,67338,,,,,
Ankazoabokely,-21.5031,45.2112,Madagascar,67337,,,,,
Bongaigaon,26.4769,90.5583,India,67322,,,,,
Capelle aan den IJssel,51.9357,4.5782,Netherlands,67319,,,,,
Cuilco,15.4,-91.9667,Guatemala,67297,,,,,
Tôlan̈aro,-25.0325,46.9833,Madagascar,67284,,,,,
Lala Musa,32.7003,73.9578,Pakistan,67283,,,,,
Rüsselsheim,50,8.4333,Germany,67277,,,,,
Āsela,7.95,39.1167,Ethiopia,67269,,,,,
Herford,52.1333,8.6833,Germany,67265,,,,,
Sousa,-6.7608,-38.2308,Brazil,67259,,,,,
Shiojiri,36.115,137.9534,Japan,67240,,,,,
Palo Alto,37.3905,-122.1468,United States,67231,,,,,
La Plata,2.39,-75.9075,Colombia,67220,,,,,
Rockville,39.0834,-77.1553,United States,67218,,,,,
Tabatinga,-4.2312,-69.9386,Brazil,67182,,,,,
Bay,14.18,121.28,Philippines,67182,,,,,
Wanggezhuang,39.6706,116.4382,China,67158,,,,,
Washington,54.9,-1.52,United Kingdom,67158,,,,,
Lushar,36.4842,101.5633,China,67153,,,,,
Zrenjanin,45.3833,20.3894,Serbia,67129,,,,,
Spring,30.0613,-95.383,United States,67103,,,,,
Dolores Hidalgo Cuna de la Independencia Nacional,21.1516,-100.9369,Mexico,67101,,,,,
Coari,-4.085,-63.1408,Brazil,67096,,,,,
Chiyoda-ku,35.694,139.7536,Japan,67036,,,,,
Pikit,7.05,124.67,Philippines,67024,,,,,
Dhārāpuram,10.7314,77.5189,India,67007,,,,,
Guruvāyūr,10.5946,76.0369,India,67006,,,,,
Kashima,35.9656,140.6448,Japan,67001,,,,,
Cedeño,7.6492,-66.1759,Venezuela,67000,,,,,
Aravattūr,10.6649,79.4507,India,66999,,,,,
Jagoniguda,17.32,78.52,India,66982,,,,,
Mīrpeta,17.32,78.52,India,66982,,,,,
Lupon,6.8969,126.0117,Philippines,66979,,,,,
Phalodi,27.131,72.364,India,66978,,,,,
Embu-Guaçu,-23.8322,-46.8114,Brazil,66970,,,,,
Târgovişte,44.9244,25.4572,Romania,66965,,,,,
Veliko Tarnovo,43.0787,25.6283,Bulgaria,66943,,,,,
Delray Beach,26.455,-80.0905,United States,66940,,,,,
Nueva Guinea,11.6833,-84.45,Nicaragua,66936,,,,,
Acilia,41.7833,12.3667,Italy,66932,,,,,
Veenendaal,52.025,5.555,Netherlands,66912,,,,,
Kati,12.7504,-8.08,Mali,66895,,,,,
Güines,22.8475,-82.0236,Cuba,66892,,,,,
Beypore,11.18,75.81,India,66883,,,,,
Pessac,44.8067,-0.6311,France,66874,,,,,
El Seibo,18.77,-69.04,Dominican Republic,66867,,,,,
Ubatuba,-23.4339,-45.0708,Brazil,66861,,,,,
Middletown,40.3892,-74.082,United States,66849,,,,,
Grays,51.475,0.33,United Kingdom,66843,,,,,
Watsonville,36.9206,-121.7708,United States,66842,,,,,
Develi,38.3886,35.4925,Turkey,66840,,,,,
Bongabon,15.6321,121.1448,Philippines,66839,,,,,
Kissidougou,9.1905,-10.12,Guinea,66815,,,,,
Cosmópolis,-22.6458,-47.1961,Brazil,66807,,,,,
Janaúba,-15.8025,-43.3089,Brazil,66803,,,,,
Āksum,14.1208,38.7278,Ethiopia,66800,,,,,
Janiuay,10.95,122.5,Philippines,66786,,,,,
Calimera,40.25,18.2833,Italy,66777,,,,,
San Mateo Atenco,19.2667,-99.5333,Mexico,66740,,,,,
Botolan,15.2896,120.0245,Philippines,66739,,,,,
Siddipet,18.1019,78.8519,India,66737,,,,,
Ilidža,43.8331,18.3039,Bosnia and Herzegovina,66730,,,,,
Rosales,15.8944,120.6328,Philippines,66711,,,,,
Mount Vernon,48.4203,-122.3115,United States,66704,,,,,
Hihyā,30.6687,31.5904,Egypt,66702,,,,,
Vénissieux,45.6978,4.8867,France,66701,,,,,
Hīt,33.6417,42.825,Iraq,66700,,,,,
Collado-Villalba,40.6333,-4.0083,Spain,66698,,,,,
Kraljevo,43.7234,20.687,Serbia,66688,,,,,
Bolgatanga,10.7904,-0.85,Ghana,66685,,,,,
Liepāja,56.5083,21.0111,Latvia,66680,,,,,
Karimama,12.0667,3.1833,Benin,66675,,,,,
Karlskrona,56.1611,15.5881,Sweden,66675,,,,,
La Carlota,10.42,122.92,Philippines,66664,,,,,
San Mateo,16.88,121.58,Philippines,66663,,,,,
Focşani,45.7,27.1797,Romania,66648,,,,,
Nālūt,31.8685,10.9812,Libya,66609,,,,,
Katwijk,52.2,4.4167,Netherlands,66607,,,,,
Jidd Ḩafş,26.219,50.538,Bahrain,66588,,,,,
Walton upon Thames,51.3868,-0.4133,United Kingdom,66566,,,,,
Ramos Arizpe,25.55,-100.9667,Mexico,66554,,,,,
Palatine,42.118,-88.043,United States,66548,,,,,
Aflao,6.1468,1.1799,Ghana,66546,,,,,
Karakax,37.2714,79.7267,China,66541,,,,,
Novi Pazar,43.15,20.5167,Serbia,66527,,,,,
Lytkarino,55.5833,37.9,Russia,66526,,,,,
Victoria,28.8287,-96.9849,United States,66523,,,,,
Cabedelo,-6.9808,-34.8339,Brazil,66519,,,,,
Koratla,18.8215,78.7119,India,66504,,,,,
Saiki,32.9597,131.9,Japan,66497,,,,,
Weiyuan,36.8413,101.9557,China,66490,,,,,
Damba,-6.8833,15.0167,Angola,66472,,,,,
Chignahuapan,19.8333,-98.0333,Mexico,66464,,,,,
Yachimata,35.6667,140.3167,Japan,66430,,,,,
Skokie,42.036,-87.74,United States,66427,,,,,
Szolnok,47.1747,20.1764,Hungary,66426,,,,,
Zacapa,14.9667,-89.5333,Guatemala,66423,,,,,
Morristown,36.2043,-83.3001,United States,66407,,,,,
Guangping,36.4778,114.9333,China,66384,,,,,
Sammamish,47.6017,-122.0416,United States,66375,,,,,
Union City,40.7675,-74.0323,United States,66375,,,,,
Queen Creek,33.2454,-111.6173,United States,66369,,,,,
Alpharetta,34.0704,-84.2738,United States,66355,,,,,
Gudermes,43.35,46.1,Russia,66352,,,,,
Opol,8.52,124.57,Philippines,66327,,,,,
Hashima,35.3199,136.7033,Japan,66312,,,,,
Lima,40.741,-84.112,United States,66286,,,,,
Växjö,56.8837,14.8167,Sweden,66275,,,,,
Huquan,39.7603,114.2834,China,66271,,,,,
Seinäjoki,62.7917,22.8417,Finland,66271,,,,,
Zanhuang,37.6656,114.3861,China,66255,,,,,
Neuwied,50.4286,7.4614,Germany,66243,,,,,
Sandefjord,59.1288,10.2197,Norway,66231,,,,,
Novi,42.4786,-83.4893,United States,66224,,,,,
Reghaïa,36.7631,3.3426,Algeria,66215,,,,,
Kampung Tengah,1.4836,101.9561,Indonesia,66211,,,,,
Bengkalis,1.4897,102.0797,Indonesia,66211,,,,,
Virginia,-28.1064,26.8622,South Africa,66208,,,,,
Sahaswān,28.068,78.751,India,66204,,,,,
Marondera,-18.1897,31.5467,Zimbabwe,66203,,,,,
Ocoyoacac,19.2739,-99.4606,Mexico,66190,,,,,
El Prat de Llobregat,41.3333,2.1,Spain,66184,,,,,
Arāmbāgh,22.88,87.78,India,66175,,,,,
Great Falls,47.5022,-111.2996,United States,66175,,,,,
Pidugurālla,16.4793,79.8863,India,66167,,,,,
Massa,44.0333,10.1333,Italy,66160,,,,,
Cazin,44.9667,15.9333,Bosnia and Herzegovina,66149,,,,,
Lençóis Paulista,-22.5986,-48.8003,Brazil,66131,,,,,
Tsuruga,35.6452,136.0555,Japan,66123,,,,,
Ilo,-17.6459,-71.3453,Peru,66118,,,,,
Oberá,-27.4833,-55.1333,Argentina,66112,,,,,
Ames,42.0256,-93.6217,United States,66112,,,,,
Genk,50.9653,5.5006,Belgium,66110,,,,,
Goz-Beida,12.2236,21.4144,Chad,66107,,,,,
Chibok,10.8697,12.8467,Nigeria,66105,,,,,
Juana Díaz,18.0532,-66.5044,Puerto Rico,66102,,,,,
Oued Lill,36.8333,10.05,Tunisia,66100,,,,,
Ban Suan,13.3516,101.0082,Thailand,66092,,,,,
Oas,13.2589,123.4953,Philippines,66084,,,,,
Wamena,-4.0975,138.9511,Indonesia,66080,,,,,
Dangbo,6.5,2.6833,Benin,66055,,,,,
Moita,38.65,-8.9833,Portugal,66029,,,,,
Agoo,16.322,120.3647,Philippines,66028,,,,,
El Carmen de Bolívar,9.7167,-75.1333,Colombia,66001,,,,,
Torreón,25.5419,-103.4083,Mexico,66001,,,,,
Puliyankudi,9.1725,77.3956,India,66000,,,,,
Madirovalo,-16.4416,46.5456,Madagascar,66000,,,,,
Taman Johor Jaya,1.5392,103.8092,Malaysia,66000,,,,,
Hua Hin,12.5686,99.9578,Thailand,65983,,,,,
Lantapan,8,125.0233,Philippines,65974,,,,,
Asenovgrad,42.0167,24.8667,Bulgaria,65962,,,,,
Gloucester,39.7924,-75.0363,United States,65961,,,,,
Viterbo,42.4186,12.1042,Italy,65949,,,,,
Anamur,36.0243,32.8026,Turkey,65920,,,,,
Lahat,-3.8,103.5333,Indonesia,65906,,,,,
Itapetinga,-15.2489,-40.2478,Brazil,65897,,,,,
Wilde,-34.7,-58.3167,Argentina,65881,,,,,
Garissa,-0.4569,39.6583,Kenya,65881,,,,,
Tatabánya,47.5862,18.3949,Hungary,65861,,,,,
Martínez,-34.4833,-58.5,Argentina,65859,,,,,
Kavála,40.9333,24.4,Greece,65857,,,,,
Karlstad,59.3671,13.4999,Sweden,65856,,,,,
Coron,12,120.2,Philippines,65855,,,,,
Roxas,17.12,121.62,Philippines,65839,,,,,
Aigáleo,37.992,23.678,Greece,65831,,,,,
Nizhyn,51.0381,31.8861,Ukraine,65830,,,,,
Finchley,51.599,-0.187,United Kingdom,65812,,,,,
Thornton Heath,51.4002,-0.1086,United Kingdom,65812,,,,,
Sangamner,19.5678,74.2115,India,65804,,,,,
Chegutu,-18.14,30.15,Zimbabwe,65800,,,,,
Kiamba,5.9912,124.6257,Philippines,65774,,,,,
Fukutsu,33.7669,130.4911,Japan,65770,,,,,
Romita,20.8708,-101.5169,Mexico,65766,,,,,
San Remigio,11,123.95,Philippines,65744,,,,,
Gohna,29.13,76.9,India,65708,,,,,
Pulivendla,14.4194,78.225,India,65706,,,,,
Urus-Martan,43.1333,45.55,Russia,65698,,,,,
Ruteng,-8.6127,120.463,Indonesia,65694,,,,,
Santo Tomé,-31.6667,-60.7667,Argentina,65684,,,,,
Smila,49.2336,31.8822,Ukraine,65675,,,,,
Ina,35.8275,137.954,Japan,65670,,,,,
Youssoufia,32.25,-8.5333,Morocco,65669,,,,,
Surubim,-7.8331,-35.7547,Brazil,65647,,,,,
Lutayan,6.6,124.85,Philippines,65644,,,,,
Tulcea,45.1775,28.8036,Romania,65624,,,,,
Arima,10.6333,-61.2833,Trinidad and Tobago,65623,,,,,
Angat,14.9281,121.0293,Philippines,65617,,,,,
Weimar,50.9811,11.3294,Germany,65611,,,,,
Qiryat Gat,31.61,34.7642,Israel,65610,,,,,
Kirtipur,27.6667,85.2833,Nepal,65602,,,,,
Kronjo,-6.0667,106.4167,Indonesia,65599,,,,,
Qarqan,38.1338,85.5333,China,65572,,,,,
Bom Jesus da Lapa,-13.255,-43.4178,Brazil,65550,,,,,
Korba,36.5667,10.8667,Tunisia,65542,,,,,
Piripiri,-4.2728,-41.7769,Brazil,65538,,,,,
Xarardheere,4.6544,47.8575,Somalia,65523,,,,,
San Francisco El Alto,14.95,-91.45,Guatemala,65521,,,,,
Malden,42.4305,-71.0576,United States,65509,,,,,
Sindelfingen,48.7133,9.0028,Germany,65504,,,,,
San Antonio Suchitepéquez,14.5333,-91.4167,Guatemala,65501,,,,,
Kānhangād,12.3167,75.0667,India,65499,,,,,
Shanxia,24.2678,116.1107,China,65497,,,,,
Xiantangcun,23.794,114.7447,China,65491,,,,,
Al Minshāh,26.4769,31.8036,Egypt,65484,,,,,
Los Amates,15.2667,-89.1,Guatemala,65475,,,,,
Xieqiaocun,30.4973,120.6106,China,65473,,,,,
Jaisalmer,26.913,70.915,India,65471,,,,,
Seydişehir,37.4183,31.8506,Turkey,65465,,,,,
Kurabūr,13.4,78.006,India,65456,,,,,
Aïn Defla,36.2652,1.9703,Algeria,65453,,,,,
Gniezno,52.5358,17.5958,Poland,65452,,,,,
Dundalk,39.2704,-76.4942,United States,65441,,,,,
São Bento do Sul,-26.25,-49.3789,Brazil,65437,,,,,
Narok,-1.0833,35.8667,Kenya,65430,,,,,
São Félix do Xingu,-6.645,-51.995,Brazil,65418,,,,,
Albany,44.6272,-123.0965,United States,65410,,,,,
Ārān Bīdgol,34.0589,51.4817,Iran,65404,,,,,
Castro Valley,37.7088,-122.0626,United States,65389,,,,,
Bāqershahr,35.5344,51.4058,Iran,65388,,,,,
Giddarbāha,30.2,74.67,India,65370,,,,,
Täby,59.5,18.05,Sweden,65364,,,,,
Purulhá,15.2667,-90.2,Guatemala,65340,,,,,
Rovaniemi,66.5,25.7333,Finland,65329,,,,,
Dalton,34.769,-84.972,United States,65317,,,,,
Villa Curuguaty,-24.4692,-55.6947,Paraguay,65310,,,,,
Tamlūk,22.3,87.92,India,65306,,,,,
Wels,48.15,14.0167,Austria,65303,,,,,
Hadjout,36.5167,2.4167,Algeria,65300,,,,,
Jamjamāl,35.5333,44.8342,Iraq,65300,,,,,
Sinnar,19.85,74,India,65299,,,,,
Pavlovskiy Posad,55.7667,38.6667,Russia,65297,,,,,
Vaijāpur,19.9267,74.7275,India,65296,,,,,
Jocotitlán,19.7072,-99.7867,Mexico,65291,,,,,
Lynwood,33.924,-118.2016,United States,65291,,,,,
Solano,16.5183,121.1811,Philippines,65287,,,,,
Quezon,9.235,117.9967,Philippines,65283,,,,,
Pruszków,52.1667,20.8,Poland,65283,,,,,
Birnin Konni,13.7904,5.2599,Niger,65252,,,,,
Ouricuri,-7.8828,-40.0819,Brazil,65245,,,,,
Tigbauan,10.6747,122.3776,Philippines,65245,,,,,
Jagraon,30.78,75.48,India,65240,,,,,
Alīpur Duār,26.489,89.527,India,65232,,,,,
Debre Birhan,9.6833,39.5333,Ethiopia,65231,,,,,
Pateros,14.5448,121.0671,Philippines,65227,,,,,
Plauen,50.4833,12.1167,Germany,65218,,,,,
Dhūri,30.3685,75.8679,India,65215,,,,,
Rechytsa,54.3667,30.4,Belarus,65213,,,,,
Xibang,30.9472,120.8889,China,65211,,,,,
Ḩalabjah,35.1833,45.9833,Iraq,65200,,,,,
Rosenheim,47.85,12.1333,Germany,65192,,,,,
Kitamoto,36.0269,139.5302,Japan,65191,,,,,
Dormagen,51.1,6.8167,Germany,65170,,,,,
Irpin,50.5167,30.25,Ukraine,65167,,,,,
Guider,9.9342,13.9486,Cameroon,65165,,,,,
Pflugerville,30.4515,-97.6018,United States,65162,,,,,
San Jose,10.7433,121.9411,Philippines,65140,,,,,
Toboali,-2.9997,106.4656,Indonesia,65138,,,,,
Sebring,27.477,-81.453,United States,65138,,,,,
Villach,46.6167,13.85,Austria,65127,,,,,
Kenner,30.0109,-90.2549,United States,65113,,,,,
Clichy,48.9044,2.3064,France,65102,,,,,
Xinbin,41.7342,125.04,China,65100,,,,,
Kalush,49.0442,24.3597,Ukraine,65088,,,,,
Estância,-11.2678,-37.4378,Brazil,65078,,,,,
Itaberaba,-12.5278,-40.3069,Brazil,65073,,,,,
Rāth,25.58,79.57,India,65056,,,,,
Ogōshi,32.8858,130.7897,Japan,65054,,,,,
Villasis,15.9,120.58,Philippines,65047,,,,,
Mecheria,33.55,-0.2833,Algeria,65043,,,,,
Zeist,52.0906,5.2331,Netherlands,65043,,,,,
Gurupi,-11.7289,-49.0689,Brazil,65034,,,,,
Farnborough,51.29,-0.75,United Kingdom,65034,,,,,
Bāzār-e Yakāwlang,34.7333,66.9667,Afghanistan,65000,,,,,
Patuakhāli,22.2591,90.3184,Bangladesh,65000,,,,,
Kanyobagonga,-0.702,29.1726,Congo (Kinshasa),65000,,,,,
Tāsgaon,17.03,74.6,India,65000,,,,,
Popondetta,-8.7656,148.2347,Papua New Guinea,65000,,,,,
Saidu Sharif,34.75,72.3572,Pakistan,65000,,,,,
Matamey,13.4231,8.4748,Niger,64988,,,,,
Port Charlotte,26.9918,-82.114,United States,64971,,,,,
Caripito,10.1167,-63.1,Venezuela,64955,,,,,
Maasin,5.87,125,Philippines,64940,,,,,
Keitumkawn,23.31,92.85,India,64937,,,,,
Autlán de Navarro,19.7667,-104.3667,Mexico,64931,,,,,
Busia,0.4669,34.09,Uganda,64900,,,,,
Ioánnina,39.6636,20.8522,Greece,64896,,,,,
La Ceja,6.0306,-75.4317,Colombia,64889,,,,,
Kolonnawa,6.9329,79.8848,Sri Lanka,64887,,,,,
Coyula,20.6586,-103.2264,Mexico,64886,,,,,
Loughborough,52.7725,-1.2078,United Kingdom,64880,,,,,
Chiquimulilla,14.0833,-90.3833,Guatemala,64871,,,,,
Don Torcuato,-34.5,-58.6167,Argentina,64867,,,,,
Tigre,-34.5,-58.6167,Argentina,64867,,,,,
Nagcarlan,14.1364,121.4165,Philippines,64866,,,,,
Palaió Fáliro,37.9333,23.7,Greece,64863,,,,,
Ladysmith,-28.5597,29.7806,South Africa,64855,,,,,
Tomigusuku,26.1611,127.6689,Japan,64850,,,,,
Igarapé-Miri,-1.975,-48.96,Brazil,64831,,,,,
Bordj Menaïel,36.7417,3.7231,Algeria,64820,,,,,
Gwacheon,37.4333,127,"Korea, South",64817,,,,,
Sabinas,27.9167,-101.3,Mexico,64811,,,,,
Ostrowiec Świętokrzyski,50.9333,21.4,Poland,64796,,,,,
Soloma,15.7167,-91.45,Guatemala,64772,,,,,
As Suwaydā’,32.7004,36.5666,Syria,64730,,,,,
Waltham,42.3889,-71.2423,United States,64723,,,,,
Weishui,38.023,114.1458,China,64722,,,,,
Chipindo,-13.8244,15.8,Angola,64714,,,,,
Faīẕābād,37.1166,70.58,Afghanistan,64704,,,,,
Sangzishi,27.6675,111.3706,China,64700,,,,,
Oued Rhiou,35.9667,0.9167,Algeria,64685,,,,,
Kensington,51.5,-0.19,United Kingdom,64681,,,,,
Meulaboh,4.1333,96.1167,Indonesia,64646,,,,,
Marinilla,6.1738,-75.3347,Colombia,64645,,,,,
Gerli,-34.6833,-58.3667,Argentina,64640,,,,,
Commerce City,39.8641,-104.843,United States,64640,,,,,
Binga,2.4,20.42,Congo (Kinshasa),64639,,,,,
Santo Domingo Tehuantepec,16.3244,-95.2389,Mexico,64639,,,,,
Fredericton,45.9636,-66.6431,Canada,64614,,,,,
Néa Ionía,38.0333,23.75,Greece,64611,,,,,
Brentwood,37.9356,-121.719,United States,64609,,,,,
Boston,52.974,-0.0214,United Kingdom,64600,,,,,
Grevenbroich,51.0883,6.5875,Germany,64588,,,,,
Lechang,35.6415,111.4633,China,64587,,,,,
Faro,37.0161,-7.935,Portugal,64560,,,,,
Pirané,-25.7328,-59.11,Argentina,64556,,,,,
Narapalli,17.4167,78.6287,India,64542,,,,,
Fujioka,36.2587,139.0746,Japan,64539,,,,,
Ţūlkarm,32.3104,35.0286,West Bank,64532,,,,,
Quimper,47.9967,-4.0964,France,64530,,,,,
Ivry-sur-Seine,48.8078,2.3747,France,64526,,,,,
Beloretsk,53.9667,58.4,Russia,64525,,,,,
Isabela,10.2,122.98,Philippines,64516,,,,,
Hilongos,10.37,124.75,Philippines,64514,,,,,
North Little Rock,34.7807,-92.2371,United States,64504,,,,,
Arrecife,28.9625,-13.5506,Spain,64497,,,,,
Pālitāna,21.52,71.83,India,64497,,,,,
Roeselare,50.9333,3.1167,Belgium,64495,,,,,
South San Francisco,37.6538,-122.4196,United States,64487,,,,,
Rivera,-30.9025,-55.5506,Uruguay,64465,,,,,
Rahat,31.3925,34.7544,Israel,64462,,,,,
Itamaraju,-17.0392,-39.5311,Brazil,64455,,,,,
Al Qurayn,30.6161,31.735,Egypt,64453,,,,,
Dharmapuri,12.1211,78.1582,India,64444,,,,,
Apaseo el Alto,20.45,-100.6167,Mexico,64443,,,,,
Sokhumi,43,41.0167,Georgia,64441,,,,,
Idappādi,11.5835,77.8341,India,64435,,,,,
Hiriyūr,13.9446,76.6172,India,64423,,,,,
Porto Nacional,-10.7078,-48.4169,Brazil,64418,,,,,
Paignton,50.4353,-3.5625,United Kingdom,64410,,,,,
Potenza,40.6333,15.8,Italy,64406,,,,,
Neubrandenburg,53.5569,13.2611,Germany,64390,,,,,
Chunian,31.0167,73.85,Pakistan,64386,,,,,
Malvar,14.0417,121.1583,Philippines,64379,,,,,
Santiago Tianguistenco,19.1797,-99.4706,Mexico,64365,,,,,
Bellevue,41.1485,-95.939,United States,64355,,,,,
Waterlooville,50.88,-1.03,United Kingdom,64350,,,,,
Sirsi,28.64,78.64,India,64345,,,,,
Sibulan,9.35,123.28,Philippines,64343,,,,,
Póvoa de Varzim,41.3828,-8.7628,Portugal,64320,,,,,
Ash Shaykh Zuwayd,31.2119,34.1106,Egypt,64305,,,,,
Chervonohrad,50.3867,24.2289,Ukraine,64297,,,,,
Burnsville,44.7648,-93.2793,United States,64295,,,,,
Saravia,10.88,122.97,Philippines,64290,,,,,
Valence,44.9333,4.8917,France,64288,,,,,
Burhaniye,39.5,26.95,Turkey,64283,,,,,
Seraing,50.5986,5.5122,Belgium,64270,,,,,
Głogów,51.6589,16.0803,Poland,64261,,,,,
Atimonan,14.0036,121.9199,Philippines,64260,,,,,
Rayong,12.6742,101.2789,Thailand,64256,,,,,
Misantla,19.9333,-96.85,Mexico,64249,,,,,
Bourges,47.0844,2.3964,France,64238,,,,,
Greenwood,39.6019,-86.1073,United States,64237,,,,,
Kodād,16.9978,79.9653,India,64234,,,,,
Sangmélima,2.9333,11.9833,Cameroon,64227,,,,,
Alba Iulia,46.0669,23.57,Romania,64227,,,,,
Ciénaga de Oro,8.8833,-75.6167,Colombia,64226,,,,,
Ferrol,43.4844,-8.2328,Spain,64218,,,,,
Bertioga,-23.8539,-46.1389,Brazil,64188,,,,,
Qinggang,46.69,126.1,China,64182,,,,,
Granollers,41.608,2.288,Spain,64181,,,,,
La Línea de la Concepción,36.1681,-5.3486,Spain,64177,,,,,
Tādepalle,16.4803,80.6186,India,64149,,,,,
Grande Prairie,55.1708,-118.7947,Canada,64141,,,,,
Rowlett,32.9155,-96.5489,United States,64139,,,,,
Welkom,-27.9831,26.7208,South Africa,64130,,,,,
Qal‘ah-ye Now,34.9867,63.1292,Afghanistan,64125,,,,,
San Felipe,-32.75,-70.7239,Chile,64120,,,,,
Yanagawa,33.1631,130.4058,Japan,64120,,,,,
Pomezia,41.6693,12.5021,Italy,64119,,,,,
Boryspil,50.35,30.95,Ukraine,64117,,,,,
Plettenberg Bay,-34.05,23.3667,South Africa,64108,,,,,
Siuna,13.7333,-84.7667,Nicaragua,64092,,,,,
Talagang,32.9278,72.4111,Pakistan,64083,,,,,
Teresa,14.5586,121.2083,Philippines,64072,,,,,
Randers,56.4607,10.0364,Denmark,64057,,,,,
Kristiansand,58.1467,7.9956,Norway,64057,,,,,
Ishimbay,53.45,56.0333,Russia,64041,,,,,
Antony,48.7539,2.2975,France,64026,,,,,
Armūr,18.79,78.29,India,64023,,,,,
Laguna Niguel,33.5275,-117.705,United States,64023,,,,,
Atotonilco el Alto,20.5333,-102.5,Mexico,64009,,,,,
Guiseley,53.875,-1.706,United Kingdom,64000,,,,,
Ensenada Berisso,-34.8667,-57.9,Argentina,63997,,,,,
Kashmor,28.26,69.35,Pakistan,63984,,,,,
Sodegaura,35.43,139.9544,Japan,63975,,,,,
Tiquisate,14.2833,-91.3667,Guatemala,63971,,,,,
Tuao,17.735,121.4553,Philippines,63970,,,,,
Bankra,22.6086,88.2797,India,63957,,,,,
Nawalgarh,27.8458,75.268,India,63948,,,,,
Tupã,-21.935,-50.5139,Brazil,63928,,,,,
Bozeman,45.6833,-111.0558,United States,63917,,,,,
Lower Merion,40.0282,-75.2807,United States,63903,,,,,
Most,50.5031,13.6367,Czechia,63882,,,,,
Tohāna,29.7,75.9,India,63871,,,,,
Nieuwegein,52.0314,5.0919,Netherlands,63866,,,,,
Penedo,-10.29,-36.5858,Brazil,63846,,,,,
Santa Cruz,15.77,119.92,Philippines,63839,,,,,
Inhambane,-23.865,35.3833,Mozambique,63837,,,,,
Donskoy,53.9658,38.3247,Russia,63837,,,,,
Sibalom,10.7883,122.0175,Philippines,63833,,,,,
Port Orange,29.1085,-81.0137,United States,63818,,,,,
Trnava,48.3777,17.5862,Slovakia,63803,,,,,
Kangbao,41.8511,114.6176,China,63779,,,,,
Khagaul,25.579,85.0456,India,63763,,,,,
Cosenza,39.3,16.25,Italy,63760,,,,,
Tenri,34.5967,135.8372,Japan,63760,,,,,
Daljā,27.643,30.7001,Egypt,63751,,,,,
Ponferrada,42.55,-6.5833,Spain,63747,,,,,
Magong,23.5667,119.5833,Taiwan,63745,,,,,
Guamúchil,25.4639,-108.0794,Mexico,63743,,,,,
Odendaalsrus,-27.8667,26.6833,South Africa,63743,,,,,
Chakpi Karong,24.3167,93.9833,India,63730,,,,,
Ambarawa,-7.2667,110.4,Indonesia,63725,,,,,
Sundapālaiyam,11.0014,76.8732,India,63724,,,,,
Fraijanes,14.4667,-90.4333,Guatemala,63721,,,,,
Jatani,20.17,85.7,India,63697,,,,,
Chokwé,-24.5253,33.0086,Mozambique,63695,,,,,
Kurihara,38.7301,141.0215,Japan,63689,,,,,
Zvornik,44.3833,19.1,Bosnia and Herzegovina,63686,,,,,
Nawá,32.8865,36.039,Syria,63676,,,,,
Maroochydore,-26.6553,153.0932,Australia,63673,,,,,
Chincha Alta,-13.45,-76.1333,Peru,63671,,,,,
Jose Pañganiban,14.2922,122.6928,Philippines,63662,,,,,
Siemianowice Śląskie,50.2758,18.9858,Poland,63657,,,,,
Irún,43.3378,-1.7888,Spain,63656,,,,,
Chik Ballāpur,13.43,77.72,India,63652,,,,,
Athni,16.73,75.07,India,63625,,,,,
Dédougou,12.4667,-3.4667,Burkina Faso,63617,,,,,
Fredrikstad,59.2181,10.9298,Norway,63610,,,,,
Oyo,-1.1603,15.9736,Congo (Brazzaville),63598,,,,,
Capão da Canoa,-29.7608,-50.03,Brazil,63594,,,,,
Tanjung Selor,2.85,117.3833,Indonesia,63588,,,,,
Hornchurch,51.5565,0.2128,United Kingdom,63583,,,,,
Assi Bou Nif,35.7,-0.5,Algeria,63581,,,,,
Maidenhead,51.523,-0.722,United Kingdom,63580,,,,,
Yangqingcun,21.3594,110.1164,China,63578,,,,,
Benevides,-1.3608,-48.245,Brazil,63567,,,,,
At Tall,33.6103,36.3107,Syria,63554,,,,,
Reston,38.9497,-77.3461,United States,63542,,,,,
Midoun,33.8,11,Tunisia,63528,,,,,
Yattir,31.4333,35.0833,West Bank,63511,,,,,
San Clemente,33.4499,-117.6102,United States,63510,,,,,
Asahi,35.7167,140.65,Japan,63507,,,,,
Stupino,54.8833,38.1,Russia,63506,,,,,
Slatina,44.4297,24.3642,Romania,63487,,,,,
Bhairāhawā,27.5,83.45,Nepal,63483,,,,,
Badr Ḩunayn,23.7829,38.7905,Saudi Arabia,63468,,,,,
Caldwell,43.6453,-116.6594,United States,63465,,,,,
Khulayş,22.1555,39.3202,Saudi Arabia,63445,,,,,
Friedrichshafen,47.65,9.4833,Germany,63441,,,,,
Tajumulco,15.0833,-91.8833,Guatemala,63405,,,,,
Fengang,30.891,121.013,China,63400,,,,,
Akurana,7.3667,80.6167,Sri Lanka,63397,,,,,
Mitcham,51.4009,-0.1517,United Kingdom,63393,,,,,
Medicine Hat,50.0417,-110.6775,Canada,63382,,,,,
Feltham,51.4496,-0.4089,United Kingdom,63368,,,,,
Sumbawa Besar,-8.5,117.4167,Indonesia,63362,,,,,
Coon Rapids,45.1755,-93.3094,United States,63348,,,,,
Itō,34.9657,139.1019,Japan,63343,,,,,
Millcreek,40.6892,-111.8292,United States,63342,,,,,
Dhuburi,26.02,90,India,63338,,,,,
Fujiidera,34.5667,135.6,Japan,63338,,,,,
Mirassol,-20.8189,-49.5208,Brazil,63337,,,,,
Vittoria,36.95,14.5333,Italy,63316,,,,,
Prilep,41.3464,21.5542,North Macedonia,63308,,,,,
Stourbridge,52.4575,-2.1479,United Kingdom,63298,,,,,
Mercedes,-34.65,-59.4333,Argentina,63284,,,,,
Galgamuwa,8,80.2831,Sri Lanka,63273,,,,,
Ban Lam Sam Kaeo,13.9728,100.6511,Thailand,63271,,,,,
Abū Qurqāş,27.9304,30.8383,Egypt,63264,,,,,
Kelaa Kebira,35.8667,10.5333,Tunisia,63264,,,,,
Eden Prairie,44.8488,-93.4595,United States,63249,,,,,
Kitale,1.0167,35,Kenya,63245,,,,,
Cajazeiras,-6.89,-38.5619,Brazil,63239,,,,,
Ouled Djellal,34.4167,5.0667,Algeria,63237,,,,,
Parkersburg,39.2623,-81.542,United States,63236,,,,,
Banda del Río Salí,-26.85,-65.1667,Argentina,63226,,,,,
Gorno-Altaysk,51.95,85.9667,Russia,63214,,,,,
Anuradhapura,8.335,80.4108,Sri Lanka,63208,,,,,
Tartagal,-22.5,-63.8333,Argentina,63196,,,,,
Lugano,46.0103,8.9625,Switzerland,63185,,,,,
Gadwāl,16.23,77.8,India,63177,,,,,
Tetovo,42.0103,20.9714,North Macedonia,63176,,,,,
Horsens,55.8657,9.8735,Denmark,63162,,,,,
Rockhampton,-23.3781,150.5136,Australia,63151,,,,,
Qurayyāt,23.2652,58.9034,Oman,63133,,,,,
Hamilton,39.3939,-84.5653,United States,63124,,,,,
Teoloyucan,19.7442,-99.1811,Mexico,63115,,,,,
Sīdī Barānī,31.6108,25.9256,Egypt,63098,,,,,
Novaya Balakhna,56.4899,43.6011,Russia,63083,,,,,
Visnagar,23.7,72.55,India,63073,,,,,
Nankana Sahib,31.45,73.7067,Pakistan,63073,,,,,
Puerto Asís,0.5167,-76.5,Colombia,63067,,,,,
Nago,26.5917,127.9775,Japan,63060,,,,,
Klintsy,52.75,32.2333,Russia,63059,,,,,
San Fernando,7.9178,125.3286,Philippines,63045,,,,,
Moore,35.3293,-97.4757,United States,63045,,,,,
Vaslui,46.6383,27.7292,Romania,63035,,,,,
Nyagan,62.1333,65.3833,Russia,63034,,,,,
Lakewood,47.1628,-122.5299,United States,63034,,,,,
Pāmūru,15.097,79.409,India,63017,,,,,
Kasongo,-4.45,26.65,Congo (Kinshasa),63000,,,,,
Machiques,10.0667,-72.5667,Venezuela,63000,,,,,
Kaga,36.3028,136.315,Japan,62997,,,,,
Kélibia,36.85,11.1,Tunisia,62993,,,,,
Rochester,51.375,0.5,United Kingdom,62982,,,,,
Batatais,-20.8911,-47.585,Brazil,62980,,,,,
Bay City,43.5902,-83.8887,United States,62979,,,,,
Miyoshi,35.0894,137.0748,Japan,62963,,,,,
Pabianice,51.65,19.3833,Poland,62954,,,,,
Halton Hills,43.63,-79.95,Canada,62951,,,,,
Dewsbury,53.691,-1.633,United Kingdom,62945,,,,,
Beledweyne,4.736,45.204,Somalia,62945,,,,,
Sheikhpura,25.1403,85.8508,India,62927,,,,,
Marina di Carrara,44.0381,10.0456,Italy,62923,,,,,
Narlıdere,38.3911,27.0028,Turkey,62923,,,,,
Māhdāsht,35.7278,50.8089,Iran,62910,,,,,
La Seyne-sur-Mer,43.1,5.883,France,62905,,,,,
Yurimaguas,-5.9,-76.0833,Peru,62903,,,,,
Campo Bom,-29.6789,-51.0528,Brazil,62886,,,,,
Sirsi,14.6194,74.8375,India,62882,,,,,
Balboa Heights,8.95,-79.55,Panama,62882,,,,,
Mut,36.6458,33.4375,Turkey,62874,,,,,
Dmitrov,56.35,37.5333,Russia,62869,,,,,
Wāshīm,20.1113,77.133,India,62863,,,,,
Calinog,11.13,122.5,Philippines,62853,,,,,
Tres Arroyos,-38.3667,-60.2667,Argentina,62835,,,,,
Bossier City,32.5224,-93.6668,United States,62832,,,,,
Palmela,38.5675,-8.8991,Portugal,62831,,,,,
Brookline,42.3243,-71.1408,United States,62822,,,,,
Moncada,15.7331,120.5725,Philippines,62819,,,,,
Balad,34.0147,44.1456,Iraq,62817,,,,,
Itupeva,-23.1531,-47.0578,Brazil,62813,,,,,
Moknine,35.6333,10.9,Tunisia,62802,,,,,
Gampaha,7.0897,79.9925,Sri Lanka,62797,,,,,
Woking,51.305,-0.539,United Kingdom,62796,,,,,
Tamana,32.9356,130.5628,Japan,62784,,,,,
Nānpāra,27.87,81.5,India,62782,,,,,
Tân Phước Khánh,11,106.7167,Vietnam,62778,,,,,
Castellammare di Stabia,40.6947,14.4803,Italy,62772,,,,,
Bansalan,6.78,125.22,Philippines,62737,,,,,
Champasak,14.84,105.75,Laos,62728,,,,,
Schwäbisch Gmünd,48.8,9.8,Germany,62726,,,,,
Bāri,26.63,77.62,India,62721,,,,,
Lingshou,38.3064,114.3783,China,62713,,,,,
Limerick,52.6653,-8.6238,Ireland,62702,,,,,
Gusang,28.2864,113.7424,China,62700,,,,,
Qoryooley,1.7878,44.53,Somalia,62700,,,,,
Dovzhansk,48.0778,39.6472,Ukraine,62691,,,,,
Bensalem,40.1086,-74.9431,United States,62689,,,,,
Koro,14.0639,-3.0753,Mali,62681,,,,,
Tandag,9.0789,126.1986,Philippines,62669,,,,,
Plymouth,41.8783,-70.6309,United States,62656,,,,,
Midalt,32.68,-4.73,Morocco,62648,,,,,
Boadilla del Monte,40.4069,-3.875,Spain,62627,,,,,
Svyetlahorsk,52.6333,29.7333,Belarus,62602,,,,,
Carmen de Viboral,6.0833,-75.3333,Colombia,62581,,,,,
Kapatagan,7.9,123.77,Philippines,62571,,,,,
Council Bluffs,41.2369,-95.8516,United States,62564,,,,,
Anse à Galets,18.8345,-72.8664,Haiti,62559,,,,,
Icó,-6.4008,-38.8619,Brazil,62521,,,,,
Debre Mark’os,10.3333,37.7167,Ethiopia,62497,,,,,
Montauban,44.0181,1.3558,France,62487,,,,,
Acton,51.5135,-0.2707,United Kingdom,62480,,,,,
Nagakute,35.184,137.0487,Japan,62473,,,,,
Huntersville,35.406,-80.8716,United States,62458,,,,,
Mobārakeh,32.3494,51.5,Iran,62454,,,,,
Phalia,32.4328,73.5778,Pakistan,62453,,,,,
Troyes,48.2997,4.0792,France,62443,,,,,
Pervomaisk,48.0439,30.85,Ukraine,62426,,,,,
Wenxicun,28.1627,120.3885,China,62407,,,,,
Taylor,42.226,-83.2688,United States,62405,,,,,
Shuya,56.85,41.3667,Russia,62400,,,,,
Hendersonville,36.3063,-86.5997,United States,62390,,,,,
Zouerate,22.7333,-12.4667,Mauritania,62380,,,,,
Berekum,7.4504,-2.59,Ghana,62364,,,,,
Rānipet,12.9247,79.3333,India,62360,,,,,
Ambilobe,-13.1873,49.0524,Madagascar,62346,,,,,
Wundanyi,-3.3964,38.3573,Kenya,62340,,,,,
Kolding,55.4929,9.4681,Denmark,62338,,,,,
Camocim,-2.9008,-40.8428,Brazil,62326,,,,,
Kesamudram,17.6875,79.8944,India,62323,,,,,
Villa Domínico,-34.6917,-58.3333,Argentina,62315,,,,,
Ras Tanura,26.7074,50.0674,Saudi Arabia,62314,,,,,
Puerto Peñasco,31.3167,-113.5369,Mexico,62301,,,,,
Bainet,18.184,-72.7523,Haiti,62300,,,,,
Kattagan,39.7167,64.55,Uzbekistan,62300,,,,,
Riosucio,5.4208,-75.7025,Colombia,62296,,,,,
Sanford,28.7891,-81.2757,United States,62292,,,,,
Shangtangcun,21.5989,111.5907,China,62287,,,,,
Caràzinho,-28.2839,-52.7864,Brazil,62265,,,,,
Kolda,12.8958,-14.9408,Senegal,62258,,,,,
Nagari,13.3214,79.5856,India,62253,,,,,
Nordre Fåle,59.75,10.8667,Norway,62245,,,,,
Napier,-39.4903,176.9178,New Zealand,62241,,,,,
La Habra,33.9282,-117.9515,United States,62233,,,,,
Sherkot,29.35,78.58,India,62226,,,,,
Tighenif,35.4167,0.3333,Algeria,62210,,,,,
Mandi Dabwāli,29.9477,74.7322,India,62207,,,,,
Esperanza,19.58,-70.99,Dominican Republic,62205,,,,,
Herten,51.6,7.1333,Germany,62204,,,,,
Camaquã,-30.8528,-51.8153,Brazil,62200,,,,,
Santarém,39.2333,-8.6833,Portugal,62200,,,,,
Asaka,40.6333,72.2333,Uzbekistan,62200,,,,,
Panchari Bazar,23.2867,91.9027,Bangladesh,62198,,,,,
Offenburg,48.4667,7.9333,Germany,62195,,,,,
Bannu,32.9864,70.6044,Pakistan,62191,,,,,
Cyuve,-1.4833,29.65,Rwanda,62179,,,,,
Kungur,57.4333,56.9333,Russia,62173,,,,,
Bergheim,50.9667,6.65,Germany,62172,,,,,
Boituva,-23.2833,-47.6722,Brazil,62170,,,,,
Rāghogarh,24.4442,77.1986,India,62163,,,,,
Horizon West,28.4417,-81.6146,United States,62152,,,,,
Twickenham,51.449,-0.337,United Kingdom,62148,,,,,
Agía Paraskeví,38.0117,23.82,Greece,62147,,,,,
Analavory,-18.9741,46.719,Madagascar,62130,,,,,
Figueira da Foz,40.1508,-8.8618,Portugal,62125,,,,,
Dearborn Heights,42.3164,-83.2769,United States,62099,,,,,
Aurora,13.35,122.52,Philippines,62097,,,,,
Narwāna,29.6167,76.1117,India,62090,,,,,
Vigevano,45.3167,8.8667,Italy,62076,,,,,
Cabaret,18.7358,-72.4193,Haiti,62063,,,,,
Aurora,44,-79.4667,Canada,62057,,,,,
Okha,22.4667,69.0667,India,62052,,,,,
Korogwe,-5.1558,38.4503,Tanzania,62032,,,,,
Turhal,40.39,36.09,Turkey,62030,,,,,
Derik,37.3658,40.2697,Turkey,62028,,,,,
Nova Odessa,-22.7797,-47.2962,Brazil,62019,,,,,
Meshkīn Dasht,35.7514,50.9397,Iran,62005,,,,,
San Francisco,-31.4356,-62.0714,Argentina,62001,,,,,
Sihushan,28.9716,112.6413,China,62000,,,,,
Bhabhua,25.05,83.62,India,61999,,,,,
Kōshizuka,32.8931,130.7251,Japan,61997,,,,,
San Francisco de los Romo,22.0833,-102.2667,Mexico,61992,,,,,
Manicaragua,22.15,-79.9764,Cuba,61990,,,,,
Rouiba,36.7333,3.2833,Algeria,61984,,,,,
Tendō,38.3623,140.3779,Japan,61981,,,,,
Borj el Qoblé,33.2631,35.2389,Lebanon,61973,,,,,
St. Cloud,28.2363,-81.2779,United States,61963,,,,,
Arua,3.0353,30.9108,Uganda,61962,,,,,
Nanjangūd,12.12,76.68,India,61961,,,,,
Camotán,14.8167,-89.3817,Guatemala,61958,,,,,
Mongaguá,-24.0869,-46.6289,Brazil,61951,,,,,
Tagajō,38.2938,141.0043,Japan,61937,,,,,
Yongbei,26.6462,100.7807,China,61932,,,,,
Pontiac,42.6493,-83.2878,United States,61914,,,,,
Richland,46.2824,-119.2939,United States,61912,,,,,
Cambanugoy,7.5386,125.7508,Philippines,61893,,,,,
Sätbayev,47.9,67.5333,Kazakhstan,61883,,,,,
Al Khawr,25.69,51.51,Qatar,61877,,,,,
Zengqiao,27.5153,112.2336,China,61872,,,,,
Siddhapur,23.9167,72.3833,India,61867,,,,,
Plato,9.7919,-74.7872,Colombia,61856,,,,,
Mitoyo,34.1825,133.715,Japan,61838,,,,,
Patnos,39.2358,42.8686,Turkey,61837,,,,,
São Miguel dos Campos,-9.7811,-36.0936,Brazil,61797,,,,,
Diphu,25.83,93.43,India,61797,,,,,
Żory,50.05,18.7,Poland,61793,,,,,
Leszno,51.8458,16.5806,Poland,61791,,,,,
Runcorn,53.3417,-2.7313,United Kingdom,61789,,,,,
Nakhyaungcharīpāra,21.4281,92.1779,Bangladesh,61788,,,,,
Nkawkaw,6.5505,-0.78,Ghana,61785,,,,,
Hatogaya-honchō,35.8333,139.7333,Japan,61781,,,,,
Neu-Ulm,48.3833,10,Germany,61780,,,,,
Marietta,33.9533,-84.5422,United States,61773,,,,,
Camabatela,-8.1833,15.3667,Angola,61769,,,,,
Songkhla,7.2061,100.5967,Thailand,61758,,,,,
Hita,33.3214,130.9411,Japan,61755,,,,,
Morada Nova,-5.1067,-38.3725,Brazil,61738,,,,,
Florence-Graham,33.9682,-118.2447,United States,61723,,,,,
Jhārgrām,22.45,86.98,India,61712,,,,,
Afragola,40.9167,14.3167,Italy,61712,,,,,
Santo Amaro,-12.5469,-38.7119,Brazil,61702,,,,,
Yangiyŭl,41.1125,69.0467,Uzbekistan,61700,,,,,
Sungo,-11.2333,14.3167,Angola,61682,,,,,
Penápolis,-21.42,-50.0778,Brazil,61679,,,,,
Shiroi,35.7915,140.0563,Japan,61673,,,,,
Xiluodu,28.2442,103.6385,China,61668,,,,,
Cortazar,20.4828,-100.9611,Mexico,61658,,,,,
Praia,14.9177,-23.5092,Cabo Verde,61644,,,,,
Kolea,36.6406,2.765,Algeria,61643,,,,,
Springfield,44.0538,-122.9811,United States,61642,,,,,
San Juan Chamelco,15.4257,-90.3263,Guatemala,61634,,,,,
San Antonio del Táchira,7.8167,-72.45,Venezuela,61630,,,,,
Karonga,-9.9329,33.9333,Malawi,61609,,,,,
Tríkala,39.55,21.7667,Greece,61608,,,,,
Wrecsam,53.0467,-2.9936,United Kingdom,61603,,,,,
Kstovo,56.1667,44.1667,Russia,61602,,,,,
Arcoverde,-8.4189,-37.0539,Brazil,61600,,,,,
Sayyid Şādiq,35.35,45.8667,Iraq,61600,,,,,
Garbsen,52.4183,9.5981,Germany,61594,,,,,
Valle de Bravo,19.1925,-100.1306,Mexico,61590,,,,,
Encinitas,33.0492,-117.261,United States,61585,,,,,
Cayenne,4.933,-52.33,French Guiana,61550,,,,,
May Pen,17.965,-77.245,Jamaica,61548,,,,,
Georgiyevsk,44.15,43.4667,Russia,61543,,,,,
Santa Ana,15.0939,120.7681,Philippines,61537,,,,,
Asker,59.8331,10.4392,Norway,61523,,,,,
Hato Mayor,18.767,-69.267,Dominican Republic,61517,,,,,
Ostuncalco,14.8667,-91.6167,Guatemala,61517,,,,,
Ilobasco,13.84,-88.85,El Salvador,61510,,,,,
Oudtshoorn,-33.5833,22.2,South Africa,61507,,,,,
Norak,38.3833,69.3167,Tajikistan,61500,,,,,
Itogon,16.37,120.67,Philippines,61498,,,,,
Port Coquitlam,49.2625,-122.7811,Canada,61498,,,,,
Wellington,26.6461,-80.2699,United States,61497,,,,,
Korosten,50.95,28.6333,Ukraine,61496,,,,,
Baao,13.4535,123.3654,Philippines,61493,,,,,
Menzel Temime,36.7833,10.9833,Tunisia,61489,,,,,
La Democracia,15.6333,-91.8667,Guatemala,61486,,,,,
Hasuda,35.9945,139.6624,Japan,61473,,,,,
Widnes,53.362,-2.734,United Kingdom,61464,,,,,
Taal,13.88,120.93,Philippines,61460,,,,,
Djibo,14.1011,-1.6306,Burkina Faso,61456,,,,,
Euclides da Cunha,-10.5078,-39.0139,Brazil,61456,,,,,
Palm Harbor,28.0847,-82.7481,United States,61454,,,,,
Xinmin,35.1278,108.1447,China,61441,,,,,
Rāmanāthapuram,9.3639,78.8395,India,61440,,,,,
Candon,17.1958,120.4489,Philippines,61432,,,,,
Sawahlunto,-0.6667,100.7833,Indonesia,61427,,,,,
Gia Nghĩa,11.9833,107.7,Vietnam,61413,,,,,
Merzifon,40.875,35.4633,Turkey,61376,,,,,
Montebello,34.0155,-118.1108,United States,61376,,,,,
Tunasan,14.3725,121.0364,Philippines,61374,,,,,
Vejle,55.709,9.535,Denmark,61310,,,,,
Madīnat ‘Īsá,26.1736,50.5478,Bahrain,61293,,,,,
Mariana,-20.3783,-43.4165,Brazil,61288,,,,,
Tarnowskie Góry,50.4444,18.8583,Poland,61288,,,,,
Trikonavattam,8.9,76.65,India,61287,,,,,
Wesel,51.6586,6.6178,Germany,61277,,,,,
Santa Catarina Ixtahuacán,14.8,-91.3667,Guatemala,61274,,,,,
Shilu,19.2792,109.0518,China,61258,,,,,
Woodland,38.6712,-121.75,United States,61256,,,,,
Hürth,50.8775,6.8761,Germany,61252,,,,,
Salgueiro,-8.0742,-39.1192,Brazil,61249,,,,,
Korydallós,37.9833,23.65,Greece,61248,,,,,
Halvad,23.02,71.18,India,61247,,,,,
Venâncio Aires,-29.6058,-52.1919,Brazil,61234,,,,,
Mateare,12.2333,-86.4333,Nicaragua,61234,,,,,
Barbalha,-7.3111,-39.3042,Brazil,61228,,,,,
Margate,51.385,1.3838,United Kingdom,61223,,,,,
Abuyog,10.7458,125.0122,Philippines,61216,,,,,
Coyhaique,-45.5667,-72.0667,Chile,61210,,,,,
Maués,-3.3836,-57.7186,Brazil,61204,,,,,
North Bergen,40.7938,-74.0242,United States,61202,,,,,
Bocaranga,6.9844,15.6408,Central African Republic,61190,,,,,
Aracati,-4.5619,-37.77,Brazil,61187,,,,,
Ar Rastan,34.9267,36.7324,Syria,61176,,,,,
Bawku,11.06,-0.2422,Ghana,61151,,,,,
Caicó,-6.4578,-37.0978,Brazil,61146,,,,,
Udamalpet,10.5855,77.2513,India,61133,,,,,
Bristol,41.6812,-72.9407,United States,61129,,,,,
Cabatuan,10.88,122.48,Philippines,61110,,,,,
Mirabel,45.65,-74.0833,Canada,61108,,,,,
Jupiter,26.92,-80.1128,United States,61097,,,,,
Santo Domingo,15.59,120.8786,Philippines,61092,,,,,
Ellesmere Port,53.279,-2.897,United Kingdom,61090,,,,,
Santa Rosa de Copán,14.7675,-88.7781,Honduras,61083,,,,,
Barberena,14.3167,-90.3667,Guatemala,61079,,,,,
Velika Gorica,45.7,16.0667,Croatia,61075,,,,,
Hashimoto,34.3167,135.6,Japan,61063,,,,,
Idiofa,-4.9668,19.591,Congo (Kinshasa),61056,,,,,
Scheveningen,52.1081,4.2731,Netherlands,61053,,,,,
Olbia,40.9167,9.5,Italy,61048,,,,,
Malikounda,14.4724,-16.9459,Senegal,61031,,,,,
Bangor,54.66,-5.67,United Kingdom,61011,,,,,
Leninogorsk,54.6,52.5,Russia,60993,,,,,
Nekā,36.65,53.2972,Iran,60991,,,,,
Tulunan,6.83,124.88,Philippines,60978,,,,,
Adjohon,6.7,2.4667,Benin,60955,,,,,
Pantin,48.8966,2.4017,France,60954,,,,,
Wanparti,16.3623,78.0622,India,60949,,,,,
Tafo,6.7316,-1.6137,Ghana,60919,,,,,
Aisai,35.1528,136.7282,Japan,60914,,,,,
Seferhisar,38.2,26.8333,Turkey,60914,,,,,
Tsushima,35.1771,136.7413,Japan,60908,,,,,
Itoman,26.1236,127.6658,Japan,60903,,,,,
Soroti,1.715,33.6111,Uganda,60900,,,,,
Chachoengsao,13.6903,101.0703,Thailand,60893,,,,,
Nambuangongo,-8.0167,14.2,Angola,60883,,,,,
Rossosh,50.2,39.55,Russia,60879,,,,,
Los Polvorines,-34.5,-58.7,Argentina,60867,,,,,
Jinoba-an,9.6018,122.4668,Philippines,60865,,,,,
Łomża,53.1764,22.0731,Poland,60848,,,,,
Aleksin,54.5167,37.1,Russia,60842,,,,,
La Mesa,32.7703,-117.0204,United States,60835,,,,,
Tamba,35.1833,135.0333,Japan,60824,,,,,
Kolomyia,48.5306,25.0403,Ukraine,60821,,,,,
Pico Rivera,33.9901,-118.0888,United States,60821,,,,,
Chāmrājnagar,11.926,76.9402,India,60810,,,,,
Saraburi,14.5286,100.9114,Thailand,60809,,,,,
Aïn Harrouda,33.6372,-7.4483,Morocco,60804,,,,,
Jinzecun,31.0397,120.9164,China,60800,,,,,
Fort Portal,0.6544,30.2744,Uganda,60800,,,,,
Meihuacun,37.8862,114.8204,China,60791,,,,,
Yamatotakada,34.515,135.7364,Japan,60791,,,,,
Bethal,-26.45,29.45,South Africa,60779,,,,,
Orion,14.6206,120.5817,Philippines,60771,,,,,
Sarandí,-34.6833,-58.3333,Argentina,60752,,,,,
El Wak,2.8167,40.9333,Kenya,60732,,,,,
Villamaría,5,-75.5,Colombia,60729,,,,,
Shihe,39.2527,113.6757,China,60724,,,,,
Calulo,-10.0007,14.901,Angola,60709,,,,,
Galapa,10.8969,-74.886,Colombia,60708,,,,,
Cubulco,15.1083,-90.6306,Guatemala,60706,,,,,
Mbabane,-26.3167,31.1333,Eswatini,60691,,,,,
Borisoglebsk,51.3667,42.0833,Russia,60687,,,,,
Oyem,1.6,11.5736,Gabon,60685,,,,,
Huatusco,19.1489,-96.9661,Mexico,60674,,,,,
Castilla,12.9553,123.8764,Philippines,60635,,,,,
Piscataway,40.5467,-74.4636,United States,60632,,,,,
Yala,6.5425,101.2831,Thailand,60617,,,,,
Laoang,12.57,125.02,Philippines,60607,,,,,
Oda,5.9267,-0.9858,Ghana,60604,,,,,
San Rafael,37.9905,-122.5221,United States,60604,,,,,
Ibitinga,-21.7578,-48.8289,Brazil,60600,,,,,
Kukarmunda,21.5167,74.1333,India,60598,,,,,
Kokawa,34.2664,135.3653,Japan,60592,,,,,
Fryazino,55.95,38.05,Russia,60580,,,,,
Viareggio,43.8672,10.2506,Italy,60579,,,,,
Berëzovskiy,56.9,60.8167,Russia,60566,,,,,
Trujillo,15.9179,-85.953,Honduras,60558,,,,,
Yongyang,27.09,106.6892,China,60557,,,,,
Tigaon,13.6319,123.4975,Philippines,60524,,,,,
Matanao,6.75,125.23,Philippines,60493,,,,,
Taunton,51.019,-3.1,United Kingdom,60479,,,,,
Aquiraz,-3.9008,-38.3908,Brazil,60469,,,,,
Dumraon,25.5526,84.1515,India,60463,,,,,
Meriden,41.5369,-72.7946,United States,60418,,,,,
Ełk,53.8214,22.3622,Poland,60390,,,,,
Euless,32.8508,-97.08,United States,60373,,,,,
Alcoy,38.6983,-0.4736,Spain,60372,,,,,
Gukovo,48.05,39.9167,Russia,60361,,,,,
Belogorsk,50.9167,128.4667,Russia,60350,,,,,
Altınözü,36.1,36.23,Turkey,60344,,,,,
Irvington,40.7243,-74.2317,United States,60334,,,,,
Panruti,11.77,79.55,India,60323,,,,,
Lalmanirhat,25.9172,89.4459,Bangladesh,60322,,,,,
Ambanja,-13.6786,48.4522,Madagascar,60321,,,,,
Ciudad Arce,13.8333,-89.4333,El Salvador,60314,,,,,
Velampālaiyam,11.1376,77.3106,India,60296,,,,,
Laeken,50.8778,4.3558,Belgium,60295,,,,,
Gubat,12.9189,124.1231,Philippines,60294,,,,,
Souq Sebt Oulad Nemma,32.2948,-6.7007,Morocco,60293,,,,,
Wallasey,53.4239,-3.0531,United Kingdom,60284,,,,,
Yisuhe,27.7736,112.9558,China,60283,,,,,
Rosario,16.23,120.48,Philippines,60278,,,,,
San Vicente del Raspeig,38.3964,-0.5253,Spain,60269,,,,,
Euskirchen,50.6597,6.7917,Germany,60256,,,,,
Chambéry,45.57,5.9118,France,60251,,,,,
Mizusawa,39.1438,141.139,Japan,60239,,,,,
Unna,51.5347,7.6889,Germany,60223,,,,,
Tirukkoyilūr,11.9675,79.2056,India,60212,,,,,
San Mateo Ixtatán,15.8333,-91.4833,Guatemala,60203,,,,,
Parkent,41.2944,69.6764,Uzbekistan,60200,,,,,
Paracale,14.2797,122.7869,Philippines,60198,,,,,
Yame,33.2119,130.5578,Japan,60196,,,,,
Qoorlugud,8.5533,46.2256,Somalia,60195,,,,,
Rāzampeta,14.1954,79.159,India,60188,,,,,
Kangān,27.8392,52.0608,Iran,60187,,,,,
Nedumangād,8.6033,77.0028,India,60161,,,,,
Zamość,50.7167,23.2528,Poland,60148,,,,,
Pasaje,-3.3269,-79.8049,Ecuador,60147,,,,,
Petroúpoli,38.0333,23.6833,Greece,60146,,,,,
San Mariano,16.98,122.02,Philippines,60124,,,,,
Union,40.6953,-74.2697,United States,60119,,,,,
Parker,39.5084,-104.7753,United States,60115,,,,,
Nioro,15.1833,-9.55,Mali,60112,,,,,
Ābyek,36.0411,50.5306,Iran,60107,,,,,
Samut Sakhon,13.5486,100.2775,Thailand,60103,,,,,
Halesowen,52.4502,-2.0509,United Kingdom,60097,,,,,
Mbalmayo,3.5167,11.5,Cameroon,60091,,,,,
Jinxing,37.9869,106.2027,China,60086,,,,,
Clay,43.1808,-76.1954,United States,60083,,,,,
Bracknell,51.416,-0.749,United Kingdom,60077,,,,,
Malay,11.8997,121.9094,Philippines,60077,,,,,
Niort,46.3258,-0.4606,France,60074,,,,,
Greifswald,54.0833,13.3833,Germany,60071,,,,,
Towada,40.6127,141.2059,Japan,60063,,,,,
Pirojpur,22.5796,89.9752,Bangladesh,60056,,,,,
Slutsk,53.0333,27.5667,Belarus,60056,,,,,
Hamburg,42.7394,-78.8581,United States,60034,,,,,
Manhiça,-25.4,32.8,Mozambique,60031,,,,,
Horqueta,-23.3396,-57.05,Paraguay,60031,,,,,
Floriano,-6.7669,-43.0225,Brazil,60025,,,,,
Prokhladnyy,43.75,44.0333,Russia,60023,,,,,
São Borja,-28.6606,-56.0044,Brazil,60019,,,,,
Sarāvān,27.3708,62.3325,Iran,60014,,,,,
Kribi,2.935,9.91,Cameroon,60000,,,,,
Suifenhe,44.4124,131.1518,China,60000,,,,,
Consuelito,18.6124,-69.2577,Dominican Republic,60000,,,,,
Baba Hassen,36.7,2.9667,Algeria,60000,,,,,
Meskiana,35.6333,7.6667,Algeria,60000,,,,,
Juan-les-Pins,43.5711,7.1094,France,60000,,,,,
Afula,32.6064,35.2881,Israel,60000,,,,,
Nahariyya,33.0058,35.0989,Israel,60000,,,,,
Gunupur,19.08,83.82,India,60000,,,,,
Mehnājpur,25.6722,83.1181,India,60000,,,,,
Bayjī,34.9292,43.4931,Iraq,60000,,,,,
Banane,0.5035,38.662,Kenya,60000,,,,,
Kratie,12.4881,106.0188,Cambodia,60000,,,,,
Tyre,33.2708,35.1961,Lebanon,60000,,,,,
Faruka,31.8853,72.4153,Pakistan,60000,,,,,
Buqda Caqable,4.0601,45.2577,Somalia,60000,,,,,
Oodweyne,9.4092,45.064,Somalia,60000,,,,,
Güigüe,10.0833,-67.7833,Venezuela,60000,,,,,
Viedma,-40.8,-63,Argentina,59993,,,,,
Barneveld,52.1333,5.5833,Netherlands,59992,,,,,
Obando,14.7083,120.9375,Philippines,59978,,,,,
San Marcos,8.6611,-75.1347,Colombia,59976,,,,,
Çivril,38.3014,29.7386,Turkey,59967,,,,,
Bābolsar,36.7006,52.65,Iran,59966,,,,,
Thatri,33.1453,75.7911,India,59955,,,,,
Legnano,45.5958,8.906,Italy,59941,,,,,
Revere,42.4189,-71.004,United States,59933,,,,,
Stonecrest,33.6842,-84.1372,United States,59917,,,,,
Ponnūru,16.0667,80.5667,India,59913,,,,,
Le Blanc-Mesnil,48.9387,2.4614,France,59912,,,,,
Langenfeld,51.1167,6.95,Germany,59908,,,,,
Carrara,44.0833,10.1,Italy,59905,,,,,
Aïn Touta,35.3833,5.9,Algeria,59904,,,,,
Arankhola,24.6928,90.0806,Bangladesh,59895,,,,,
Trang,7.5575,99.6103,Thailand,59894,,,,,
Sigaboy,6.6536,126.0717,Philippines,59891,,,,,
Chapel Hill,35.9271,-79.0391,United States,59889,,,,,
Kathua,32.3694,75.5254,India,59866,,,,,
Mérida,38.9,-6.3333,Spain,59857,,,,,
Ilog,10.03,122.77,Philippines,59855,,,,,
Özalp,38.6583,43.9894,Turkey,59851,,,,,
Portimão,37.1333,-8.5333,Portugal,59845,,,,,
Aranjuez,40.0333,-3.6028,Spain,59833,,,,,
Huejotzingo,19.1619,-98.4064,Mexico,59822,,,,,
Blainville,45.67,-73.88,Canada,59819,,,,,
White Plains,41.022,-73.7547,United States,59818,,,,,
Fano,43.8425,13.0136,Italy,59785,,,,,
Andradina,-20.8958,-51.3789,Brazil,59783,,,,,
Dongcun,38.28,111.6751,China,59772,,,,,
Ragay,13.8217,122.7897,Philippines,59770,,,,,
Gardena,33.8943,-118.3072,United States,59765,,,,,
Palm Beach Gardens,26.8466,-80.1679,United States,59751,,,,,
Užice,43.85,19.85,Serbia,59747,,,,,
Lakhdaria,36.5622,3.5944,Algeria,59746,,,,,
Vinukonda,16.05,79.75,India,59725,,,,,
Suharekë,42.3586,20.825,Kosovo,59722,,,,,
Huehuetoca,19.8342,-99.2033,Mexico,59721,,,,,
Taunton,41.9036,-71.0943,United States,59719,,,,,
Zvishavane,-20.3333,30.0333,Zimbabwe,59717,,,,,
Viçosa do Ceará,-3.5619,-41.0919,Brazil,59712,,,,,
Gohadi,26.4328,78.442,India,59706,,,,,
Kananya,11.1856,124.5597,Philippines,59696,,,,,
Khagaria,25.5022,86.4671,India,59691,,,,,
Hardenberg,52.5758,6.6194,Netherlands,59689,,,,,
Matera,40.6667,16.6,Italy,59685,,,,,
Bougouni,11.4177,-7.4832,Mali,59679,,,,,
Karamürsel,40.6892,29.615,Turkey,59676,,,,,
Huajiang,25.6969,105.592,China,59657,,,,,
Sanyō-Onoda,34.0031,131.1819,Japan,59648,,,,,
Monterey Park,34.0497,-118.1326,United States,59639,,,,,
Aguacatán,15.35,-91.3167,Guatemala,59638,,,,,
Sennan,34.3628,135.2761,Japan,59634,,,,,
Motril,36.75,-3.5167,Spain,59632,,,,,
Date,37.8191,140.563,Japan,59625,,,,,
Pāchora,20.67,75.35,India,59609,,,,,
Medellin,11.1286,123.9622,Philippines,59605,,,,,
Maimbung,5.93,121.03,Philippines,59597,,,,,
West Allis,43.0068,-88.0296,United States,59588,,,,,
Lianzhuangcun,37.1146,115.7594,China,59576,,,,,
Coroatá,-4.13,-44.1239,Brazil,59566,,,,,
Bétou,3.0594,18.5142,Congo (Brazzaville),59563,,,,,
Limoeiro do Norte,-5.1458,-38.0978,Brazil,59560,,,,,
Chełm,51.1322,23.4778,Poland,59546,,,,,
Tiptūr,13.26,76.48,India,59543,,,,,
Altamira,22.3375,-97.8694,Mexico,59536,,,,,
Gopichettipālaiyam,11.4549,77.4365,India,59523,,,,,
Revda,56.8053,59.9283,Russia,59521,,,,,
Givatayim,32.0697,34.8117,Israel,59518,,,,,
Zamora,41.4989,-5.7556,Spain,59506,,,,,
Itānagar,27.1,93.62,India,59490,,,,,
Esfarāyen,37.0706,57.5056,Iran,59490,,,,,
Santee,32.8554,-116.9851,United States,59485,,,,,
Ban Bang Kaeo,13,38,Thailand,59478,,,,,
Pallíni,38,23.8833,Greece,59459,,,,,
Wangzhuang,39.8003,116.15,China,59452,,,,,
Stralsund,54.3092,13.0819,Germany,59450,,,,,
North Miami,25.9008,-80.1686,United States,59429,,,,,
Stryi,49.25,23.85,Ukraine,59425,,,,,
Blue Springs,39.0124,-94.2721,United States,59416,,,,,
Yara,20.2767,-76.9469,Cuba,59415,,,,,
Des Plaines,42.0345,-87.9008,United States,59408,,,,,
Shimotsuke,36.3872,139.8421,Japan,59404,,,,,
Shirakawa,37.1263,140.2109,Japan,59393,,,,,
Los Andes,-32.8333,-70.6167,Chile,59388,,,,,
Ouinhri,7,2.45,Benin,59381,,,,,
Kokomo,40.464,-86.1277,United States,59375,,,,,
Morón,22.1108,-78.6278,Cuba,59371,,,,,
Esperanza,8.68,125.65,Philippines,59353,,,,,
Jackson,40.098,-74.3578,United States,59352,,,,,
Uzunköprü,41.2667,26.6833,Turkey,59351,,,,,
Koga,33.7289,130.47,Japan,59349,,,,,
Aş Şaff,29.5647,31.2811,Egypt,59348,,,,,
Kesennuma,38.9081,141.5699,Japan,59341,,,,,
Garín,-34.4167,-58.75,Argentina,59335,,,,,
Petaluma,38.2423,-122.6266,United States,59321,,,,,
Jōsō,36.0236,139.9938,Japan,59314,,,,,
Alfonso,14.1379,120.8552,Philippines,59306,,,,,
Göppingen,48.7025,9.6528,Germany,59300,,,,,
Gaibandha,25.329,89.5415,Bangladesh,59289,,,,,
União dos Palmares,-9.1628,-36.0319,Brazil,59280,,,,,
Shoreline,47.7564,-122.3426,United States,59280,,,,,
Hyūga,32.4228,131.6239,Japan,59276,,,,,
Dhone,15.396,77.872,India,59272,,,,,
Irosin,12.705,124.0319,Philippines,59267,,,,,
Irati,-25.4669,-50.6508,Brazil,59250,,,,,
Gannan,47.9117,123.4978,China,59239,,,,,
San Francisco,10.65,124.35,Philippines,59236,,,,,
Trollhättan,58.2671,12.3,Sweden,59210,,,,,
Neuilly-sur-Seine,48.8881,2.2686,France,59200,,,,,
Belebey,54.1,54.1333,Russia,59195,,,,,
Rājgarh,28.64,75.38,India,59193,,,,,
Kateríni,40.2667,22.5,Greece,59189,,,,,
San Simon,14.998,120.78,Philippines,59182,,,,,
Dīla,6.4083,38.3083,Ethiopia,59150,,,,,
Výronas,37.9617,23.7533,Greece,59134,,,,,
Artemisa,22.8136,-82.7633,Cuba,59130,,,,,
Chalkída,38.4625,23.595,Greece,59125,,,,,
Mansalay,12.5204,121.4385,Philippines,59114,,,,,
Dāmghān,36.1642,54.3408,Iran,59106,,,,,
Chichibu,35.9918,139.0855,Japan,59101,,,,,
Umm al Qaywayn,25.5533,55.5475,United Arab Emirates,59098,,,,,
Antigua Guatemala,14.5667,-90.7333,Guatemala,59091,,,,,
Panna,24.27,80.17,India,59091,,,,,
Barking,51.54,0.08,United Kingdom,59068,,,,,
Medford,42.4234,-71.1087,United States,59062,,,,,
Chivacoa,10.16,-68.9097,Venezuela,59059,,,,,
Constanza,18.91,-70.75,Dominican Republic,59052,,,,,
Saint-Louis du Sud,18.2624,-73.546,Haiti,59042,,,,,
Yevlax,40.6172,47.15,Azerbaijan,59036,,,,,
El Palomar,-34.6167,-58.5833,Argentina,59031,,,,,
Tahara,34.6688,137.2809,Japan,59015,,,,,
Taylorsville,40.6569,-111.9493,United States,59010,,,,,
Upi,7.0106,124.1629,Philippines,59004,,,,,
Metapán,14.3314,-89.4428,El Salvador,59004,,,,,
Camacupa,-12.0256,17.4686,Angola,59000,,,,,
Wylie,33.0362,-96.5161,United States,58991,,,,,
Florida,3.3275,-76.2386,Colombia,58988,,,,,
Jiguaní,20.3731,-76.4222,Cuba,58982,,,,,
Huauchinango,20.1767,-98.0528,Mexico,58957,,,,,
Buderim,-26.6847,153.0532,Australia,58956,,,,,
Anzio,41.4472,12.6283,Italy,58949,,,,,
Nirgua,10.0833,-68.6667,Venezuela,58932,,,,,
Santa María Chiquimula,15.0292,-91.3294,Guatemala,58918,,,,,
Cruz Alta,-28.6386,-53.6064,Brazil,58913,,,,,
Cerro de Pasco,-10.6864,-76.2625,Peru,58899,,,,,
Xikeng,24.0505,116.8538,China,58890,,,,,
Lac-Brome,45.2167,-72.5167,Canada,58889,,,,,
Cupertino,37.3168,-122.0466,United States,58886,,,,,
Sutton,51.3656,-0.1963,United Kingdom,58880,,,,,
Andoharanofotsy,-18.9851,47.5364,Madagascar,58878,,,,,
Gattaran,18.0611,121.6453,Philippines,58874,,,,,
Carvajal,9.33,-70.5767,Venezuela,58863,,,,,
Parobé,-29.6286,-50.8347,Brazil,58858,,,,,
Sidi ech Chahmi,35.6667,-0.5167,Algeria,58857,,,,,
Zahirābād,17.6814,77.6074,India,58857,,,,,
Roxas,12.58,121.5,Philippines,58849,,,,,
Wani,20.0556,78.9533,India,58840,,,,,
Binnāguri,26.7641,89.0558,India,58840,,,,,
Merthyr Tudful,51.743,-3.378,United Kingdom,58839,,,,,
Ban Rangsit,14.0167,100.75,Thailand,58838,,,,,
Kaposvár,46.3667,17.7833,Hungary,58830,,,,,
Canlaon,10.38,123.2,Philippines,58822,,,,,
Frankfurt (Oder),52.3419,14.5517,Germany,58818,,,,,
Chistopol,55.3647,50.6261,Russia,58815,,,,,
Beccar,-34.4667,-58.5167,Argentina,58811,,,,,
Menzel Bourguiba,37.15,9.7833,Tunisia,58800,,,,,
Upleta,21.73,70.28,India,58775,,,,,
El Salvador,8.57,124.52,Philippines,58771,,,,,
Narasapur,16.4361,81.7016,India,58770,,,,,
Xánthi,41.1333,24.8833,Greece,58760,,,,,
Chikuma,36.5339,138.12,Japan,58755,,,,,
Zarechnyy,53.2,45.1667,Russia,58753,,,,,
Barranca,-10.7541,-77.761,Peru,58749,,,,,
Kruševac,43.5833,21.3267,Serbia,58745,,,,,
Pedro Leopoldo,-19.6181,-44.0431,Brazil,58740,,,,,
Jaguariúna,-22.68,-46.99,Brazil,58722,,,,,
Calatagan,13.8322,120.6322,Philippines,58719,,,,,
Baganga,7.5752,126.5585,Philippines,58714,,,,,
Faenza,44.2856,11.8833,Italy,58710,,,,,
Sandnes,58.85,5.7333,Norway,58694,,,,,
Viseu,-1.1969,-46.14,Brazil,58692,,,,,
Jovellanos,22.8106,-81.1981,Cuba,58685,,,,,
Dosso,13.0505,3.2081,Niger,58671,,,,,
Baguinéda,12.6129,-7.7734,Mali,58661,,,,,
Koja,26.3344,127.8057,Japan,58658,,,,,
Kasungu,-13.0364,33.4822,Malawi,58653,,,,,
Sonabedha,18.73,82.83,India,58647,,,,,
Pasrur,32.2637,74.6628,Pakistan,58644,,,,,
Çaldıran,39.1419,43.9139,Turkey,58635,,,,,
Wuyang,27.057,108.3959,China,58630,,,,,
Raharpur,24.8194,88.325,Bangladesh,58624,,,,,
Edgware,51.6185,-0.2729,United Kingdom,58619,,,,,
Xinfeng,24.9167,121,Taiwan,58614,,,,,
Alta Floresta,-9.8758,-56.0858,Brazil,58613,,,,,
Tenkodogo,11.7833,-0.3667,Burkina Faso,58600,,,,,
Kaş,36.202,29.638,Turkey,58600,,,,,
Mpondwe,0.04,29.725,Uganda,58600,,,,,
Sayama,34.5036,135.5557,Japan,58593,,,,,
Frutal,-20.025,-48.9408,Brazil,58588,,,,,
Cambundi Catembo,-10.0756,17.5569,Angola,58581,,,,,
Pipariā,22.757,78.355,India,58578,,,,,
Sarcelles,48.9956,2.3808,France,58576,,,,,
Tønsberg,59.2981,10.4236,Norway,58561,,,,,
Mehdya,34.2597,-6.65,Morocco,58558,,,,,
San Luis,15.04,120.7919,Philippines,58551,,,,,
The Hammocks,25.67,-80.4482,United States,58548,,,,,
Caltanissetta,37.4915,14.0624,Italy,58532,,,,,
Gllogovc,42.6283,20.8939,Kosovo,58531,,,,,
Una,20.82,71.03,India,58528,,,,,
Balancán,17.8,-91.5333,Mexico,58524,,,,,
Tarīm,16.05,49,Yemen,58523,,,,,
Ibaan,13.8176,121.133,Philippines,58507,,,,,
Fréjus,43.433,6.737,France,58499,,,,,
Sardhana,29.145,77.61,India,58490,,,,,
São Gabriel,-30.3358,-54.32,Brazil,58487,,,,,
Hakkari,37.577,43.739,Turkey,58470,,,,,
Abington,40.1108,-75.1146,United States,58470,,,,,
Mexquitic de Carmona,22.2667,-101.1167,Mexico,58469,,,,,
Ōsakasayama,34.5,135.55,Japan,58465,,,,,
Hastināpur,29.17,78.02,India,58452,,,,,
Crotone,39.0833,17.1167,Italy,58445,,,,,
San Pedro,-24.2196,-64.87,Argentina,58430,,,,,
Tianningcun,30.8938,120.8009,China,58430,,,,,
Liannong,31.0107,121.0393,China,58429,,,,,
Liantangcun,22.9517,112.4597,China,58429,,,,,
Benevento,41.1256,14.7811,Italy,58418,,,,,
Qaskeleng,43.2,76.62,Kazakhstan,58418,,,,,
Margate,26.2466,-80.2119,United States,58418,,,,,
Trairi,-3.2778,-39.2689,Brazil,58415,,,,,
Przemyśl,49.7833,22.7667,Poland,58408,,,,,
Sérres,41.0833,23.55,Greece,58400,,,,,
Ma’erkang,31.9057,102.2065,China,58390,,,,,
Heerhugowaard,52.6667,4.8333,Netherlands,58387,,,,,
San Fernando,-34.5833,-70.9833,Chile,58367,,,,,
Carson City,39.1511,-119.7476,United States,58364,,,,,
Chaiyaphum,15.8056,102.0311,Thailand,58350,,,,,
Sandīla,27.08,80.52,India,58346,,,,,
Pebane,-17.2642,38.135,Mozambique,58342,,,,,
Hoboken,40.7452,-74.0281,United States,58340,,,,,
Zengcun,38.2451,114.7367,China,58339,,,,,
Zengcun,38.2461,114.7394,China,58339,,,,,
Madison,34.7114,-86.7626,United States,58335,,,,,
Acerra,40.95,14.3667,Italy,58322,,,,,
Ogōri,33.3964,130.5556,Japan,58322,,,,,
Punta Alta,-38.88,-62.075,Argentina,58315,,,,,
Palompon,11.05,124.38,Philippines,58313,,,,,
Tiruvālūr,10.773,79.637,India,58301,,,,,
Sucun,31.0554,118.1057,China,58300,,,,,
Murakami,38.224,139.48,Japan,58300,,,,,
St. Clair Shores,42.4925,-82.8961,United States,58287,,,,,
Capenda Camulemba,-9.4233,18.4328,Angola,58285,,,,,
Ishikari,43.1667,141.3167,Japan,58284,,,,,
Antsalova,-18.6764,44.6227,Madagascar,58280,,,,,
Lambayeque,-6.7,-79.9,Peru,58276,,,,,
Doetinchem,51.9656,6.2889,Netherlands,58270,,,,,
Pursat,12.5337,103.9167,Cambodia,58255,,,,,
Mouscron,50.7333,3.2167,Belgium,58234,,,,,
Sillod,20.3,75.65,India,58230,,,,,
Ruislip,51.576,-0.433,United Kingdom,58217,,,,,
Mielec,50.2833,21.4333,Poland,58213,,,,,
Călăraşi,44.2,27.3333,Romania,58211,,,,,
Myaungmya,16.6036,94.9289,Burma,58205,,,,,
Lorient,47.75,-3.36,France,58202,,,,,
Zaraza,9.3394,-65.3167,Venezuela,58200,,,,,
St. Peters,38.7825,-90.6061,United States,58200,,,,,
Savona,44.3081,8.4811,Italy,58194,,,,,
Naval,11.58,124.45,Philippines,58187,,,,,
Barotac Nuevo,10.9,122.7,Philippines,58176,,,,,
Midwest City,35.463,-97.371,United States,58170,,,,,
Temascalcingo,19.9147,-100.0036,Mexico,58169,,,,,
Samaná,19.2053,-69.3364,Dominican Republic,58156,,,,,
Chivilcoy,-34.9,-60.0167,Argentina,58152,,,,,
Villejuif,48.7919,2.3636,France,58142,,,,,
Kitahiroshima,42.9833,141.5667,Japan,58125,,,,,
Mulbāgal,13.1635,78.3935,India,58123,,,,,
North Vancouver,49.3202,-123.0699,Canada,58120,,,,,
Rouissat,31.9167,5.35,Algeria,58112,,,,,
Ávila,40.65,-4.6833,Spain,58111,,,,,
Beitbridge,-22.2167,30,Zimbabwe,58100,,,,,
Bakwa-Kalonji,-4.35,20.72,Congo (Kinshasa),58092,,,,,
Lampang,18.3,99.5,Thailand,58074,,,,,
Dapaong,10.8667,0.2,Togo,58071,,,,,
Felgueiras,41.3667,-8.2,Portugal,58065,,,,,
Streatham,51.4279,-0.1235,United Kingdom,58055,,,,,
Timargara,34.8278,71.8417,Pakistan,58050,,,,,
Severn,39.1355,-76.6956,United States,58041,,,,,
São Sebastião,-23.804,-45.4051,Brazil,58038,,,,,
Lake Havasu City,34.5006,-114.3113,United States,58037,,,,,
Ambahikily,-21.605,43.6748,Madagascar,58027,,,,,
Chibuto,-24.6867,33.5306,Mozambique,58012,,,,,
Lop Buri,14.8,100.6269,Thailand,58000,,,,,
Pradera,3.4167,-76.1667,Colombia,57990,,,,,
Masantol,14.9,120.72,Philippines,57990,,,,,
Tczew,54.0875,18.7972,Poland,57990,,,,,
Lenexa,38.9609,-94.8018,United States,57986,,,,,
Chornomorsk,46,18,Ukraine,57983,,,,,
Santa Isabel,-23.3156,-46.2214,Brazil,57966,,,,,
Orland Park,41.6075,-87.8619,United States,57961,,,,,
Kawthoung,9.9833,98.55,Burma,57949,,,,,
Kumertau,52.7667,55.7833,Russia,57949,,,,,
Hunsūr,12.3036,76.2927,India,57948,,,,,
Salsk,46.4833,41.5333,Russia,57937,,,,,
Pānskura,22.417,87.7,India,57932,,,,,
Nanjakkād,9.2069,76.6319,India,57931,,,,,
Kan’onjichō,34.1272,133.6614,Japan,57921,,,,,
Hameln,52.1,9.3667,Germany,57916,,,,,
New Corella,7.5866,125.8237,Philippines,57913,,,,,
Galátsi,38.0167,23.75,Greece,57909,,,,,
Zempoala,19.9153,-98.6689,Mexico,57906,,,,,
Kolondiéba,11.0883,-6.8925,Mali,57898,,,,,
Allanmyo,19.3783,95.2279,Burma,57897,,,,,
Cogan,10.58,123.97,Philippines,57897,,,,,
Nausori,-18.0244,178.5454,Fiji,57882,,,,,
Royal Oak,42.5084,-83.1539,United States,57880,,,,,
Glew,-34.8833,-58.3833,Argentina,57878,,,,,
Rāmpur Hat,24.17,87.78,India,57833,,,,,
Dumanjog,10.05,123.48,Philippines,57823,,,,,
Asingan,16.0023,120.6695,Philippines,57811,,,,,
Suileng,47.2419,127.1161,China,57789,,,,,
Weymouth,42.1981,-70.9466,United States,57786,,,,,
Marano di Napoli,40.9,14.1833,Italy,57777,,,,,
Orito,0.6661,-76.8708,Colombia,57774,,,,,
Xiezhou,34.9124,110.8517,China,57773,,,,,
Royal Tunbridge Wells,51.132,0.263,United Kingdom,57772,,,,,
Bowie,38.9549,-76.7406,United States,57771,,,,,
Živinice,44.4493,18.6498,Bosnia and Herzegovina,57765,,,,,
Decatur,34.5731,-86.9905,United States,57760,,,,,
Zarand,30.8108,56.5658,Iran,57749,,,,,
El Attaf,36.2167,1.6667,Algeria,57737,,,,,
Ouezzane,34.8,-5.5833,Morocco,57737,,,,,
Hervey Bay,-25.29,152.84,Australia,57722,,,,,
Bibā,28.9218,30.9844,Egypt,57716,,,,,
Bel Air South,39.5022,-76.3113,United States,57702,,,,,
Bellevue,48.871,2.385,France,57699,,,,,
Khandāla,18.7481,73.4072,India,57698,,,,,
Lonāvale,18.7481,73.4072,India,57698,,,,,
Towson,39.3944,-76.619,United States,57683,,,,,
Kosai,34.7184,137.5316,Japan,57682,,,,,
Dompu,-8.5364,118.4633,Indonesia,57680,,,,,
General Pico,-35.6667,-63.7333,Argentina,57669,,,,,
Anahuac,22.1833,-97.9333,Mexico,57646,,,,,
Mogoditshane,-24.6333,25.8667,Botswana,57637,,,,,
Grand-Popo,6.2833,1.8333,Benin,57636,,,,,
Stalowa Wola,50.5667,22.05,Poland,57620,,,,,
Gengzhuangqiaocun,37.4453,114.9804,China,57617,,,,,
Jerez de García Salinas,22.6481,-102.9903,Mexico,57610,,,,,
Yanguancun,30.4541,120.5545,China,57609,,,,,
Camajuaní,22.4678,-79.7239,Cuba,57600,,,,,
New Plymouth,-39.0578,174.0742,New Zealand,57600,,,,,
Tomaszów Mazowiecki,51.5167,20.0167,Poland,57600,,,,,
Casa Grande,32.9069,-111.7624,United States,57590,,,,,
Ādīgrat,14.2667,39.45,Ethiopia,57588,,,,,
Coconut Creek,26.2803,-80.1842,United States,57587,,,,,
Taquara,-29.6506,-50.7806,Brazil,57584,,,,,
Bilimora,20.75,72.95,India,57583,,,,,
Kothāpet,19.3333,79.4833,India,57583,,,,,
Maduraivayal,13.0631,80.1719,India,57563,,,,,
Tōgane,35.5599,140.3661,Japan,57560,,,,,
Sicuani,-14.272,-71.229,Peru,57551,,,,,
Lucan,53.3592,-6.4389,Ireland,57550,,,,,
Diriamba,11.85,-86.2333,Nicaragua,57542,,,,,
Taliwang,-8.7336,116.8667,Indonesia,57540,,,,,
Milagros,12.2192,123.5089,Philippines,57538,,,,,
Santa Maria,6.55,125.47,Philippines,57526,,,,,
Palāsa,18.7731,84.4078,India,57507,,,,,
Tokoname,34.8865,136.8323,Japan,57507,,,,,
Ejmiatsin,40.1728,44.2925,Armenia,57500,,,,,
Wiwilí de Jinotega,13.62,-85.8182,Nicaragua,57485,,,,,
Wiwilí,13.6167,-85.8333,Nicaragua,57485,,,,,
Guarabira,-6.855,-35.49,Brazil,57484,,,,,
Humaitá,-7.5061,-63.0208,Brazil,57473,,,,,
Santiago Tuxtla,18.4653,-95.3025,Mexico,57466,,,,,
Tanauan,11.12,125.02,Philippines,57455,,,,,
Kettering,39.6956,-84.1494,United States,57442,,,,,
Meerbusch,51.2667,6.6667,Germany,57440,,,,,
Chintalapalli,18.331,79.674,India,57434,,,,,
Dzerzhinskiy,55.6333,37.85,Russia,57434,,,,,
Maisons-Alfort,48.8058,2.4378,France,57422,,,,,
Baden-Baden,48.7628,8.2408,Germany,57420,,,,,
Lohārdagā,23.4331,84.6799,India,57411,,,,,
Buluan,6.7154,124.7854,Philippines,57406,,,,,
Sinop,42.0267,35.1511,Turkey,57404,,,,,
Cuvelai,-15.6667,15.8,Angola,57398,,,,,
Ponte Nova,-20.4164,-42.9086,Brazil,57390,,,,,
Richards Bay,-28.7694,32.0594,South Africa,57387,,,,,
Bezerros,-8.2333,-35.75,Brazil,57371,,,,,
Foumbot,5.5,10.6333,Cameroon,57367,,,,,
Antsinanantsena,-18.836,47.5564,Madagascar,57363,,,,,
Huaniu,34.5478,105.865,China,57360,,,,,
Qianwu,22.1346,113.2208,China,57352,,,,,
Nacaome,13.5325,-87.4881,Honduras,57345,,,,,
Vacaria,-28.5119,-50.9339,Brazil,57341,,,,,
Bebington,53.35,-3.003,United Kingdom,57336,,,,,
Herriman,40.4899,-112.017,United States,57336,,,,,
Molfetta,41.2,16.6,Italy,57329,,,,,
Eldorado,-26.4,-54.6333,Argentina,57323,,,,,
Mali,23.1262,104.7409,China,57320,,,,,
Roermond,51.1933,5.9872,Netherlands,57308,,,,,
Coruripe,-10.1256,-36.1756,Brazil,57294,,,,,
Mācherla,16.48,79.43,India,57290,,,,,
Boac,13.45,121.83,Philippines,57283,,,,,
Targovishte,43.25,26.583,Bulgaria,57264,,,,,
Nova Esperança,-6.7333,15.9,Angola,57248,,,,,
Içara,-28.7133,-49.3,Brazil,57247,,,,,
Kandukūr,15.2167,79.9042,India,57246,,,,,
Saint-Hyacinthe,45.6167,-72.95,Canada,57239,,,,,
Keonjhargarh,21.63,85.58,India,57232,,,,,
Brookhaven,33.8743,-84.3314,United States,57224,,,,,
Riosucio,7.4406,-77.1189,Colombia,57220,,,,,
Villa Hayes,-25.09,-57.53,Paraguay,57217,,,,,
Aldershot,51.2483,-0.7614,United Kingdom,57211,,,,,
Cupang,14.4315,121.0486,Philippines,57196,,,,,
Daqiao,30.745,120.8564,China,57192,,,,,
Alangalang,11.2061,124.8478,Philippines,57185,,,,,
Samannūd,30.9622,31.2425,Egypt,57177,,,,,
Bulungu,-4.55,18.6,Congo (Kinshasa),57168,,,,,
Uson,12.2253,123.7834,Philippines,57166,,,,,
Hele,18.9058,110.4737,China,57165,,,,,
Boufarik,36.5706,2.9108,Algeria,57162,,,,,
Ping’an,36.4969,102.1247,China,57152,,,,,
Kollegāl,12.1539,77.101,India,57149,,,,,
Sarapiquí,10.4853,-83.9362,Costa Rica,57147,,,,,
Cosamaloapan,18.3676,-95.7986,Mexico,57147,,,,,
Iskitim,54.64,83.3061,Russia,57147,,,,,
Granadilla de Abona,28.1167,-16.5667,Spain,57143,,,,,
Taroudannt,30.471,-8.8806,Morocco,57136,,,,,
Cascavel,-4.1308,-38.2358,Brazil,57129,,,,,
Biga,40.2281,27.2422,Turkey,57125,,,,,
Pavlovo,55.9653,43.0711,Russia,57116,,,,,
Unjha,23.8,72.4,India,57108,,,,,
Oak Lawn,41.7139,-87.7528,United States,57098,,,,,
Uki,32.6478,130.6842,Japan,57096,,,,,
Nonoichi,36.5194,136.6098,Japan,57090,,,,,
Lacey,47.0462,-122.7933,United States,57088,,,,,
Moramanga,-18.948,48.2297,Madagascar,57084,,,,,
Lingen,52.5231,7.3231,Germany,57075,,,,,
Borūjen,31.9719,51.2917,Iran,57071,,,,,
Devrek,41.2333,31.9667,Turkey,57069,,,,,
Maun,-19.9833,23.4167,Botswana,57067,,,,,
Shali,43.15,45.9,Russia,57060,,,,,
Mafeteng,-29.8167,27.25,Lesotho,57059,,,,,
Bail-Hongal,15.8137,74.8589,India,57057,,,,,
Jasaan,8.65,124.75,Philippines,57055,,,,,
Aleksandrov,56.4,38.7333,Russia,57053,,,,,
Dehdasht,30.7964,50.5658,Iran,57036,,,,,
Semara,26.7394,-11.6703,Morocco,57035,,,,,
Alvarado,18.7811,-95.7572,Mexico,57035,,,,,
Colmenar Viejo,40.6589,-3.7658,Spain,57029,,,,,
Minokamo,35.4402,137.0157,Japan,57007,,,,,
Ipele,7.1333,5.6667,Nigeria,57000,,,,,
Bura,3.1722,42.1411,Somalia,57000,,,,,
Bartlett,35.2337,-89.8195,United States,56998,,,,,
Zushi,35.2833,139.5833,Japan,56996,,,,,
Talagante,-33.6667,-70.8667,Chile,56990,,,,,
Rîbniţa,47.7664,29.0006,Moldova,56988,,,,,
Nasīrabād,26.3,74.73,India,56980,,,,,
Cerignola,41.2667,15.9,Italy,56978,,,,,
Ródos,36.4412,28.2225,Greece,56969,,,,,
Cuemba,-12.15,18.0833,Angola,56963,,,,,
Tezonapa,18.6,-96.6833,Mexico,56956,,,,,
Cachoeiras de Macacu,-22.4628,-42.6528,Brazil,56943,,,,,
Machang,5.7641,102.2141,Malaysia,56937,,,,,
Huaixiangcun,22.4817,111.0542,China,56936,,,,,
San Luis,18.5473,-69.8019,Dominican Republic,56933,,,,,
Kędzierzyn-Koźle,50.35,18.2,Poland,56931,,,,,
Puerto Boyacá,6,-74.4167,Colombia,56930,,,,,
Binə,40.45,50.0833,Azerbaijan,56928,,,,,
Azzaba,36.7333,7.1,Algeria,56922,,,,,
Mora,10.0088,-84.0216,Costa Rica,56919,,,,,
Hagonoy,6.68,125.3,Philippines,56919,,,,,
Xam Nua,20.415,104.048,Laos,56900,,,,,
Limbang,4.75,115,Malaysia,56900,,,,,
Gūdalur,11.5014,76.4916,India,56886,,,,,
Dina,33.0283,73.6011,Pakistan,56886,,,,,
Clamart,48.8014,2.2628,France,56882,,,,,
Ipirá,-12.1578,-39.7369,Brazil,56876,,,,,
Miragoâne,18.4411,-73.0883,Haiti,56864,,,,,
Sāmalkot,17.0531,82.1695,India,56864,,,,,
Caacupé,-25.387,-57.14,Paraguay,56864,,,,,
Karīmganj,24.87,92.35,India,56854,,,,,
Acambay,19.9539,-99.8431,Mexico,56847,,,,,
Santa Rosa,-3.4522,-79.9617,Ecuador,56842,,,,,
Pinagkaisahan,14.5229,121.0555,Philippines,56835,,,,,
Bobbili,18.5667,83.3667,India,56819,,,,,
Bebandem,-8.4046,115.5395,Indonesia,56800,,,,,
Fussa,35.7333,139.3333,Japan,56786,,,,,
Bowmanville,43.9125,-78.6871,Canada,56742,,,,,
Düziçi,37.2431,36.4567,Turkey,56724,,,,,
Kālna,23.22,88.37,India,56722,,,,,
Sattenapalle,16.3962,80.1497,India,56721,,,,,
Tulcán,0.8117,-77.7186,Ecuador,56719,,,,,
Lagonoy,13.7353,123.5208,Philippines,56714,,,,,
Görlitz,51.1528,14.9872,Germany,56694,,,,,
Sankt Augustin,50.77,7.1867,Germany,56692,,,,,
Narbonne,43.1836,3.0042,France,56692,,,,,
Highland,34.1113,-117.165,United States,56690,,,,,
Basey,11.2817,125.0683,Philippines,56685,,,,,
Hassa,36.7994,36.5178,Turkey,56675,,,,,
Kudamatsu,34.015,131.8703,Japan,56661,,,,,
Meaux,48.9603,2.8883,France,56659,,,,,
Hod HaSharon,32.15,34.8833,Israel,56659,,,,,
Pirapora,-17.345,-44.9419,Brazil,56640,,,,,
Vrindāvan,27.58,77.7,India,56618,,,,,
Chini,23.3901,113.0736,China,56609,,,,,
Diglipur,13.2667,93,India,56597,,,,,
Acámbaro,20.0361,-100.7314,Mexico,56597,,,,,
Stolberg,50.7667,6.2333,Germany,56584,,,,,
Khāsh,28.22,61.2114,Iran,56584,,,,,
Den Helder,52.9333,4.75,Netherlands,56582,,,,,
Forest,50.8131,4.3247,Belgium,56581,,,,,
Pangantocan,7.8331,124.8294,Philippines,56580,,,,,
Tāybād,34.7408,60.7792,Iran,56562,,,,,
Mafra,-26.1114,-49.8053,Brazil,56561,,,,,
Ar Riqqah,29.1489,48.1057,Kuwait,56554,,,,,
San Pedro Sacatepéquez,14.6833,-90.6333,Guatemala,56545,,,,,
Asbest,57,61.4667,Russia,56533,,,,,
Ramon,16.78,121.53,Philippines,56523,,,,,
Saruhanlı,38.7342,27.5658,Turkey,56523,,,,,
Sibay,52.7,58.65,Russia,56514,,,,,
Ixtahuacán,15.4167,-91.7667,Guatemala,56511,,,,,
Limoeiro,-7.875,-35.45,Brazil,56510,,,,,
Meleuz,52.95,55.9333,Russia,56505,,,,,
San Carlos del Zulia,9,-71.9333,Venezuela,56500,,,,,
Porto Feliz,-23.215,-47.5239,Brazil,56497,,,,,
Naugaon Sādāt,28.9833,78.4167,India,56493,,,,,
Budënnovsk,44.7833,44.1667,Russia,56488,,,,,
Colomba,14.7167,-91.7333,Guatemala,56487,,,,,
Sendhwa,21.6847,75.0953,India,56485,,,,,
Athiémé,6.5833,1.6667,Benin,56483,,,,,
El Cerrito,3.6667,-76.1667,Colombia,56470,,,,,
Kannapolis,35.4764,-80.6408,United States,56470,,,,,
Bartolomé Masó,20.1686,-76.9428,Cuba,56460,,,,,
Fountainebleau,25.7723,-80.346,United States,56453,,,,,
Moyobamba,-6.0333,-76.9667,Peru,56452,,,,,
Bianyang,25.6194,106.535,China,56451,,,,,
Chekfa,36.7667,5.9667,Algeria,56447,,,,,
Tiwi,13.4585,123.6805,Philippines,56444,,,,,
Talegaon Dābhāde,18.72,73.68,India,56435,,,,,
Tama,34.4886,133.9486,Japan,56431,,,,,
Bluefields,12,-83.75,Nicaragua,56421,,,,,
Rafael Calzada,-34.7833,-58.3667,Argentina,56419,,,,,
Wote,-1.7808,37.6288,Kenya,56419,,,,,
Rolim de Moura,-11.7254,-61.7778,Brazil,56406,,,,,
Mocoa,1.15,-76.6475,Colombia,56398,,,,,
Boudouaou,36.73,3.41,Algeria,56398,,,,,
Villarrica,-25.75,-56.4333,Paraguay,56385,,,,,
Binalonan,16.05,120.6,Philippines,56382,,,,,
Longxing,35.6091,111.2304,China,56381,,,,,
Fountain Valley,33.7105,-117.9514,United States,56358,,,,,
Sucat,14.46,121.05,Philippines,56354,,,,,
Placer,11.8689,123.9167,Philippines,56340,,,,,
Paços de Ferreira,41.2833,-8.3833,Portugal,56340,,,,,
Bentonville,36.3547,-94.2305,United States,56326,,,,,
Tekkeköy,41.2125,36.4569,Turkey,56318,,,,,
Rosh Ha‘Ayin,32.0833,34.95,Israel,56300,,,,,
Bradenton,27.4901,-82.5757,United States,56289,,,,,
Korkuteli,37.0667,30.2,Turkey,56285,,,,,
Smyrna,33.8633,-84.5168,United States,56285,,,,,
Pulheim,51,6.8,Germany,56284,,,,,
Lian,14.03,120.65,Philippines,56280,,,,,
Narammala,7.4337,80.1971,Sri Lanka,56279,,,,,
Rio Bonito,-22.7078,-42.6258,Brazil,56276,,,,,
Libungan,7.25,124.52,Philippines,56269,,,,,
Amarante,41.2728,-8.0825,Portugal,56264,,,,,
Magsaysay,6.77,125.18,Philippines,56263,,,,,
Bihać,44.8147,15.8692,Bosnia and Herzegovina,56261,,,,,
Pèlèngana,13.4275,-6.2219,Mali,56259,,,,,
Esquipulas,14.5667,-89.35,Guatemala,56253,,,,,
Kūt-e ‘Abdollāh,31.2447,48.6594,Iran,56252,,,,,
Poonamallee,13.0465,80.11,India,56237,,,,,
Sarikei,2.1167,111.5167,Malaysia,56228,,,,,
Kettering,52.3931,-0.7229,United Kingdom,56226,,,,,
Sarasota,27.3387,-82.5432,United States,56218,,,,,
Gangārāmpur,25.4,88.52,India,56217,,,,,
Rahovec,42.3994,20.6547,Kosovo,56208,,,,,
Oosterhout,51.6431,4.8569,Netherlands,56206,,,,,
Hohoe,7.149,0.4746,Ghana,56202,,,,,
Apopka,28.7015,-81.5316,United States,56202,,,,,
Khartsyzk,48.0428,38.1425,Ukraine,56182,,,,,
Dongola,19.1769,30.4839,Sudan,56167,,,,,
Mukōchō,34.9486,135.6983,Japan,56152,,,,,
Eschweiler,50.8167,6.2833,Germany,56132,,,,,
Khlong Luang,14.0647,100.6458,Thailand,56128,,,,,
Tilakpur,28.5278,81.1189,Nepal,56127,,,,,
Kotlas,61.25,46.6333,Russia,56122,,,,,
Moncalieri,45.0005,7.6848,Italy,56117,,,,,
Castelo Branco,39.8228,-7.4931,Portugal,56109,,,,,
Mizuho,35.3918,136.6909,Japan,56106,,,,,
Diffun,16.5936,121.5025,Philippines,56102,,,,,
Cuizhuangzi,38.3237,116.446,China,56096,,,,,
Essaouira,31.5131,-9.7697,Morocco,56074,,,,,
Parsippany-Troy Hills,40.8601,-74.4237,United States,56072,,,,,
Granada,3.5472,-73.7086,Colombia,56065,,,,,
Mandapeta,16.87,81.93,India,56063,,,,,
San Andrés Villa Seca,14.5667,-91.5833,Guatemala,56060,,,,,
Tirur,10.9,75.92,India,56058,,,,,
Mendi,-6.1478,143.6572,Papua New Guinea,56055,,,,,
Takizawa,39.7347,141.0771,Japan,56050,,,,,
Kimilili,0.7877,34.7156,Kenya,56050,,,,,
Uman,20.8833,-89.75,Mexico,56049,,,,,
Pithorāgarh,29.58,80.22,India,56044,,,,,
Kengri,12.9122,77.4827,India,56040,,,,,
Mikhaylovka,50.0667,43.25,Russia,56031,,,,,
Veszprém,47.1,17.9167,Hungary,56029,,,,,
Huaquillas,-3.4814,-80.2432,Ecuador,56021,,,,,
Tit Mellil,33.5533,-7.4822,Morocco,56019,,,,,
Intibucá,14.3121,-88.1781,Honduras,56017,,,,,
Pinto,40.25,-3.7,Spain,56003,,,,,
Langtang,27.9636,111.11,China,56000,,,,,
Ropar,30.9664,76.5331,India,56000,,,,,
Oke-Mesi,7.8167,4.9167,Nigeria,56000,,,,,
Izberbash,42.5633,47.8636,Russia,55996,,,,,
Bad Homburg,50.2167,8.6,Germany,55995,,,,,
Kardítsa,39.3667,21.9167,Greece,55979,,,,,
National City,32.6654,-117.0983,United States,55960,,,,,
Abū Za‘bal,30.2495,31.3545,Egypt,55938,,,,,
Chiapa de Corzo,16.7069,-93.0139,Mexico,55931,,,,,
Lower Bicutan,14.5053,121.0654,Philippines,55928,,,,,
General Tinio,15.35,121.05,Philippines,55925,,,,,
Waiblingen,48.8303,9.3169,Germany,55917,,,,,
Takaishi,34.5167,135.45,Japan,55910,,,,,
Acul du Nord,19.6807,-72.3198,Haiti,55908,,,,,
Beauvais,49.4303,2.0952,France,55906,,,,,
Beruniy,41.6833,60.75,Uzbekistan,55900,,,,,
DeSoto,32.5992,-96.8633,United States,55896,,,,,
Ajodhya,26.7992,82.2044,India,55890,,,,,
Berwyn,41.8433,-87.7909,United States,55888,,,,,
Poblacion,10.47,123.97,Philippines,55874,,,,,
Bungoma,0.5666,34.5666,Kenya,55857,,,,,
İncirliova,37.8547,27.7236,Turkey,55848,,,,,
Longmen,35.5489,110.5153,China,55847,,,,,
Sidi Bennour,32.65,-8.4333,Morocco,55847,,,,,
Fier,40.7167,19.55,Albania,55845,,,,,
Khān Shaykhūn,35.4421,36.6509,Syria,55843,,,,,
Changling,44.27,123.99,China,55841,,,,,
Belampalli,19.0756,79.4881,India,55841,,,,,
Kharar,30.74,76.65,India,55821,,,,,
Zarrīn Shahr,32.3889,51.3733,Iran,55817,,,,,
Bambang,16.3872,121.1075,Philippines,55789,,,,,
Biswān,27.4933,80.9964,India,55780,,,,,
Tsévié,6.4333,1.2167,Togo,55775,,,,,
Rengo,-34.4167,-70.8667,Chile,55757,,,,,
Rzhev,56.25,34.3167,Russia,55757,,,,,
Gulariyā,28.2056,81.3472,Nepal,55747,,,,,
Langenhagen,52.4394,9.74,Germany,55746,,,,,
Cuneo,44.3833,7.55,Italy,55744,,,,,
New Brunswick,40.487,-74.445,United States,55744,,,,,
Umm Ruwaba,12.9058,31.2156,Sudan,55742,,,,,
Kannamangalam,10.05,77.05,India,55738,,,,,
Casa Nova,-9.1619,-40.9708,Brazil,55730,,,,,
Lesosibirsk,58.2358,92.4828,Russia,55730,,,,,
Azul,-36.7833,-59.85,Argentina,55728,,,,,
Krasnotur’insk,59.7733,60.1853,Russia,55727,,,,,
Atchampeta,15.5412,78.9503,India,55722,,,,,
Oulad Yaïch,36.5039,2.8619,Algeria,55719,,,,,
Nōgata,33.7442,130.7297,Japan,55705,,,,,
Asadābād,34.7825,48.1219,Iran,55703,,,,,
Paombong,14.8311,120.7892,Philippines,55696,,,,,
Apple Valley,44.7457,-93.2004,United States,55696,,,,,
Będzin,50.3333,19.1167,Poland,55695,,,,,
Hilden,51.1714,6.9394,Germany,55689,,,,,
Barabai,-2.5833,115.3833,Indonesia,55687,,,,,
Nawucun,21.9856,110.5877,China,55658,,,,,
Jambe,-6.316,106.4853,Indonesia,55650,,,,,
Mount Prospect,42.0641,-87.9375,United States,55648,,,,,
Siliancun,22.7153,111.2846,China,55642,,,,,
Hashtgerd,35.9628,50.6794,Iran,55640,,,,,
Kāndi,23.95,88.03,India,55632,,,,,
Nueva Loja,0.0847,-76.8828,Ecuador,55627,,,,,
Nordhorn,52.4319,7.0678,Germany,55619,,,,,
Hoogeveen,52.7167,6.4667,Netherlands,55603,,,,,
Opava,49.9381,17.9044,Czechia,55600,,,,,
Nyenga,0.38,33.15,Uganda,55600,,,,,
Debre Tabor,11.85,38.0167,Ethiopia,55596,,,,,
Yongqing,34.7522,106.1312,China,55595,,,,,
Iba,15.33,119.98,Philippines,55581,,,,,
Mulanay,13.5222,122.4042,Philippines,55576,,,,,
Kuala Kapuas,-3.0013,114.3916,Indonesia,55573,,,,,
Trapani,38.0175,12.515,Italy,55559,,,,,
Hà Giang,22.8333,104.9833,Vietnam,55559,,,,,
Urbiztondo,15.8227,120.3295,Philippines,55557,,,,,
Saravena,6.9556,-71.8722,Colombia,55554,,,,,
Nuevo Casas Grandes,30.4167,-107.9167,Mexico,55553,,,,,
Arcadia,34.1342,-118.0373,United States,55550,,,,,
Buthidaung,20.8667,92.5333,Burma,55545,,,,,
Wellington,-33.6333,18.9833,South Africa,55543,,,,,
Southaven,34.9514,-89.9786,United States,55531,,,,,
Kidderminster,52.3885,-2.249,United Kingdom,55530,,,,,
Shendi,16.6805,33.42,Sudan,55516,,,,,
Sankt Pölten,48.2,15.6167,Austria,55514,,,,,
Agrigento,37.3107,13.5766,Italy,55512,,,,,
San Agustín Acasaguastlán,14.95,-89.9667,Guatemala,55508,,,,,
Barwāni,22.03,74.9,India,55504,,,,,
Porto Alexandre,-15.8,11.85,Angola,55494,,,,,
Barrow in Furness,54.1108,-3.2261,United Kingdom,55489,,,,,
Batac,18.0554,120.5649,Philippines,55484,,,,,
Villarrica,-39.2667,-72.2167,Chile,55478,,,,,
Videira,-27.0078,-51.1519,Brazil,55466,,,,,
Qiryat Ata,32.8,35.1,Israel,55464,,,,,
Monte Alegre,-2.0078,-54.0689,Brazil,55462,,,,,
Vratsa,43.2121,23.5444,Bulgaria,55451,,,,,
Nansan,23.7784,98.8253,China,55436,,,,,
Tonekābon,36.8153,50.8711,Iran,55434,,,,,
Biała Podlaska,52.0333,23.1167,Poland,55429,,,,,
Xinqing,48.2363,129.5059,China,55415,,,,,
Ksar Hellal,35.6429,10.8911,Tunisia,55415,,,,,
Monte Mor,-22.9467,-47.315,Brazil,55409,,,,,
Tatalon,14.6242,121.0153,Philippines,55404,,,,,
Sacapulas,15.2892,-91.0892,Guatemala,55398,,,,,
Ovar,40.8597,-8.6253,Portugal,55398,,,,,
Asturias,10.5679,123.7172,Philippines,55397,,,,,
Tigard,45.4237,-122.7845,United States,55395,,,,,
Toki,35.4192,137.1832,Japan,55388,,,,,
Erumaippatti,11.58,77.85,India,55385,,,,,
Hyères,43.1199,6.1316,France,55384,,,,,
Khorramdarreh,36.2061,49.2003,Iran,55368,,,,,
Union,42.1258,-76.0329,United States,55365,,,,,
Thérmi,40.55,23.0167,Greece,55358,,,,,
Yamasá,18.7667,-70.0167,Dominican Republic,55348,,,,,
Mercedes,14.1093,123.0109,Philippines,55334,,,,,
Winneba,5.35,-0.6333,Ghana,55331,,,,,
Harpanahalli,14.7877,75.9886,India,55317,,,,,
Crewe,53.099,-2.44,United Kingdom,55315,,,,,
Buta,2.8,24.7333,Congo (Kinshasa),55313,,,,,
Farroupilha,-29.225,-51.3478,Brazil,55308,,,,,
Umm el Faḥm,32.5194,35.1536,Israel,55300,,,,,
Djemmal,35.64,10.76,Tunisia,55285,,,,,
Meyerton,-26.5583,28.0197,South Africa,55283,,,,,
Periya Semūr,11.37,77.6908,India,55282,,,,,
Perth Amboy,40.5202,-74.2724,United States,55278,,,,,
Bobigny,48.9106,2.4397,France,55270,,,,,
Linares,38.0833,-3.6333,Spain,55261,,,,,
Wangguanzhuang Sicun,37.0183,115.5773,China,55258,,,,,
Rubizhne,49.01,38.3714,Ukraine,55247,,,,,
Madhupur,24.26,86.65,India,55238,,,,,
Foligno,42.9561,12.7033,Italy,55226,,,,,
Rijswijk,52.0456,4.33,Netherlands,55220,,,,,
Porirua,-41.1333,174.85,New Zealand,55218,,,,,
Pombal,39.9161,-8.6281,Portugal,55217,,,,,
Chālil,11.7519,75.5959,India,55216,,,,,
Chicopee,42.1764,-72.5719,United States,55213,,,,,
South Whittier,33.9336,-118.0312,United States,55201,,,,,
Verviers,50.5835,5.8641,Belgium,55198,,,,,
Challakere,14.312,76.651,India,55194,,,,,
Wuhuang,29.9649,104.7883,China,55180,,,,,
Biel/Bienne,47.1372,7.2472,Switzerland,55159,,,,,
Zalaegerszeg,46.8392,16.8511,Hungary,55152,,,,,
Puthiyangādi,12.0189,75.2588,India,55149,,,,,
West Haven,41.2739,-72.9672,United States,55147,,,,,
Lazarevac,44.3828,20.2583,Serbia,55146,,,,,
Vranje,42.5542,21.8972,Serbia,55138,,,,,
Ibiporã,-23.2692,-51.0481,Brazil,55131,,,,,
Santa Cruz,10.2358,-85.6408,Costa Rica,55104,,,,,
Māngrol,21.12,70.12,India,55094,,,,,
Shijōnawate,34.74,135.6394,Japan,55094,,,,,
Novohrad-Volynskyi,50.5833,27.6333,Ukraine,55086,,,,,
Chonthrhu,32.4865,75.9941,India,55083,,,,,
Manapla,10.958,123.123,Philippines,55083,,,,,
Bhīmunipatnam,17.8846,83.4393,India,55082,,,,,
Zgierz,51.85,19.4167,Poland,55079,,,,,
Sorgun,39.8144,35.1903,Turkey,55079,,,,,
Rādhanpur,23.83,71.6,India,55076,,,,,
Schweinfurt,50.05,10.2333,Germany,55067,,,,,
Eqbālīyeh,36.2306,49.9225,Iran,55066,,,,,
Smyrna,35.9687,-86.5264,United States,55066,,,,,
Rangewala,30.8222,74.2611,Pakistan,55057,,,,,
Ucuma,-12.85,15.0667,Angola,55054,,,,,
Fālākāta,26.53,89.2,India,55039,,,,,
Volsk,52.05,47.3833,Russia,55035,,,,,
União da Vitória,-26.23,-51.0858,Brazil,55033,,,,,
Chino,35.9955,138.1588,Japan,55018,,,,,
Canoinhas,-26.1769,-50.39,Brazil,55016,,,,,
Touba,8.2833,-7.6833,Côte d’Ivoire,55013,,,,,
Belorechensk,44.7686,39.8733,Russia,55010,,,,,
Tinley Park,41.567,-87.8049,United States,55007,,,,,
Agbangnizoun,7.0667,1.9667,Benin,55001,,,,,
Elenga,24.3386,89.9219,Bangladesh,55000,,,,,
Polūr,12.5119,79.1258,India,55000,,,,,
Bilis Qooqaani,0.2837,41.7141,Somalia,55000,,,,,
Narutochō-mitsuishi,34.1667,134.6167,Japan,54989,,,,,
Songjiangcun,42.1756,127.4842,China,54986,,,,,
Catu,-12.3531,-38.3789,Brazil,54970,,,,,
Hacienda Heights,33.997,-117.9727,United States,54956,,,,,
Vannes,47.6559,-2.7603,France,54955,,,,,
Trani,41.2667,16.4167,Italy,54941,,,,,
Oxchuc,16.7833,-92.2833,Mexico,54932,,,,,
Corby,52.4877,-0.7013,United Kingdom,54927,,,,,
Nāndod,21.8706,73.5028,India,54923,,,,,
Tivoli,41.9667,12.8,Italy,54916,,,,,
Acıpayam,37.425,29.3539,Turkey,54888,,,,,
Macaíba,-5.8578,-35.3539,Brazil,54883,,,,,
Luquembo,-10.7333,17.8833,Angola,54880,,,,,
Canterbury,51.28,1.08,United Kingdom,54880,,,,,
Daxing,22.9968,102.395,China,54872,,,,,
Pithāpuram,17.1167,82.2667,India,54859,,,,,
Queensburgh,-29.8667,30.9333,South Africa,54846,,,,,
Yenişehir,40.2644,29.6531,Turkey,54844,,,,,
Minamiuonuma,37.0655,138.8761,Japan,54820,,,,,
Beaumont,33.9076,-116.9766,United States,54817,,,,,
Khurai,24.0437,78.3301,India,54794,,,,,
Świdnica,50.85,16.4833,Poland,54792,,,,,
San Jacinto,33.797,-116.9916,United States,54756,,,,,
Tacuarembó,-31.7333,-55.9833,Uruguay,54755,,,,,
Punganūru,13.3667,78.5833,India,54746,,,,,
Trenčín,48.8919,18.0367,Slovakia,54740,,,,,
Wellingborough,52.3028,-0.6944,United Kingdom,54733,,,,,
Hidaka,35.9078,139.3391,Japan,54728,,,,,
Bhamo,24.2667,97.2333,Burma,54721,,,,,
Piedade,-23.7119,-47.4278,Brazil,54717,,,,,
Huesca,42.1333,-0.4167,Spain,54704,,,,,
Jelgava,56.6522,23.7244,Latvia,54701,,,,,
El Kef,36.1822,8.7147,Tunisia,54701,,,,,
Nargol,20.233,72.75,India,54700,,,,,
La Roche-sur-Yon,46.6705,-1.426,France,54699,,,,,
Barranqueras,-27.4833,-58.9333,Argentina,54698,,,,,
Montenegro,-29.6889,-51.4608,Brazil,54692,,,,,
Santa Cruz,13.48,122.03,Philippines,54692,,,,,
Chaiwu,39.6556,116.6292,China,54690,,,,,
Belén de Escobar,-34.3333,-58.8167,Argentina,54678,,,,,
Sarpsborg,59.2839,11.1096,Norway,54678,,,,,
Phuthaditjhaba,-28.5333,28.8167,South Africa,54661,,,,,
Carigara,11.3,124.68,Philippines,54656,,,,,
Sara,11.25,123.02,Philippines,54637,,,,,
Wetzlar,50.5667,8.5,Germany,54629,,,,,
Chone,-0.6833,-80.1,Ecuador,54629,,,,,
Hattingen,51.3992,7.1858,Germany,54620,,,,,
Pila,14.23,121.37,Philippines,54613,,,,,
Chota,-6.5614,-78.6486,Peru,54611,,,,,
Annaka,36.3263,138.8871,Japan,54607,,,,,
Ghātāl,22.67,87.72,India,54591,,,,,
Terneuzen,51.3333,3.8333,Netherlands,54589,,,,,
Bad Salzuflen,52.0833,8.7467,Germany,54585,,,,,
Palmares,-8.6828,-35.5919,Brazil,54584,,,,,
Tikhoretsk,45.8667,40.1333,Russia,54582,,,,,
Choshi,35.7346,140.8268,Japan,54570,,,,,
Santa Elena,-2.2267,-80.8583,Ecuador,54565,,,,,
Giurgiu,43.9008,25.9739,Romania,54551,,,,,
Sāgar,14.1667,75.0333,India,54550,,,,,
Mūndka,28.6794,77.0284,India,54541,,,,,
Yenangyaung,20.4597,94.8742,Burma,54535,,,,,
Jinchang,38.4858,112.9643,China,54533,,,,,
Masinloc,15.53,119.95,Philippines,54529,,,,,
Plainfield,40.6154,-74.4157,United States,54515,,,,,
Pontevedra,10.37,122.88,Philippines,54502,,,,,
West Sacramento,38.5557,-121.5505,United States,54496,,,,,
Trento,8.05,126.06,Philippines,54492,,,,,
Jalapa,13.9167,-86.1333,Nicaragua,54491,,,,,
Marana,32.4355,-111.1558,United States,54487,,,,,
Ortaca,36.8389,28.7644,Turkey,54478,,,,,
Douar Ain Chkef,33.9652,-5.288,Morocco,54477,,,,,
Kampen,52.55,5.9,Netherlands,54474,,,,,
Ensenada,-34.8644,-57.9103,Argentina,54463,,,,,
Békéscsaba,46.6833,21.0833,Hungary,54460,,,,,
Antanifotsy,-19.6641,47.3207,Madagascar,54448,,,,,
Nihonmatsu,37.5849,140.4312,Japan,54447,,,,,
Kouri,12.1833,-4.8031,Mali,54435,,,,,
Capitão Poço,-1.7464,-47.0594,Brazil,54425,,,,,
Mbulungu,-6.0667,21.9,Congo (Kinshasa),54424,,,,,
Tapas,11.2622,122.5369,Philippines,54423,,,,,
Tiruvallūr,13.1231,79.912,India,54416,,,,,
Bārāmati,18.15,74.58,India,54415,,,,,
Passau,48.5744,13.4647,Germany,54401,,,,,
Caojia,27.8197,111.3364,China,54400,,,,,
Sittingbourne,51.34,0.74,United Kingdom,54392,,,,,
Konan,35,136.0833,Japan,54392,,,,,
Karak,-0.5298,101.5721,Indonesia,54381,,,,,
Chelles,48.8833,2.6,France,54372,,,,,
San Isidro,15.3097,120.9069,Philippines,54372,,,,,
Dikwella South,5.9667,80.6833,Sri Lanka,54370,,,,,
Medianeira,-25.295,-54.0939,Brazil,54369,,,,,
Polevskoy,56.45,60.1833,Russia,54364,,,,,
Javānrūd,34.8078,46.4939,Iran,54354,,,,,
Yucaipa,34.0336,-117.0429,United States,54348,,,,,
Shidong,23.6873,111.9296,China,54347,,,,,
Shidongcun,23.6193,112.0701,China,54347,,,,,
Sakurai,34.5186,135.8433,Japan,54346,,,,,
Islāmpur,26.27,88.2,India,54340,,,,,
Umm Qurūn,25.25,51.3732,Qatar,54339,,,,,
Ruma,45.0031,19.8289,Serbia,54339,,,,,
Bełchatów,51.3667,19.3667,Poland,54338,,,,,
Morsott,35.6667,8.0167,Algeria,54332,,,,,
Sidhi,24.42,81.88,India,54331,,,,,
Rāhuri,19.38,74.65,India,54325,,,,,
Sado,38.0183,138.3683,Japan,54304,,,,,
Zelenogorsk,56.1,94.5833,Russia,54279,,,,,
San Manuel,16.0656,120.6667,Philippines,54271,,,,,
Kızılpınar,41.2667,27.9667,Turkey,54268,,,,,
Paraćin,43.8667,21.4167,Serbia,54267,,,,,
Cornillon,18.6755,-71.9527,Haiti,54254,,,,,
Kapchagay,43.8833,77.0833,Kazakhstan,54245,,,,,
Valle del Guamuez,0.4253,-76.9053,Colombia,54237,,,,,
Ankadinondry-Sakay,-18.9667,46.45,Madagascar,54217,,,,,
Rotorua,-38.1378,176.2514,New Zealand,54204,,,,,
San Benito,16.9167,-89.9,Guatemala,54189,,,,,
Don Bosco,14.4817,121.0258,Philippines,54188,,,,,
Peabody,42.5335,-70.9725,United States,54180,,,,,
Hashtpar,37.7975,48.9042,Iran,54178,,,,,
Rocky Mount,35.9685,-77.804,United States,54175,,,,,
Kāsaragod,12.5,75,India,54172,,,,,
Sefrou,33,49,Morocco,54163,,,,,
Frenda,35.0667,1.05,Algeria,54162,,,,,
Texas City,29.4154,-94.9682,United States,54159,,,,,
Bristol,40.1216,-74.8667,United States,54153,,,,,
Liski,50.9667,39.5167,Russia,54147,,,,,
Bir Ali Ben Khalifa,34.7339,10.1,Tunisia,54143,,,,,
Balykchy,42.4603,76.1872,Kyrgyzstan,54132,,,,,
Ixhuatlán de Madero,20.6833,-98.0167,Mexico,54132,,,,,
San Bartolomé,27.9256,-15.5725,Spain,54116,,,,,
Kentwood,42.8852,-85.5926,United States,54114,,,,,
Louang Namtha,20.95,101.4,Laos,54100,,,,,
Lower Paxton,40.3183,-76.7983,United States,54088,,,,,
Mariano Acosta,-34.7167,-58.7833,Argentina,54081,,,,,
Jalor,25.35,72.62,India,54081,,,,,
Tarma,-11.4186,-75.6908,Peru,54078,,,,,
Cholet,47.06,-0.8783,France,54074,,,,,
Samāna,30.15,76.19,India,54072,,,,,
Chèddra,13.4428,16.0508,Chad,54072,,,,,
Kunnamkulam,10.65,76.08,India,54071,,,,,
Palmaner,13.2,78.75,India,54035,,,,,
Xihu,23.9594,120.48,Taiwan,54033,,,,,
Jālākāti,22.6409,90.1988,Bangladesh,54029,,,,,
Deolāli,19.951,73.834,India,54027,,,,,
Ribeira do Pombal,-10.8339,-38.5358,Brazil,54010,,,,,
Juanjuí,-7.1802,-76.7265,Peru,54006,,,,,
Tagkawayan,13.97,122.53,Philippines,54003,,,,,
Ghōriyān,34.34,61.47,Afghanistan,54000,,,,,
Jihong,32.6972,111.7928,China,54000,,,,,
Kennedy Town,22.28,114.125,Hong Kong,54000,,,,,
Titay,7.8703,122.5594,Philippines,53994,,,,,
Puerto Libertador,7.9067,-75.6733,Colombia,53990,,,,,
Jihlava,49.4003,15.5906,Czechia,53986,,,,,
Minalabac,13.57,123.1844,Philippines,53981,,,,,
Druzhkivka,48.6214,37.5278,Ukraine,53977,,,,,
Umred,20.85,79.33,India,53971,,,,,
Şabbāshahr,35.5817,51.1119,Iran,53971,,,,,
Bandar-e Torkaman,36.9014,54.0736,Iran,53970,,,,,
Hamura,35.7672,139.3109,Japan,53970,,,,,
Chenab Nagar,31.7528,72.9222,Pakistan,53965,,,,,
Sohna,28.25,77.07,India,53962,,,,,
Cheremkhovo,53.15,103.0833,Russia,53958,,,,,
Chilibre,9.154,-79.6202,Panama,53955,,,,,
Manhattan,39.1886,-96.6048,United States,53951,,,,,
Frýdek-Místek,49.6856,18.3506,Czechia,53938,,,,,
Vigan,17.5747,120.3869,Philippines,53935,,,,,
Tikhvin,59.65,33.5333,Russia,53932,,,,,
Neustadt,49.35,8.15,Germany,53920,,,,,
Manicoré,-5.8089,-61.3,Brazil,53914,,,,,
Chaniá,35.5167,24.0167,Greece,53910,,,,,
An Nimāş,19.1455,42.1201,Saudi Arabia,53908,,,,,
Manfredonia,41.6333,15.9167,Italy,53902,,,,,
Cabagan,17.43,121.77,Philippines,53897,,,,,
Bacaadweyn,7.1919,47.5261,Somalia,53890,,,,,
Ḩajjah,15.695,43.5975,Yemen,53887,,,,,
Chenārān,36.6406,59.1186,Iran,53879,,,,,
Bījār,35.8729,47.5993,Iran,53871,,,,,
Iganga,0.615,33.485,Uganda,53870,,,,,
Impasugong,8.3028,125.0014,Philippines,53863,,,,,
Pārvatipuram,18.78,83.425,India,53844,,,,,
Ban Om Noi,13.7001,100.3241,Thailand,53821,,,,,
Elda,38.4789,-0.7967,Spain,53818,,,,,
Ullāl,12.8149,74.8429,India,53808,,,,,
Magpet,7.12,125.12,Philippines,53800,,,,,
Juigalpa,12.1,-85.3667,Nicaragua,53798,,,,,
Colton,34.0538,-117.3255,United States,53798,,,,,
Kitaotao,7.6406,125.0086,Philippines,53796,,,,,
Dholka,22.72,72.47,India,53792,,,,,
Louangphabang,19.89,102.1347,Laos,53792,,,,,
Ottappālam,10.77,76.38,India,53790,,,,,
Registro,-24.4878,-47.8439,Brazil,53752,,,,,
Aspen Hill,39.0927,-77.0826,United States,53752,,,,,
Diamond Bar,33.9992,-117.8161,United States,53750,,,,,
São Francisco do Sul,-26.2433,-48.6381,Brazil,53746,,,,,
Zongo,4.3433,18.5928,Congo (Kinshasa),53743,,,,,
Wayne,40.9481,-74.2453,United States,53729,,,,,
Cangola,-7.9667,15.8667,Angola,53720,,,,,
A Yun Pa,13.3939,108.4408,Vietnam,53720,,,,,
Ibiza,38.9089,1.4328,Spain,53717,,,,,
Funato,34.25,135.3167,Japan,53714,,,,,
Corbeil-Essonnes,48.6139,2.482,France,53712,,,,,
Gazipaşa,36.2728,32.3131,Turkey,53702,,,,,
San Francisco Menéndez,13.8425,-90.0167,El Salvador,53692,,,,,
Upata,8.0204,-62.41,Venezuela,53685,,,,,
Hadali,32.2922,72.1922,Pakistan,53669,,,,,
Mora,11.05,14.15,Cameroon,53667,,,,,
Howell,40.1819,-74.1976,United States,53661,,,,,
Huntington Park,33.98,-118.2167,United States,53658,,,,,
Manjeri,11.1202,76.12,India,53650,,,,,
Alcobaça,39.5522,-8.9775,Portugal,53649,,,,,
Kongoussi,13.3333,-1.5333,Burkina Faso,53641,,,,,
Évry,48.6238,2.4296,France,53641,,,,,
Millcreek,42.0859,-80.1194,United States,53634,,,,,
Al Majāridah,19.1236,41.9111,Saudi Arabia,53629,,,,,
Ashta,23.0175,76.7221,India,53628,,,,,
Narva,59.3758,28.1961,Estonia,53626,,,,,
Gisenyi,-1.7,29.25,Rwanda,53603,,,,,
Évora,38.5667,-7.9,Portugal,53591,,,,,
San Juan,10.65,-61.45,Trinidad and Tobago,53588,,,,,
Épinay-sur-Seine,48.9553,2.3092,France,53564,,,,,
Dimitrovgrad,42.05,25.6,Bulgaria,53557,,,,,
Ilindu Kothi,32.1461,76.2784,India,53543,,,,,
Bisceglie,41.2409,16.5021,Italy,53534,,,,,
Kāliyāganj,25.63,88.32,India,53530,,,,,
Jaggayyapeta,16.892,80.0976,India,53530,,,,,
Neryungri,56.6833,124.6667,Russia,53526,,,,,
Brits,-25.6344,27.7811,South Africa,53511,,,,,
Morondava,-20.2833,44.2833,Madagascar,53510,,,,,
Modica,36.8672,14.7614,Italy,53503,,,,,
Marechal Cândido Rondon,-24.5561,-54.0567,Brazil,53495,,,,,
Ilgın,38.2792,31.9139,Turkey,53489,,,,,
Travnik,44.2264,17.6597,Bosnia and Herzegovina,53482,,,,,
Extrema,-22.855,-46.3178,Brazil,53482,,,,,
Hongshandian,27.5736,112.0158,China,53475,,,,,
Ajuy,11.1725,123.0196,Philippines,53462,,,,,
Chystiakove,48.0219,38.6264,Ukraine,53462,,,,,
Pasacao,13.5103,123.0419,Philippines,53461,,,,,
Kleve,51.79,6.14,Germany,53458,,,,,
Wheaton,41.8561,-88.1085,United States,53453,,,,,
Marco de Canavezes,41.1833,-8.15,Portugal,53450,,,,,
Popeşti-Leordeni,44.38,26.17,Romania,53434,,,,,
Goālpāra,26.17,90.62,India,53430,,,,,
Cuenca,40.0667,-2.15,Spain,53429,,,,,
Sibonga,10.03,123.57,Philippines,53424,,,,,
Pinellas Park,27.8589,-82.7078,United States,53423,,,,,
Dilovası,40.7797,29.535,Turkey,53416,,,,,
Santa Lucía,21.0281,-75.9964,Cuba,53408,,,,,
Chortoq,41.0689,71.8153,Uzbekistan,53400,,,,,
Mutsu,41.2928,141.1836,Japan,53393,,,,,
Liberia,10.6333,-85.4333,Costa Rica,53382,,,,,
Yaguajay,22.3303,-79.2369,Cuba,53375,,,,,
Shāhpur,16.7,76.83,India,53366,,,,,
Aloha,45.492,-122.8725,United States,53362,,,,,
Guiuan,11.03,125.73,Philippines,53361,,,,,
Tutóia,-2.7619,-42.2739,Brazil,53356,,,,,
Granja,-3.12,-40.8258,Brazil,53344,,,,,
Bhongīr,17.51,78.89,India,53339,,,,,
Chaozhou,22.55,120.5333,Taiwan,53338,,,,,
Tōkamachi,37.1333,138.75,Japan,53333,,,,,
Keighley,53.867,-1.911,United Kingdom,53331,,,,,
Oak Park,41.8872,-87.7899,United States,53315,,,,,
Bayonne,43.49,-1.48,France,53312,,,,,
Gorkhā,28,84.6333,Nepal,53285,,,,,
Ahlen,51.7633,7.8911,Germany,53278,,,,,
Montesilvano,42.5119,14.1373,Italy,53275,,,,,
Tame,6.4667,-71.7333,Colombia,53266,,,,,
Inhumas,-16.3578,-49.4961,Brazil,53259,,,,,
Minnetonka,44.9322,-93.4598,United States,53256,,,,,
Dongshan,24.6319,121.7539,Taiwan,53235,,,,,
Amalāpuram,16.5787,82.0061,India,53231,,,,,
Tokmok,42.839,75.291,Kyrgyzstan,53231,,,,,
Yangmei,22.8728,112.7802,China,53224,,,,,
Kunnamangalam,11.3064,75.8789,India,53223,,,,,
Bakhtiyārpur,25.459,85.539,India,53223,,,,,
Twin Falls,42.5645,-114.4613,United States,53219,,,,,
Legionowo,52.4,20.8833,Poland,53216,,,,,
San Vicente,13.6453,-88.7842,El Salvador,53213,,,,,
La Gomera,14.0833,-91.05,Guatemala,53211,,,,,
Qingan,46.8719,127.5118,China,53206,,,,,
Estancia,11.45,123.15,Philippines,53200,,,,,
Kabale,-1.25,29.99,Uganda,53200,,,,,
Hamilton,55.777,-4.039,United Kingdom,53188,,,,,
Dongsheng,29.7139,112.53,China,53184,,,,,
Bitonto,41.1083,16.6917,Italy,53168,,,,,
Barbosa,6.439,-75.333,Colombia,53167,,,,,
Patancheruvu,17.5333,78.2645,India,53160,,,,,
Capivari,-22.995,-47.5078,Brazil,53152,,,,,
Lubuk Sikaping,0.15,100.1667,Indonesia,53150,,,,,
Pinotepa,16.3401,-98.053,Mexico,53148,,,,,
Barobo,8.5292,126.1217,Philippines,53146,,,,,
Rondon do Pará,-4.7758,-48.0669,Brazil,53143,,,,,
Vikārābād,17.33,77.9,India,53143,,,,,
Asunción Mita,14.3333,-89.7167,Guatemala,53141,,,,,
Molave,8.0933,123.485,Philippines,53140,,,,,
Frechen,50.9167,6.8167,Germany,53128,,,,,
Bāruipur,22.3607,88.4323,India,53128,,,,,
Lozova,48.8833,36.3833,Ukraine,53126,,,,,
Edina,44.8914,-93.3602,United States,53125,,,,,
Beberibe,-4.18,-38.1308,Brazil,53114,,,,,
Deva,45.8781,22.9144,Romania,53113,,,,,
Hereford,52.056,-2.716,United Kingdom,53112,,,,,
Dandarah,26.1422,32.6697,Egypt,53109,,,,,
Dunfermline,56.0719,-3.4393,United Kingdom,53100,,,,,
Lucban,14.1133,121.5569,Philippines,53091,,,,,
Zaragoza,15.4492,120.7933,Philippines,53090,,,,,
San Manuel,15.3318,-87.9194,Honduras,53083,,,,,
Westchester,25.7471,-80.3523,United States,53082,,,,,
Sagua la Grande,22.8086,-80.0711,Cuba,53077,,,,,
Itapagé,-3.6867,-39.5861,Brazil,53067,,,,,
Puttūr,12.7648,75.1842,India,53061,,,,,
Puttūr,13.45,79.55,India,53061,,,,,
Lysva,58.1003,57.8042,Russia,53057,,,,,
Cruz das Almas,-12.67,-39.1019,Brazil,53049,,,,,
Methuen Town,42.734,-71.1889,United States,53043,,,,,
Saint-Ouen,48.9123,2.3342,France,53041,,,,,
Naka,36.4574,140.4868,Japan,53035,,,,,
Wolfenbüttel,52.1622,10.5369,Germany,53034,,,,,
Mahmutlar,36.4928,32.0992,Turkey,53034,,,,,
Mahmutlar,36.4928,32.0992,Turkey,53034,,,,,
Bitlis,38.4,42.1083,Turkey,53023,,,,,
Safranbolu,41.2494,32.6833,Turkey,52999,,,,,
Saint-Quentin,49.8486,3.2864,France,52995,,,,,
Aurora,7.9484,123.5819,Philippines,52995,,,,,
Bad Kreuznach,49.85,7.8667,Germany,52989,,,,,
At Tawāhī,12.7833,44.9833,Yemen,52984,,,,,
San Estanislao,-24.6657,-56.4467,Paraguay,52983,,,,,
Bloomfield,40.8098,-74.1869,United States,52974,,,,,
Manglaur,29.8,77.87,India,52971,,,,,
Beloeil,45.5667,-73.2,Canada,52959,,,,,
Simojovel de Allende,17.15,-92.7167,Mexico,52935,,,,,
Kadiolo,10.55,-5.7667,Mali,52932,,,,,
Bagheria,38.0833,13.5,Italy,52928,,,,,
Hyosha,0.6975,29.5197,Congo (Kinshasa),52921,,,,,
Tilhar,27.9628,79.7383,India,52909,,,,,
Normal,40.5217,-88.9884,United States,52908,,,,,
Xincheng,39.9883,112.4673,China,52903,,,,,
Buenavista,10.7,122.63,Philippines,52899,,,,,
Xinguara,-7.095,-49.9458,Brazil,52893,,,,,
Sultānganj,25.246,86.738,India,52892,,,,,
Congonhas,-20.5,-43.8578,Brazil,52890,,,,,
Megion,61.0331,76.1097,Russia,52887,,,,,
Tiruvalla,9.3856,76.5756,India,52883,,,,,
Kandıra,41.0722,30.1611,Turkey,52874,,,,,
Cagnes-sur-Mer,43.6644,7.1489,France,52852,,,,,
‘Alīābād-e Katūl,36.9075,54.8667,Iran,52838,,,,,
Elyria,41.376,-82.106,United States,52833,,,,,
Xingcheng,40.1431,118.3008,China,52814,,,,,
Siena,43.3183,11.3314,Italy,52812,,,,,
Gallarate,45.6649,8.7914,Italy,52811,,,,,
Timbaúba,-7.5053,-35.3183,Brazil,52802,,,,,
San Remo,43.8175,7.775,Italy,52787,,,,,
Lorica,9.2419,-75.816,Colombia,52771,,,,,
Usa,33.5319,131.3494,Japan,52767,,,,,
Harrismith,-28.2833,29.1333,South Africa,52765,,,,,
São Francisco,-15.9489,-44.8639,Brazil,52762,,,,,
Grand Island,40.9218,-98.3586,United States,52761,,,,,
Ksar Chellala,35.2167,2.3167,Algeria,52753,,,,,
Beihu,38.1559,114.809,China,52752,,,,,
Pigcawayan,7.28,124.43,Philippines,52744,,,,,
Hanyū,36.1726,139.5485,Japan,52740,,,,,
Ouenza,35.95,8.1333,Algeria,52737,,,,,
Jette,50.8667,4.3333,Belgium,52728,,,,,
Lagoa da Prata,-20.0225,-45.5436,Brazil,52711,,,,,
Pabbi,34.01,71.7975,Pakistan,52701,,,,,
Woerden,52.0833,4.8833,Netherlands,52694,,,,,
Novato,38.092,-122.5575,United States,52689,,,,,
Ibbenbüren,52.2778,7.7167,Germany,52688,,,,,
Venkatagiri,13.9667,79.5833,India,52688,,,,,
Hamtic,10.7,121.98,Philippines,52685,,,,,
Paracambi,-22.6083,-43.7083,Brazil,52683,,,,,
Bozova,37.3628,38.5256,Turkey,52680,,,,,
Sidi Mohamed Lahmar,34.7167,-6.2667,Morocco,52679,,,,,
Temsia,30.36,-9.414,Morocco,52663,,,,,
North Bay,46.3,-79.45,Canada,52662,,,,,
Lancaster,54.0489,-2.8014,United Kingdom,52660,,,,,
Pôrto Ferreira,-21.8539,-47.4789,Brazil,52649,,,,,
Fontenay-sous-Bois,48.8517,2.4772,France,52646,,,,,
Quezaltepeque,13.8333,-89.2667,El Salvador,52643,,,,,
San José Villa de Allende,19.3747,-100.1475,Mexico,52641,,,,,
Kobryn,52.2167,24.3667,Belarus,52635,,,,,
Tramandaí,-29.9847,-50.1336,Brazil,52632,,,,,
Kahnūj,27.9406,57.6992,Iran,52624,,,,,
Yaozhuangcun,30.9113,120.9573,China,52619,,,,,
Minami-Sōma,37.6422,140.9573,Japan,52619,,,,,
San Joaquin,10.6,122.08,Philippines,52617,,,,,
Zhangjiazhuang,38.2487,114.8675,China,52604,,,,,
Zhangjiazhuangcun,38.1753,114.7394,China,52604,,,,,
Sihor,21.7,71.97,India,52603,,,,,
Bani,16.1869,119.8592,Philippines,52603,,,,,
Pola de Siero,43.3833,-5.65,Spain,52593,,,,,
Tizimín,21.1425,-88.1647,Mexico,52593,,,,,
Brentwood,51.62,0.305,United Kingdom,52586,,,,,
Roskilde,55.65,12.0833,Denmark,52580,,,,,
Nerkunram,13.0619,80.2094,India,52570,,,,,
Paramount,33.8977,-118.1651,United States,52546,,,,,
Lalian,31.8253,72.8027,Pakistan,52542,,,,,
Guernica,-34.9167,-58.3833,Argentina,52529,,,,,
Velletri,41.6667,12.7833,Italy,52528,,,,,
President Roxas,7.1544,125.0558,Philippines,52512,,,,,
Burauen,10.98,124.9,Philippines,52511,,,,,
Macclesfield,53.25,-2.13,United Kingdom,52508,,,,,
Tlacotepec,18.6882,-97.6489,Mexico,52508,,,,,
Villareal,39.9378,-0.1014,Spain,52505,,,,,
Neibu,22.65,120.5875,Taiwan,52504,,,,,
An Nabk,34.017,36.7333,Syria,52502,,,,,
Qabqa,36.2667,100.6167,China,52500,,,,,
Bamei,24.3166,105.038,China,52500,,,,,
Thongwa,16.7547,96.5193,Burma,52496,,,,,
Pacora,9.08,-79.28,Panama,52494,,,,,
Badūria,22.74,88.79,India,52493,,,,,
Dauis,9.625,123.865,Philippines,52492,,,,,
El Rama,12.3333,-84.6667,Nicaragua,52482,,,,,
Claveria,8.61,124.8947,Philippines,52478,,,,,
Bârlad,46.2167,27.6667,Romania,52475,,,,,
Sironj,24.1031,77.6905,India,52460,,,,,
San Miguel Ixtahuacán,15.25,-91.75,Guatemala,52452,,,,,
Vaulx-en-Velin,45.7768,4.9186,France,52448,,,,,
Kyle,29.9932,-97.8852,United States,52439,,,,,
Padangpanjang,-0.45,100.4167,Indonesia,52422,,,,,
Altrincham,53.3838,-2.3547,United Kingdom,52419,,,,,
Dar Chabanne,36.47,10.75,Tunisia,52406,,,,,
Coronel Oviedo,-25.45,-56.44,Paraguay,52400,,,,,
Jangaon,17.7227,79.1518,India,52394,,,,,
Miyakojima,24.8056,125.2811,Japan,52390,,,,,
Charlottetown,46.2403,-63.1347,Canada,52390,,,,,
Placentia,33.8807,-117.8553,United States,52384,,,,,
Marechal Deodoro,-9.7103,-35.895,Brazil,52380,,,,,
El Carmen,-0.2736,-79.4597,Ecuador,52366,,,,,
Daudnagar,25.03,84.4,India,52364,,,,,
Ibajay,11.8211,122.1617,Philippines,52364,,,,,
Paraíso do Tocantins,-10.1758,-48.8669,Brazil,52360,,,,,
Jiyyammavalasa,18.8186,83.5797,India,52360,,,,,
Zalău,47.1911,23.0572,Romania,52359,,,,,
Mandamāri,18.9822,79.4811,India,52352,,,,,
Mae Sot,16.7131,98.5747,Thailand,52350,,,,,
Sidi Bouzid,35.0381,9.4858,Tunisia,52339,,,,,
Lakhminia,25.4126,86.3253,India,52328,,,,,
Aïn Sefra,32.75,-0.5833,Algeria,52320,,,,,
Sison,16.17,120.52,Philippines,52320,,,,,
Krasnokamensk,50.1,118.0333,Russia,52299,,,,,
Ellenabad,29.45,74.65,India,52285,,,,,
Hrazdan,40.5,44.7667,Armenia,52283,,,,,
Mollet,41.539,2.213,Spain,52283,,,,,
Akbou,36.4667,4.5333,Algeria,52282,,,,,
Campo Belo,-20.8969,-45.2769,Brazil,52277,,,,,
Delmiro Gouveia,-9.3886,-37.9992,Brazil,52262,,,,,
Taquaritinga,-21.4058,-48.505,Brazil,52260,,,,,
Enerhodar,47.4989,34.6558,Ukraine,52237,,,,,
Rincón de la Victoria,36.7167,-4.2833,Spain,52230,,,,,
Óbidos,-1.9178,-55.5178,Brazil,52229,,,,,
Lautoka,-17.6242,177.4528,Fiji,52220,,,,,
Pula,44.8703,13.8456,Croatia,52220,,,,,
San Pablo,14.9333,-92,Guatemala,52217,,,,,
Taxco de Alarcón,18.5564,-99.605,Mexico,52217,,,,,
Korāput,18.812,82.7105,India,52203,,,,,
Mudhol,16.35,75.2833,India,52199,,,,,
Avellino,40.9153,14.7897,Italy,52198,,,,,
Plottier,-38.95,-68.2333,Argentina,52190,,,,,
Naguilian,16.53,120.4,Philippines,52189,,,,,
Victoria,13.1719,121.2756,Philippines,52175,,,,,
Utrera,37.183,-5.767,Spain,52173,,,,,
Wheaton,39.0492,-77.0573,United States,52172,,,,,
Volzhsk,55.8703,48.3561,Russia,52164,,,,,
Ålesund,62.4723,6.1549,Norway,52163,,,,,
Uriangato,20.1333,-101.1667,Mexico,52156,,,,,
Bato,13.3578,123.3678,Philippines,52155,,,,,
Jūrmala,56.9665,23.7221,Latvia,52154,,,,,
Antratsyt,48.1192,39.09,Ukraine,52150,,,,,
El Tumbador,14.8667,-91.9333,Guatemala,52144,,,,,
Kendale Lakes,25.7081,-80.4078,United States,52141,,,,,
Gaoyi,37.6069,114.6088,China,52129,,,,,
Bhajani,28.4924,80.9753,Nepal,52128,,,,,
Acará,-1.9608,-48.1969,Brazil,52126,,,,,
Phaltan,17.98,74.43,India,52118,,,,,
Shiraoka,36.0191,139.6769,Japan,52103,,,,,
Buíque,-8.6233,-37.1564,Brazil,52097,,,,,
Böblingen,48.6856,9.0153,Germany,52093,,,,,
Acatzingo,18.9817,-97.7822,Mexico,52078,,,,,
Diu,20.7158,70.9858,India,52074,,,,,
Lengquancun,39.9431,116.0886,China,52072,,,,,
Portici,40.8197,14.3411,Italy,52054,,,,,
Ampanihy,-24.6888,44.7483,Madagascar,52053,,,,,
Cathedral City,33.8362,-116.4642,United States,52047,,,,,
Ālbū Kamāl,34.4504,40.9186,Syria,52020,,,,,
Chajul,15.4872,-91.0347,Guatemala,52019,,,,,
Pontes e Lacerda,-15.2258,-59.335,Brazil,52018,,,,,
Thomazeau,18.653,-72.0939,Haiti,52017,,,,,
Tangkak,2.2673,102.5453,Malaysia,52014,,,,,
Caetité,-14.0689,-42.475,Brazil,52012,,,,,
Yendi,9.4337,-0.0167,Ghana,52008,,,,,
Dungu,3.6167,28.5667,Congo (Kinshasa),52000,,,,,
Takeo,10.9833,104.7833,Cambodia,52000,,,,,
Ambohibary,-19.6176,47.1398,Madagascar,52000,,,,,
Slavyansk-na-Kubani,45.25,38.1167,Russia,52000,,,,,
Ad Dabbah,18.05,30.95,Sudan,52000,,,,,
Shiogama,38.3144,141.022,Japan,51999,,,,,
Huamantla,19.3133,-97.9228,Mexico,51996,,,,,
San Onofre,9.7333,-75.5333,Colombia,51991,,,,,
Khattan,33.3773,75.7254,India,51991,,,,,
Leon,10.7808,122.3894,Philippines,51990,,,,,
Rāwatbhāta,24.93,75.58,India,51965,,,,,
Vaisampākkal,9.4562,76.5241,India,51960,,,,,
Kumarankari,9.4596,76.4986,India,51960,,,,,
Ntoum,0.3905,9.761,Gabon,51954,,,,,
Tauá,-6.0028,-40.2928,Brazil,51948,,,,,
Piaseczno,52.0667,21.0167,Poland,51945,,,,,
Eilat,29.55,34.95,Israel,51935,,,,,
Muban Saeng Bua Thong,13.965,100.3924,Thailand,51932,,,,,
Mikkeli,61.689,27.272,Finland,51919,,,,,
Florissant,38.7996,-90.3269,United States,51915,,,,,
Santa Eulalia,15.7333,-91.4586,Guatemala,51910,,,,,
Mengmeng,23.465,99.8021,China,51908,,,,,
Santo Antônio do Descoberto,-15.94,-48.255,Brazil,51897,,,,,
Vernon,50.267,-119.272,Canada,51896,,,,,
San Luis de la Paz,21.3,-100.5167,Mexico,51894,,,,,
Liaquatpur,28.9353,70.9508,Pakistan,51888,,,,,
Bloxwich,52.614,-2.004,United Kingdom,51879,,,,,
Rumia,54.5667,18.4,Poland,51879,,,,,
Piekary Śląskie,50.3833,18.95,Poland,51876,,,,,
Imarichō-kō,33.2647,129.8808,Japan,51875,,,,,
San Gil,6.5592,-73.135,Colombia,51874,,,,,
Şa‘dah,16.94,43.7592,Yemen,51870,,,,,
Wangjiazhai,26.6895,104.8043,China,51869,,,,,
El Bagre,7.5942,-74.8119,Colombia,51862,,,,,
Tomiya,38.4,140.8833,Japan,51859,,,,,
Alytus,54.4,24.05,Lithuania,51856,,,,,
Padre Garcia,13.88,121.22,Philippines,51853,,,,,
Vila Real,41.2953,-7.7461,Portugal,51850,,,,,
Arwal,25.2442,84.6631,India,51849,,,,,
Gummersbach,51.0333,7.5667,Germany,51845,,,,,
Choma,-16.7711,26.9922,Zambia,51842,,,,,
Kardzhali,41.65,25.367,Bulgaria,51841,,,,,
Melo,-32.3667,-54.1833,Uruguay,51830,,,,,
Matta,35.0931,72.3097,Pakistan,51821,,,,,
M.Ə. Rəsulzadə,40.4344,49.8336,Azerbaijan,51800,,,,,
Rastatt,48.85,8.2,Germany,51800,,,,,
Zhushan,23.6889,120.7289,Taiwan,51800,,,,,
Palenque,17.4333,-91.8,Mexico,51797,,,,,
Covilhã,40.2833,-7.5,Portugal,51797,,,,,
São Gabriel da Cachoeira,-0.13,-67.0889,Brazil,51795,,,,,
Crosby,53.487,-3.034,United Kingdom,51789,,,,,
Ravensburg,47.7831,9.6114,Germany,51788,,,,,
Catalina Foothills,32.3046,-110.8838,United States,51756,,,,,
Palmas,-26.4842,-51.9906,Brazil,51755,,,,,
Sherpur,24.6765,89.4159,Bangladesh,51750,,,,,
Burla,21.5098,83.8726,India,51749,,,,,
Bom Despacho,-19.7358,-45.2519,Brazil,51737,,,,,
Gādarwāra,22.9235,78.7849,India,51736,,,,,
Caleta Olivia,-46.4333,-67.5333,Argentina,51733,,,,,
Baranoa,10.8,-74.9167,Colombia,51730,,,,,
Caldas da Rainha,39.4069,-9.1363,Portugal,51729,,,,,
Caramoan,13.7707,123.8631,Philippines,51728,,,,,
Pordenone,45.9626,12.6563,Italy,51725,,,,,
Belle-Anse,18.2377,-72.0664,Haiti,51707,,,,,
Guapimirim,-22.5369,-42.9819,Brazil,51696,,,,,
Pacatuba,-3.9839,-38.62,Brazil,51696,,,,,
Tamboril,19.48,-70.6,Dominican Republic,51695,,,,,
Pardigūda,17.3974,78.5783,India,51689,,,,,
Qalqīlyah,32.1897,34.9706,West Bank,51683,,,,,
West New York,40.7857,-74.0094,United States,51683,,,,,
Kālpi,26.12,79.73,India,51670,,,,,
Aguadulce,8.2415,-80.5398,Panama,51668,,,,,
Torrelavega,43.3531,-4.0458,Spain,51663,,,,,
Girardota,6.3764,-75.4473,Colombia,51662,,,,,
Civitavecchia,42.1,11.8,Italy,51653,,,,,
Baião,-2.7908,-49.6719,Brazil,51641,,,,,
Sevran,48.9333,2.5333,France,51640,,,,,
Pryluky,50.5892,32.3856,Ukraine,51637,,,,,
Lincoln,38.8774,-121.2937,United States,51629,,,,,
Santa Ignacia,15.62,120.43,Philippines,51626,,,,,
Alaminos,14.0635,121.2451,Philippines,51619,,,,,
Kulu,39.0892,33.0806,Turkey,51612,,,,,
Xanxerê,-26.8769,-52.4039,Brazil,51607,,,,,
Mulongo,-7.8333,27,Congo (Kinshasa),51603,,,,,
Huazangsi,36.9836,103.1265,China,51603,,,,,
Tijucas,-27.2408,-48.6339,Brazil,51592,,,,,
Irinjālakuda,10.3424,76.2112,India,51585,,,,,
Menggala,-4.475,105.2414,Indonesia,51574,,,,,
Sartrouville,48.9372,2.1644,France,51570,,,,,
Dunwoody,33.9418,-84.3122,United States,51563,,,,,
Kokstad,-30.5539,29.4269,South Africa,51561,,,,,
Ayutuxtepeque,13,44,El Salvador,51558,,,,,
Levittown,40.7241,-73.5125,United States,51557,,,,,
Tachilek,20.4528,99.8958,Burma,51553,,,,,
